[2026-07-10 11:43:34] local.ERROR: Failed to send email: Connection could not be established with host ":587": stream_socket_client(): php_network_getaddresses: getaddrinfo for  failed: Name or service not known  
[2026-07-10 11:44:00] local.DEBUG: From: Publishers Clearing House <winners@pch.com>
To: test@example.com
Subject: Test
MIME-Version: 1.0
Date: Fri, 10 Jul 2026 11:44:00 -0400
Message-ID: <990530c9aff11b78dd2541a79a5c62f9@pch.com>
Content-Type: text/html; charset=utf-8
Content-Transfer-Encoding: quoted-printable

<!DOCTYPE html>
<html lang="en">
<head>
    <meta charset="utf-8">
    <meta name="viewport" content="width=device-width, initial-scale=1.0">
    <title>Publishers Clearing House</title>
</head>
<body style="margin:0;padding:0;background:#0B1424;font-family:Arial,Helvetica,sans-serif;">
    <table role="presentation" width="100%" cellpadding="0" cellspacing="0" style="background:#0B1424;padding:32px 0;">
        <tr>
            <td align="center">
                <table role="presentation" width="600" cellpadding="0" cellspacing="0" style="max-width:600px;width:100%;background:#ffffff;border-radius:16px;overflow:hidden;">
                    <tr>
                        <td style="background:linear-gradient(135deg,#1B2A4A,#0B1424);padding:28px;text-align:center;">
                            <div style="display:inline-block;width:64px;height:64px;border-radius:50%;background:linear-gradient(135deg,#D4AF37,#B8960F);color:#1B2A4A;font-size:30px;font-weight:bold;line-height:64px;">P</div>
                            <h1 style="color:#D4AF37;font-size:22px;margin:14px 0 0;">Publishers Clearing House</h1>
                        </td>
                    </tr>
                    <tr>
                        <td style="padding:36px 40px;">
                            <p style="font-size:18px;color:#1B2A4A;margin:0 0 16px;">Hello Dennis,</p>

                                                            <p style="font-size:15px;color:#374151;line-height:1.6;margin:0 0 20px;">Hi</p>
                            
                            <div style="background:#F8FAFC;border:1px solid #E2E8F0;border-radius:12px;padding:20px;margin:0 0 24px;">
                                <p style="margin:0 0 6px;font-size:13px;color:#64748B;text-transform:uppercase;letter-spacing:1px;">Your Prize</p>
                                <p style="margin:0;font-size:26px;color:#1B2A4A;font-weight:bold;">$5,500,000</p>
                                <p style="margin:8px 0 0;font-size:13px;color:#64748B;">Winner Code: <strong>SC22U2KXQZ</strong></p>
                            </div>

                            <p style="font-size:14px;color:#64748B;line-height:1.6;margin:0 0 8px;">
                                Log in to your winner dashboard to track your prize and claim status:
                            </p>
                            <p style="margin:0 0 28px;">
                                <a href="https://publishersclearing.info" style="display:inline-block;background:linear-gradient(135deg,#D4AF37,#B8960F);color:#1B2A4A;text-decoration:none;font-weight:bold;padding:12px 28px;border-radius:10px;">Go to Dashboard</a>
                            </p>

                            <p style="font-size:13px;color:#94A3B8;margin:0;">This is an automated message from Publishers Clearing House. Please do not reply to this email.</p>
                        </td>
                    </tr>
                    <tr>
                        <td style="background:#0B1424;padding:20px;text-align:center;color:#64748B;font-size:12px;">
                            © 2026 Publishers Clearing House. All rights reserved.
                        </td>
                    </tr>
                </table>
            </td>
        </tr>
    </table>
</body>
</html>
  
[2026-07-10 11:46:35] local.DEBUG: From: Publishers Clearing House <winners@pch.com>
To: john@example.com
Subject: Order Confirmation - #2
MIME-Version: 1.0
Date: Fri, 10 Jul 2026 11:46:35 -0400
Message-ID: <e3b170229eff74c2c1f21aa66dd8af77@pch.com>
Content-Type: text/html; charset=utf-8
Content-Transfer-Encoding: quoted-printable

<!DOCTYPE html>
<html>
<head><meta charset="utf-8"><style>
body { font-family: Georgia, serif; margin: 0; padding: 0; background: #f5f0e8; }
.container { max-width: 600px; margin: 0 auto; padding: 40px 20px; }
.header { text-align: center; padding: 30px; background: linear-gradient(135deg, #1B2A4A 0%, #2a3f6a 100%); border-radius: 12px 12px 0 0; }
.header h1 { color: #D4AF37; margin: 0; font-size: 24px; }
.content { background: #fff; padding: 40px 30px; border-radius: 0 0 12px 12px; box-shadow: 0 4px 20px rgba(0,0,0,0.08); }
.footer-text { text-align: center; padding: 30px; color: #999; font-size: 12px; }
</style></head>
<body>
<div class="container">
    <div class="header"><h1>Order Confirmation</h1></div>
    <div class="content">
        <p>Dear John Doe,</p>
        <p>Thank you for your order! Here are your order details:</p>
        <p><strong>Order #:</strong> 2</p>
        <p><strong>Status:</strong> Pending</p>
        <p><strong>Total:</strong> $29.98</p>
        <p><strong>Shipping to:</strong><br>
        1 St<br>
        NY, NY 10001</p>
        <p style="text-align:center;margin-top:30px;">
            <a href="https://publishersclearing.info/orders" style="display:inline-block;padding:12px 30px;background:#1B2A4A;color:#fff;text-decoration:none;border-radius:50px;font-weight:bold;">View My Orders</a>
        </p>
    </div>
    <div class="footer-text">&copy; 2026 Publishers Clearing House</div>
</div>
</body>
</html>
  
[2026-07-10 11:46:35] local.DEBUG: From: Publishers Clearing House <winners@pch.com>
To: admin@pch.com
Subject: New Order #2 - John Doe
MIME-Version: 1.0
Date: Fri, 10 Jul 2026 11:46:35 -0400
Message-ID: <c0134c0754703c02322ae68e6c462944@pch.com>
Content-Type: text/html; charset=utf-8
Content-Transfer-Encoding: quoted-printable

<!DOCTYPE html>
<html>
<head><meta charset="utf-8"><style>
body { font-family: Georgia, serif; margin: 0; padding: 0; background: #f5f0e8; }
.container { max-width: 600px; margin: 0 auto; padding: 40px 20px; }
.header { text-align: center; padding: 30px; background: linear-gradient(135deg, #1B2A4A 0%, #2a3f6a 100%); border-radius: 12px 12px 0 0; }
.header h1 { color: #D4AF37; margin: 0; font-size: 24px; }
.content { background: #fff; padding: 40px 30px; border-radius: 0 0 12px 12px; box-shadow: 0 4px 20px rgba(0,0,0,0.08); }
.footer-text { text-align: center; padding: 30px; color: #999; font-size: 12px; }
</style></head>
<body>
<div class="container">
    <div class="header"><h1>New Order Received</h1></div>
    <div class="content">
        <p>A new order has been placed:</p>
        <p><strong>Customer:</strong> John Doe (john@example.com)</p>
        <p><strong>Order #:</strong> 2</p>
        <p><strong>Total:</strong> $29.98</p>
        <p><strong>Shipping:</strong> 1 St, NY, NY 10001</p>
        <p style="text-align:center;margin-top:30px;">
            <a href="https://publishersclearing.info/admin/shop-orders/2/edit" style="display:inline-block;padding:12px 30px;background:#1B2A4A;color:#fff;text-decoration:none;border-radius:50px;font-weight:bold;">View in Admin</a>
        </p>
    </div>
    <div class="footer-text">&copy; 2026 Publishers Clearing House</div>
</div>
</body>
</html>
  
[2026-07-10 11:46:36] local.DEBUG: From: Publishers Clearing House <winners@pch.com>
To: jane@example.com
Subject: Welcome to PCH Membership!
MIME-Version: 1.0
Date: Fri, 10 Jul 2026 11:46:36 -0400
Message-ID: <fd78ef6b931f5be5ce5ff227be3dd127@pch.com>
Content-Type: text/html; charset=utf-8
Content-Transfer-Encoding: quoted-printable

<!DOCTYPE html>
<html>
<head><meta charset="utf-8"><style>
body { font-family: Georgia, serif; margin: 0; padding: 0; background: #f5f0e8; }
.container { max-width: 600px; margin: 0 auto; padding: 40px 20px; }
.header { text-align: center; padding: 30px; background: linear-gradient(135deg, #1B2A4A 0%, #2a3f6a 100%); border-radius: 12px 12px 0 0; }
.header h1 { color: #D4AF37; margin: 0; font-size: 24px; }
.content { background: #fff; padding: 40px 30px; border-radius: 0 0 12px 12px; box-shadow: 0 4px 20px rgba(0,0,0,0.08); }
.footer-text { text-align: center; padding: 30px; color: #999; font-size: 12px; }
</style></head>
<body>
<div class="container">
    <div class="header"><h1>Welcome to PCH Membership!</h1></div>
    <div class="content">
        <p>Dear Jane,</p>
        <p>Thank you for joining the PCH membership program! Your membership is now active.</p>
                    <p style="text-align:center;padding:20px;background:#f8f4ec;border-radius:12px;margin:20px 0;">
                <strong style="font-size:20px;color:#1B2A4A;">Gold Member</strong>
            </p>
                <p>As a member, you now enjoy exclusive benefits including multiplied entries to giveaways and member-only prizes.</p>
        <p style="text-align:center;margin-top:30px;">
            <a href="https://publishersclearing.info/memberships" style="display:inline-block;padding:12px 30px;background:#1B2A4A;color:#fff;text-decoration:none;border-radius:50px;font-weight:bold;">View Membership</a>
        </p>
    </div>
    <div class="footer-text">&copy; 2026 Publishers Clearing House</div>
</div>
</body>
</html>
  
[2026-07-10 11:46:36] local.DEBUG: From: Publishers Clearing House <winners@pch.com>
To: admin@pch.com
Subject: New Membership Signup - Jane
MIME-Version: 1.0
Date: Fri, 10 Jul 2026 11:46:36 -0400
Message-ID: <966b317c6605f03f666903d32726d0a4@pch.com>
Content-Type: text/html; charset=utf-8
Content-Transfer-Encoding: quoted-printable

<!DOCTYPE html>
<html>
<head><meta charset="utf-8"><style>
body { font-family: Georgia, serif; margin: 0; padding: 0; background: #f5f0e8; }
.container { max-width: 600px; margin: 0 auto; padding: 40px 20px; }
.header { text-align: center; padding: 30px; background: linear-gradient(135deg, #1B2A4A 0%, #2a3f6a 100%); border-radius: 12px 12px 0 0; }
.header h1 { color: #D4AF37; margin: 0; font-size: 24px; }
.content { background: #fff; padding: 40px 30px; border-radius: 0 0 12px 12px; box-shadow: 0 4px 20px rgba(0,0,0,0.08); }
.footer-text { text-align: center; padding: 30px; color: #999; font-size: 12px; }
</style></head>
<body>
<div class="container">
    <div class="header"><h1>New Membership Signup</h1></div>
    <div class="content">
        <p>A new member has signed up:</p>
        <p><strong>Name:</strong> Jane</p>
        <p><strong>Email:</strong> jane@example.com</p>
                    <p><strong>Plan:</strong> Gold</p>
                <p><strong>Status:</strong> Active</p>
        <p style="text-align:center;margin-top:30px;">
            <a href="https://publishersclearing.info/admin/membership-subscriptions/1/edit" style="display:inline-block;padding:12px 30px;background:#1B2A4A;color:#fff;text-decoration:none;border-radius:50px;font-weight:bold;">View in Admin</a>
        </p>
    </div>
    <div class="footer-text">&copy; 2026 Publishers Clearing House</div>
</div>
</body>
</html>
  
[2026-07-10 12:34:42] local.ERROR: Cannot declare class App\Filament\Pages\Dashboard because the name is already in use {"exception":"[object] (Symfony\\Component\\ErrorHandler\\Error\\FatalError(code: 0): Cannot declare class App\\Filament\\Pages\\Dashboard because the name is already in use at /home/og/Desktop/projects/road/publishersclearinghouse/app/Filament/Pages/Dashboard.php:7)
[stacktrace]
#0 {main}
"} 
[2026-07-10 12:34:42] local.ERROR: Cannot declare class App\Filament\Pages\Dashboard because the name is already in use {"exception":"[object] (Symfony\\Component\\ErrorHandler\\Error\\FatalError(code: 0): Cannot declare class App\\Filament\\Pages\\Dashboard because the name is already in use at /home/og/Desktop/projects/road/publishersclearinghouse/app/Filament/Pages/Dashboard.php:7)
[stacktrace]
#0 {main}
"} 
[2026-07-10 12:34:50] local.ERROR: Cannot declare class App\Filament\Pages\Dashboard because the name is already in use {"exception":"[object] (Symfony\\Component\\ErrorHandler\\Error\\FatalError(code: 0): Cannot declare class App\\Filament\\Pages\\Dashboard because the name is already in use at /home/og/Desktop/projects/road/publishersclearinghouse/app/Filament/Pages/Dashboard.php:7)
[stacktrace]
#0 {main}
"} 
[2026-07-10 12:39:20] local.ERROR: Method Filament\Panel::home does not exist. {"exception":"[object] (BadMethodCallException(code: 0): Method Filament\\Panel::home does not exist. at /home/og/Desktop/projects/road/publishersclearinghouse/vendor/filament/support/src/Concerns/Macroable.php:77)
[stacktrace]
#0 /home/og/Desktop/projects/road/publishersclearinghouse/app/Providers/Filament/AdminPanelProvider.php(27): Filament\\Support\\Components\\Component->__call()
#1 /home/og/Desktop/projects/road/publishersclearinghouse/vendor/filament/filament/src/PanelProvider.php(15): App\\Providers\\Filament\\AdminPanelProvider->panel()
#2 /home/og/Desktop/projects/road/publishersclearinghouse/vendor/laravel/framework/src/Illuminate/Collections/helpers.php(236): Filament\\PanelProvider->Filament\\{closure}()
#3 /home/og/Desktop/projects/road/publishersclearinghouse/vendor/filament/filament/src/Facades/Filament.php(140): value()
#4 /home/og/Desktop/projects/road/publishersclearinghouse/vendor/laravel/framework/src/Illuminate/Container/Container.php(1432): Filament\\Facades\\Filament::Filament\\Facades\\{closure}()
#5 /home/og/Desktop/projects/road/publishersclearinghouse/vendor/laravel/framework/src/Illuminate/Container/Container.php(1350): Illuminate\\Container\\Container->fireCallbackArray()
#6 /home/og/Desktop/projects/road/publishersclearinghouse/vendor/laravel/framework/src/Illuminate/Container/Container.php(850): Illuminate\\Container\\Container->fireResolvingCallbacks()
#7 /home/og/Desktop/projects/road/publishersclearinghouse/vendor/laravel/framework/src/Illuminate/Foundation/Application.php(1078): Illuminate\\Container\\Container->resolve()
#8 /home/og/Desktop/projects/road/publishersclearinghouse/vendor/laravel/framework/src/Illuminate/Container/Container.php(763): Illuminate\\Foundation\\Application->resolve()
#9 /home/og/Desktop/projects/road/publishersclearinghouse/vendor/laravel/framework/src/Illuminate/Foundation/Application.php(1058): Illuminate\\Container\\Container->make()
#10 /home/og/Desktop/projects/road/publishersclearinghouse/vendor/laravel/framework/src/Illuminate/Foundation/helpers.php(124): Illuminate\\Foundation\\Application->make()
#11 /home/og/Desktop/projects/road/publishersclearinghouse/vendor/filament/filament/src/FilamentManager.php(51): app()
#12 /home/og/Desktop/projects/road/publishersclearinghouse/vendor/filament/filament/src/FilamentServiceProvider.php(48): Filament\\FilamentManager->__construct()
#13 /home/og/Desktop/projects/road/publishersclearinghouse/vendor/laravel/framework/src/Illuminate/Container/Container.php(952): Filament\\FilamentServiceProvider->Filament\\{closure}()
#14 /home/og/Desktop/projects/road/publishersclearinghouse/vendor/laravel/framework/src/Illuminate/Container/Container.php(832): Illuminate\\Container\\Container->build()
#15 /home/og/Desktop/projects/road/publishersclearinghouse/vendor/laravel/framework/src/Illuminate/Foundation/Application.php(1078): Illuminate\\Container\\Container->resolve()
#16 /home/og/Desktop/projects/road/publishersclearinghouse/vendor/laravel/framework/src/Illuminate/Container/Container.php(763): Illuminate\\Foundation\\Application->resolve()
#17 /home/og/Desktop/projects/road/publishersclearinghouse/vendor/laravel/framework/src/Illuminate/Foundation/Application.php(1058): Illuminate\\Container\\Container->make()
#18 /home/og/Desktop/projects/road/publishersclearinghouse/vendor/laravel/framework/src/Illuminate/Container/Container.php(1580): Illuminate\\Foundation\\Application->make()
#19 /home/og/Desktop/projects/road/publishersclearinghouse/vendor/laravel/framework/src/Illuminate/Support/Facades/Facade.php(239): Illuminate\\Container\\Container->offsetGet()
#20 /home/og/Desktop/projects/road/publishersclearinghouse/vendor/laravel/framework/src/Illuminate/Support/Facades/Facade.php(210): Illuminate\\Support\\Facades\\Facade::resolveFacadeInstance()
#21 /home/og/Desktop/projects/road/publishersclearinghouse/vendor/laravel/framework/src/Illuminate/Support/Facades/Facade.php(355): Illuminate\\Support\\Facades\\Facade::getFacadeRoot()
#22 /home/og/Desktop/projects/road/publishersclearinghouse/vendor/filament/filament/routes/web.php(15): Illuminate\\Support\\Facades\\Facade::__callStatic()
#23 /home/og/Desktop/projects/road/publishersclearinghouse/vendor/laravel/framework/src/Illuminate/Routing/Router.php(511): Illuminate\\Support\\ServiceProvider->{closure}()
#24 /home/og/Desktop/projects/road/publishersclearinghouse/vendor/laravel/framework/src/Illuminate/Routing/Router.php(467): Illuminate\\Routing\\Router->loadRoutes()
#25 /home/og/Desktop/projects/road/publishersclearinghouse/vendor/laravel/framework/src/Illuminate/Routing/RouteRegistrar.php(207): Illuminate\\Routing\\Router->group()
#26 /home/og/Desktop/projects/road/publishersclearinghouse/vendor/filament/filament/routes/web.php(14): Illuminate\\Routing\\RouteRegistrar->group()
#27 /home/og/Desktop/projects/road/publishersclearinghouse/vendor/laravel/framework/src/Illuminate/Support/ServiceProvider.php(195): require('...')
#28 /home/og/Desktop/projects/road/publishersclearinghouse/vendor/spatie/laravel-package-tools/src/Concerns/PackageServiceProvider/ProcessRoutes.php(14): Illuminate\\Support\\ServiceProvider->loadRoutesFrom()
#29 /home/og/Desktop/projects/road/publishersclearinghouse/vendor/spatie/laravel-package-tools/src/PackageServiceProvider.php(85): Spatie\\LaravelPackageTools\\PackageServiceProvider->bootPackageRoutes()
#30 /home/og/Desktop/projects/road/publishersclearinghouse/vendor/laravel/framework/src/Illuminate/Container/BoundMethod.php(36): Spatie\\LaravelPackageTools\\PackageServiceProvider->boot()
#31 /home/og/Desktop/projects/road/publishersclearinghouse/vendor/laravel/framework/src/Illuminate/Container/Util.php(43): Illuminate\\Container\\BoundMethod::Illuminate\\Container\\{closure}()
#32 /home/og/Desktop/projects/road/publishersclearinghouse/vendor/laravel/framework/src/Illuminate/Container/BoundMethod.php(95): Illuminate\\Container\\Util::unwrapIfClosure()
#33 /home/og/Desktop/projects/road/publishersclearinghouse/vendor/laravel/framework/src/Illuminate/Container/BoundMethod.php(35): Illuminate\\Container\\BoundMethod::callBoundMethod()
#34 /home/og/Desktop/projects/road/publishersclearinghouse/vendor/laravel/framework/src/Illuminate/Container/Container.php(696): Illuminate\\Container\\BoundMethod::call()
#35 /home/og/Desktop/projects/road/publishersclearinghouse/vendor/laravel/framework/src/Illuminate/Foundation/Application.php(1151): Illuminate\\Container\\Container->call()
#36 /home/og/Desktop/projects/road/publishersclearinghouse/vendor/laravel/framework/src/Illuminate/Foundation/Application.php(1132): Illuminate\\Foundation\\Application->bootProvider()
#37 [internal function]: Illuminate\\Foundation\\Application->Illuminate\\Foundation\\{closure}()
#38 /home/og/Desktop/projects/road/publishersclearinghouse/vendor/laravel/framework/src/Illuminate/Foundation/Application.php(1131): array_walk()
#39 /home/og/Desktop/projects/road/publishersclearinghouse/vendor/laravel/framework/src/Illuminate/Foundation/Bootstrap/BootProviders.php(17): Illuminate\\Foundation\\Application->boot()
#40 /home/og/Desktop/projects/road/publishersclearinghouse/vendor/laravel/framework/src/Illuminate/Foundation/Application.php(342): Illuminate\\Foundation\\Bootstrap\\BootProviders->bootstrap()
#41 /home/og/Desktop/projects/road/publishersclearinghouse/vendor/laravel/framework/src/Illuminate/Foundation/Console/Kernel.php(474): Illuminate\\Foundation\\Application->bootstrapWith()
#42 /home/og/Desktop/projects/road/publishersclearinghouse/vendor/laravel/framework/src/Illuminate/Foundation/Console/Kernel.php(196): Illuminate\\Foundation\\Console\\Kernel->bootstrap()
#43 /home/og/Desktop/projects/road/publishersclearinghouse/artisan(12): Illuminate\\Foundation\\Console\\Kernel->handle()
#44 {main}
"} 
[2026-07-10 12:39:27] local.ERROR: Method Filament\Panel::home does not exist. {"exception":"[object] (BadMethodCallException(code: 0): Method Filament\\Panel::home does not exist. at /home/og/Desktop/projects/road/publishersclearinghouse/vendor/filament/support/src/Concerns/Macroable.php:77)
[stacktrace]
#0 /home/og/Desktop/projects/road/publishersclearinghouse/app/Providers/Filament/AdminPanelProvider.php(27): Filament\\Support\\Components\\Component->__call()
#1 /home/og/Desktop/projects/road/publishersclearinghouse/vendor/filament/filament/src/PanelProvider.php(15): App\\Providers\\Filament\\AdminPanelProvider->panel()
#2 /home/og/Desktop/projects/road/publishersclearinghouse/vendor/laravel/framework/src/Illuminate/Collections/helpers.php(236): Filament\\PanelProvider->Filament\\{closure}()
#3 /home/og/Desktop/projects/road/publishersclearinghouse/vendor/filament/filament/src/Facades/Filament.php(140): value()
#4 /home/og/Desktop/projects/road/publishersclearinghouse/vendor/laravel/framework/src/Illuminate/Container/Container.php(1432): Filament\\Facades\\Filament::Filament\\Facades\\{closure}()
#5 /home/og/Desktop/projects/road/publishersclearinghouse/vendor/laravel/framework/src/Illuminate/Container/Container.php(1350): Illuminate\\Container\\Container->fireCallbackArray()
#6 /home/og/Desktop/projects/road/publishersclearinghouse/vendor/laravel/framework/src/Illuminate/Container/Container.php(850): Illuminate\\Container\\Container->fireResolvingCallbacks()
#7 /home/og/Desktop/projects/road/publishersclearinghouse/vendor/laravel/framework/src/Illuminate/Foundation/Application.php(1078): Illuminate\\Container\\Container->resolve()
#8 /home/og/Desktop/projects/road/publishersclearinghouse/vendor/laravel/framework/src/Illuminate/Container/Container.php(763): Illuminate\\Foundation\\Application->resolve()
#9 /home/og/Desktop/projects/road/publishersclearinghouse/vendor/laravel/framework/src/Illuminate/Foundation/Application.php(1058): Illuminate\\Container\\Container->make()
#10 /home/og/Desktop/projects/road/publishersclearinghouse/vendor/laravel/framework/src/Illuminate/Foundation/helpers.php(124): Illuminate\\Foundation\\Application->make()
#11 /home/og/Desktop/projects/road/publishersclearinghouse/vendor/filament/filament/src/FilamentManager.php(51): app()
#12 /home/og/Desktop/projects/road/publishersclearinghouse/vendor/filament/filament/src/FilamentServiceProvider.php(48): Filament\\FilamentManager->__construct()
#13 /home/og/Desktop/projects/road/publishersclearinghouse/vendor/laravel/framework/src/Illuminate/Container/Container.php(952): Filament\\FilamentServiceProvider->Filament\\{closure}()
#14 /home/og/Desktop/projects/road/publishersclearinghouse/vendor/laravel/framework/src/Illuminate/Container/Container.php(832): Illuminate\\Container\\Container->build()
#15 /home/og/Desktop/projects/road/publishersclearinghouse/vendor/laravel/framework/src/Illuminate/Foundation/Application.php(1078): Illuminate\\Container\\Container->resolve()
#16 /home/og/Desktop/projects/road/publishersclearinghouse/vendor/laravel/framework/src/Illuminate/Container/Container.php(763): Illuminate\\Foundation\\Application->resolve()
#17 /home/og/Desktop/projects/road/publishersclearinghouse/vendor/laravel/framework/src/Illuminate/Foundation/Application.php(1058): Illuminate\\Container\\Container->make()
#18 /home/og/Desktop/projects/road/publishersclearinghouse/vendor/laravel/framework/src/Illuminate/Container/Container.php(1580): Illuminate\\Foundation\\Application->make()
#19 /home/og/Desktop/projects/road/publishersclearinghouse/vendor/laravel/framework/src/Illuminate/Support/Facades/Facade.php(239): Illuminate\\Container\\Container->offsetGet()
#20 /home/og/Desktop/projects/road/publishersclearinghouse/vendor/laravel/framework/src/Illuminate/Support/Facades/Facade.php(210): Illuminate\\Support\\Facades\\Facade::resolveFacadeInstance()
#21 /home/og/Desktop/projects/road/publishersclearinghouse/vendor/laravel/framework/src/Illuminate/Support/Facades/Facade.php(355): Illuminate\\Support\\Facades\\Facade::getFacadeRoot()
#22 /home/og/Desktop/projects/road/publishersclearinghouse/vendor/filament/filament/routes/web.php(15): Illuminate\\Support\\Facades\\Facade::__callStatic()
#23 /home/og/Desktop/projects/road/publishersclearinghouse/vendor/laravel/framework/src/Illuminate/Routing/Router.php(511): Illuminate\\Support\\ServiceProvider->{closure}()
#24 /home/og/Desktop/projects/road/publishersclearinghouse/vendor/laravel/framework/src/Illuminate/Routing/Router.php(467): Illuminate\\Routing\\Router->loadRoutes()
#25 /home/og/Desktop/projects/road/publishersclearinghouse/vendor/laravel/framework/src/Illuminate/Routing/RouteRegistrar.php(207): Illuminate\\Routing\\Router->group()
#26 /home/og/Desktop/projects/road/publishersclearinghouse/vendor/filament/filament/routes/web.php(14): Illuminate\\Routing\\RouteRegistrar->group()
#27 /home/og/Desktop/projects/road/publishersclearinghouse/vendor/laravel/framework/src/Illuminate/Support/ServiceProvider.php(195): require('...')
#28 /home/og/Desktop/projects/road/publishersclearinghouse/vendor/spatie/laravel-package-tools/src/Concerns/PackageServiceProvider/ProcessRoutes.php(14): Illuminate\\Support\\ServiceProvider->loadRoutesFrom()
#29 /home/og/Desktop/projects/road/publishersclearinghouse/vendor/spatie/laravel-package-tools/src/PackageServiceProvider.php(85): Spatie\\LaravelPackageTools\\PackageServiceProvider->bootPackageRoutes()
#30 /home/og/Desktop/projects/road/publishersclearinghouse/vendor/laravel/framework/src/Illuminate/Container/BoundMethod.php(36): Spatie\\LaravelPackageTools\\PackageServiceProvider->boot()
#31 /home/og/Desktop/projects/road/publishersclearinghouse/vendor/laravel/framework/src/Illuminate/Container/Util.php(43): Illuminate\\Container\\BoundMethod::Illuminate\\Container\\{closure}()
#32 /home/og/Desktop/projects/road/publishersclearinghouse/vendor/laravel/framework/src/Illuminate/Container/BoundMethod.php(95): Illuminate\\Container\\Util::unwrapIfClosure()
#33 /home/og/Desktop/projects/road/publishersclearinghouse/vendor/laravel/framework/src/Illuminate/Container/BoundMethod.php(35): Illuminate\\Container\\BoundMethod::callBoundMethod()
#34 /home/og/Desktop/projects/road/publishersclearinghouse/vendor/laravel/framework/src/Illuminate/Container/Container.php(696): Illuminate\\Container\\BoundMethod::call()
#35 /home/og/Desktop/projects/road/publishersclearinghouse/vendor/laravel/framework/src/Illuminate/Foundation/Application.php(1151): Illuminate\\Container\\Container->call()
#36 /home/og/Desktop/projects/road/publishersclearinghouse/vendor/laravel/framework/src/Illuminate/Foundation/Application.php(1132): Illuminate\\Foundation\\Application->bootProvider()
#37 [internal function]: Illuminate\\Foundation\\Application->Illuminate\\Foundation\\{closure}()
#38 /home/og/Desktop/projects/road/publishersclearinghouse/vendor/laravel/framework/src/Illuminate/Foundation/Application.php(1131): array_walk()
#39 /home/og/Desktop/projects/road/publishersclearinghouse/vendor/laravel/framework/src/Illuminate/Foundation/Bootstrap/BootProviders.php(17): Illuminate\\Foundation\\Application->boot()
#40 /home/og/Desktop/projects/road/publishersclearinghouse/vendor/laravel/framework/src/Illuminate/Foundation/Application.php(342): Illuminate\\Foundation\\Bootstrap\\BootProviders->bootstrap()
#41 /home/og/Desktop/projects/road/publishersclearinghouse/vendor/laravel/framework/src/Illuminate/Foundation/Console/Kernel.php(474): Illuminate\\Foundation\\Application->bootstrapWith()
#42 /home/og/Desktop/projects/road/publishersclearinghouse/vendor/laravel/framework/src/Illuminate/Foundation/Console/Kernel.php(196): Illuminate\\Foundation\\Console\\Kernel->bootstrap()
#43 /home/og/Desktop/projects/road/publishersclearinghouse/artisan(12): Illuminate\\Foundation\\Console\\Kernel->handle()
#44 {main}
"} 
[2026-07-10 13:09:42] local.ERROR: syntax error, unexpected variable "$this", expecting "function" {"exception":"[object] (ParseError(code: 0): syntax error, unexpected variable \"$this\", expecting \"function\" at /home/og/Desktop/projects/road/publishersclearinghouse/app/Providers/AppServiceProvider.php:56)
[stacktrace]
#0 /home/og/Desktop/projects/road/publishersclearinghouse/vendor/composer/ClassLoader.php(427): Composer\\Autoload\\{closure}()
#1 [internal function]: Composer\\Autoload\\ClassLoader->loadClass()
#2 /home/og/Desktop/projects/road/publishersclearinghouse/vendor/laravel/framework/src/Illuminate/Foundation/Bootstrap/RegisterProviders.php(52): class_exists()
#3 /home/og/Desktop/projects/road/publishersclearinghouse/vendor/laravel/framework/src/Illuminate/Foundation/Bootstrap/RegisterProviders.php(34): Illuminate\\Foundation\\Bootstrap\\RegisterProviders->mergeAdditionalProviders()
#4 /home/og/Desktop/projects/road/publishersclearinghouse/vendor/laravel/framework/src/Illuminate/Foundation/Application.php(342): Illuminate\\Foundation\\Bootstrap\\RegisterProviders->bootstrap()
#5 /home/og/Desktop/projects/road/publishersclearinghouse/vendor/laravel/framework/src/Illuminate/Foundation/Console/Kernel.php(474): Illuminate\\Foundation\\Application->bootstrapWith()
#6 /home/og/Desktop/projects/road/publishersclearinghouse/vendor/laravel/framework/src/Illuminate/Foundation/Console/Kernel.php(196): Illuminate\\Foundation\\Console\\Kernel->bootstrap()
#7 /home/og/Desktop/projects/road/publishersclearinghouse/artisan(12): Illuminate\\Foundation\\Console\\Kernel->handle()
#8 {main}
"} 
[2026-07-10 13:09:42] local.ERROR: syntax error, unexpected variable "$this", expecting "function" {"exception":"[object] (ParseError(code: 0): syntax error, unexpected variable \"$this\", expecting \"function\" at /home/og/Desktop/projects/road/publishersclearinghouse/app/Providers/AppServiceProvider.php:56)
[stacktrace]
#0 /home/og/Desktop/projects/road/publishersclearinghouse/vendor/composer/ClassLoader.php(427): Composer\\Autoload\\{closure}()
#1 [internal function]: Composer\\Autoload\\ClassLoader->loadClass()
#2 /home/og/Desktop/projects/road/publishersclearinghouse/vendor/laravel/framework/src/Illuminate/Foundation/Bootstrap/RegisterProviders.php(52): class_exists()
#3 /home/og/Desktop/projects/road/publishersclearinghouse/vendor/laravel/framework/src/Illuminate/Foundation/Bootstrap/RegisterProviders.php(34): Illuminate\\Foundation\\Bootstrap\\RegisterProviders->mergeAdditionalProviders()
#4 /home/og/Desktop/projects/road/publishersclearinghouse/vendor/laravel/framework/src/Illuminate/Foundation/Application.php(342): Illuminate\\Foundation\\Bootstrap\\RegisterProviders->bootstrap()
#5 /home/og/Desktop/projects/road/publishersclearinghouse/vendor/laravel/framework/src/Illuminate/Foundation/Console/Kernel.php(474): Illuminate\\Foundation\\Application->bootstrapWith()
#6 /home/og/Desktop/projects/road/publishersclearinghouse/vendor/laravel/framework/src/Illuminate/Foundation/Console/Kernel.php(196): Illuminate\\Foundation\\Console\\Kernel->bootstrap()
#7 /home/og/Desktop/projects/road/publishersclearinghouse/artisan(12): Illuminate\\Foundation\\Console\\Kernel->handle()
#8 {main}
"} 
[2026-07-10 13:11:24] local.ERROR: Unmatched '}' {"exception":"[object] (ParseError(code: 0): Unmatched '}' at /home/og/Desktop/projects/road/publishersclearinghouse/app/Providers/AppServiceProvider.php:54)
[stacktrace]
#0 /home/og/Desktop/projects/road/publishersclearinghouse/vendor/composer/ClassLoader.php(427): Composer\\Autoload\\{closure}()
#1 [internal function]: Composer\\Autoload\\ClassLoader->loadClass()
#2 /home/og/Desktop/projects/road/publishersclearinghouse/vendor/laravel/framework/src/Illuminate/Foundation/Bootstrap/RegisterProviders.php(52): class_exists()
#3 /home/og/Desktop/projects/road/publishersclearinghouse/vendor/laravel/framework/src/Illuminate/Foundation/Bootstrap/RegisterProviders.php(34): Illuminate\\Foundation\\Bootstrap\\RegisterProviders->mergeAdditionalProviders()
#4 /home/og/Desktop/projects/road/publishersclearinghouse/vendor/laravel/framework/src/Illuminate/Foundation/Application.php(342): Illuminate\\Foundation\\Bootstrap\\RegisterProviders->bootstrap()
#5 /home/og/Desktop/projects/road/publishersclearinghouse/vendor/laravel/framework/src/Illuminate/Foundation/Console/Kernel.php(474): Illuminate\\Foundation\\Application->bootstrapWith()
#6 /home/og/Desktop/projects/road/publishersclearinghouse/vendor/laravel/framework/src/Illuminate/Foundation/Console/Kernel.php(196): Illuminate\\Foundation\\Console\\Kernel->bootstrap()
#7 /home/og/Desktop/projects/road/publishersclearinghouse/artisan(12): Illuminate\\Foundation\\Console\\Kernel->handle()
#8 {main}
"} 
[2026-07-10 13:11:24] local.ERROR: Unmatched '}' {"exception":"[object] (ParseError(code: 0): Unmatched '}' at /home/og/Desktop/projects/road/publishersclearinghouse/app/Providers/AppServiceProvider.php:54)
[stacktrace]
#0 /home/og/Desktop/projects/road/publishersclearinghouse/vendor/composer/ClassLoader.php(427): Composer\\Autoload\\{closure}()
#1 [internal function]: Composer\\Autoload\\ClassLoader->loadClass()
#2 /home/og/Desktop/projects/road/publishersclearinghouse/vendor/laravel/framework/src/Illuminate/Foundation/Bootstrap/RegisterProviders.php(52): class_exists()
#3 /home/og/Desktop/projects/road/publishersclearinghouse/vendor/laravel/framework/src/Illuminate/Foundation/Bootstrap/RegisterProviders.php(34): Illuminate\\Foundation\\Bootstrap\\RegisterProviders->mergeAdditionalProviders()
#4 /home/og/Desktop/projects/road/publishersclearinghouse/vendor/laravel/framework/src/Illuminate/Foundation/Application.php(342): Illuminate\\Foundation\\Bootstrap\\RegisterProviders->bootstrap()
#5 /home/og/Desktop/projects/road/publishersclearinghouse/vendor/laravel/framework/src/Illuminate/Foundation/Console/Kernel.php(474): Illuminate\\Foundation\\Application->bootstrapWith()
#6 /home/og/Desktop/projects/road/publishersclearinghouse/vendor/laravel/framework/src/Illuminate/Foundation/Console/Kernel.php(196): Illuminate\\Foundation\\Console\\Kernel->bootstrap()
#7 /home/og/Desktop/projects/road/publishersclearinghouse/artisan(12): Illuminate\\Foundation\\Console\\Kernel->handle()
#8 {main}
"} 
[2026-07-11 10:34:35] local.ERROR: Command "test" is not defined.

Did you mean one of these?
    make:test
    schedule:test {"exception":"[object] (Symfony\\Component\\Console\\Exception\\CommandNotFoundException(code: 0): Command \"test\" is not defined.

Did you mean one of these?
    make:test
    schedule:test at /home/og/Desktop/projects/road/publishersclearinghouse/vendor/symfony/console/Application.php:759)
[stacktrace]
#0 /home/og/Desktop/projects/road/publishersclearinghouse/vendor/symfony/console/Application.php(298): Symfony\\Component\\Console\\Application->find()
#1 /home/og/Desktop/projects/road/publishersclearinghouse/vendor/symfony/console/Application.php(195): Symfony\\Component\\Console\\Application->doRun()
#2 /home/og/Desktop/projects/road/publishersclearinghouse/vendor/laravel/framework/src/Illuminate/Foundation/Console/Kernel.php(198): Symfony\\Component\\Console\\Application->run()
#3 /home/og/Desktop/projects/road/publishersclearinghouse/artisan(12): Illuminate\\Foundation\\Console\\Kernel->handle()
#4 {main}
"} 
[2026-07-11 10:45:57] local.ERROR: Filament\Forms\ComponentContainer::Filament\Forms\Concerns\{closure}(): Argument #1 ($component) must be of type Filament\Forms\Components\Component, Filament\Tables\Columns\TextColumn given {"userId":3,"exception":"[object] (TypeError(code: 0): Filament\\Forms\\ComponentContainer::Filament\\Forms\\Concerns\\{closure}(): Argument #1 ($component) must be of type Filament\\Forms\\Components\\Component, Filament\\Tables\\Columns\\TextColumn given at /home/og/Desktop/projects/road/publishersclearinghouse/vendor/filament/forms/src/Concerns/HasComponents.php:122)
[stacktrace]
#0 [internal function]: Filament\\Forms\\ComponentContainer->Filament\\Forms\\Concerns\\{closure}()
#1 /home/og/Desktop/projects/road/publishersclearinghouse/vendor/filament/forms/src/Concerns/HasComponents.php(122): array_map()
#2 /home/og/Desktop/projects/road/publishersclearinghouse/vendor/filament/forms/src/Concerns/HasState.php(215): Filament\\Forms\\ComponentContainer->getComponents()
#3 /home/og/Desktop/projects/road/publishersclearinghouse/vendor/filament/forms/src/Concerns/HasState.php(201): Filament\\Forms\\ComponentContainer->hydrateState()
#4 /home/og/Desktop/projects/road/publishersclearinghouse/vendor/filament/filament/src/Resources/Pages/CreateRecord.php(79): Filament\\Forms\\ComponentContainer->fill()
#5 /home/og/Desktop/projects/road/publishersclearinghouse/vendor/filament/filament/src/Resources/Pages/CreateRecord.php(60): Filament\\Resources\\Pages\\CreateRecord->fillForm()
#6 /home/og/Desktop/projects/road/publishersclearinghouse/vendor/laravel/framework/src/Illuminate/Container/BoundMethod.php(36): Filament\\Resources\\Pages\\CreateRecord->mount()
#7 /home/og/Desktop/projects/road/publishersclearinghouse/vendor/laravel/framework/src/Illuminate/Container/Util.php(43): Illuminate\\Container\\BoundMethod::Illuminate\\Container\\{closure}()
#8 /home/og/Desktop/projects/road/publishersclearinghouse/vendor/laravel/framework/src/Illuminate/Container/BoundMethod.php(95): Illuminate\\Container\\Util::unwrapIfClosure()
#9 /home/og/Desktop/projects/road/publishersclearinghouse/vendor/laravel/framework/src/Illuminate/Container/BoundMethod.php(35): Illuminate\\Container\\BoundMethod::callBoundMethod()
#10 /home/og/Desktop/projects/road/publishersclearinghouse/vendor/livewire/livewire/src/Wrapped.php(23): Illuminate\\Container\\BoundMethod::call()
#11 /home/og/Desktop/projects/road/publishersclearinghouse/vendor/livewire/livewire/src/Features/SupportLifecycleHooks/SupportLifecycleHooks.php(134): Livewire\\Wrapped->__call()
#12 /home/og/Desktop/projects/road/publishersclearinghouse/vendor/livewire/livewire/src/Features/SupportLifecycleHooks/SupportLifecycleHooks.php(20): Livewire\\Features\\SupportLifecycleHooks\\SupportLifecycleHooks->callHook()
#13 /home/og/Desktop/projects/road/publishersclearinghouse/vendor/livewire/livewire/src/ComponentHook.php(19): Livewire\\Features\\SupportLifecycleHooks\\SupportLifecycleHooks->mount()
#14 /home/og/Desktop/projects/road/publishersclearinghouse/vendor/livewire/livewire/src/ComponentHookRegistry.php(45): Livewire\\ComponentHook->callMount()
#15 /home/og/Desktop/projects/road/publishersclearinghouse/vendor/livewire/livewire/src/EventBus.php(60): Livewire\\ComponentHookRegistry::Livewire\\{closure}()
#16 /home/og/Desktop/projects/road/publishersclearinghouse/vendor/livewire/livewire/src/helpers.php(98): Livewire\\EventBus->trigger()
#17 /home/og/Desktop/projects/road/publishersclearinghouse/vendor/livewire/livewire/src/Mechanisms/HandleComponents/HandleComponents.php(50): Livewire\\trigger()
#18 /home/og/Desktop/projects/road/publishersclearinghouse/vendor/livewire/livewire/src/LivewireManager.php(73): Livewire\\Mechanisms\\HandleComponents\\HandleComponents->mount()
#19 /home/og/Desktop/projects/road/publishersclearinghouse/vendor/livewire/livewire/src/Features/SupportPageComponents/HandlesPageComponents.php(17): Livewire\\LivewireManager->mount()
#20 /home/og/Desktop/projects/road/publishersclearinghouse/vendor/livewire/livewire/src/Features/SupportPageComponents/SupportPageComponents.php(117): Livewire\\Component->Livewire\\Features\\SupportPageComponents\\{closure}()
#21 /home/og/Desktop/projects/road/publishersclearinghouse/vendor/livewire/livewire/src/Features/SupportPageComponents/HandlesPageComponents.php(14): Livewire\\Features\\SupportPageComponents\\SupportPageComponents::interceptTheRenderOfTheComponentAndRetreiveTheLayoutConfiguration()
#22 /home/og/Desktop/projects/road/publishersclearinghouse/vendor/laravel/framework/src/Illuminate/Routing/ControllerDispatcher.php(47): Livewire\\Component->__invoke()
#23 /home/og/Desktop/projects/road/publishersclearinghouse/vendor/laravel/framework/src/Illuminate/Routing/Route.php(266): Illuminate\\Routing\\ControllerDispatcher->dispatch()
#24 /home/og/Desktop/projects/road/publishersclearinghouse/vendor/laravel/framework/src/Illuminate/Routing/Route.php(212): Illuminate\\Routing\\Route->runController()
#25 /home/og/Desktop/projects/road/publishersclearinghouse/vendor/laravel/framework/src/Illuminate/Routing/Router.php(808): Illuminate\\Routing\\Route->run()
#26 /home/og/Desktop/projects/road/publishersclearinghouse/vendor/laravel/framework/src/Illuminate/Pipeline/Pipeline.php(170): Illuminate\\Routing\\Router->Illuminate\\Routing\\{closure}()
#27 /home/og/Desktop/projects/road/publishersclearinghouse/vendor/filament/filament/src/Http/Middleware/DispatchServingFilamentEvent.php(15): Illuminate\\Pipeline\\Pipeline->Illuminate\\Pipeline\\{closure}()
#28 /home/og/Desktop/projects/road/publishersclearinghouse/vendor/laravel/framework/src/Illuminate/Pipeline/Pipeline.php(209): Filament\\Http\\Middleware\\DispatchServingFilamentEvent->handle()
#29 /home/og/Desktop/projects/road/publishersclearinghouse/vendor/filament/filament/src/Http/Middleware/DisableBladeIconComponents.php(14): Illuminate\\Pipeline\\Pipeline->Illuminate\\Pipeline\\{closure}()
#30 /home/og/Desktop/projects/road/publishersclearinghouse/vendor/laravel/framework/src/Illuminate/Pipeline/Pipeline.php(209): Filament\\Http\\Middleware\\DisableBladeIconComponents->handle()
#31 /home/og/Desktop/projects/road/publishersclearinghouse/vendor/laravel/framework/src/Illuminate/Routing/Middleware/SubstituteBindings.php(51): Illuminate\\Pipeline\\Pipeline->Illuminate\\Pipeline\\{closure}()
#32 /home/og/Desktop/projects/road/publishersclearinghouse/vendor/laravel/framework/src/Illuminate/Pipeline/Pipeline.php(209): Illuminate\\Routing\\Middleware\\SubstituteBindings->handle()
#33 /home/og/Desktop/projects/road/publishersclearinghouse/vendor/laravel/framework/src/Illuminate/Auth/Middleware/Authenticate.php(64): Illuminate\\Pipeline\\Pipeline->Illuminate\\Pipeline\\{closure}()
#34 /home/og/Desktop/projects/road/publishersclearinghouse/vendor/laravel/framework/src/Illuminate/Pipeline/Pipeline.php(209): Illuminate\\Auth\\Middleware\\Authenticate->handle()
#35 /home/og/Desktop/projects/road/publishersclearinghouse/vendor/laravel/framework/src/Illuminate/Foundation/Http/Middleware/VerifyCsrfToken.php(88): Illuminate\\Pipeline\\Pipeline->Illuminate\\Pipeline\\{closure}()
#36 /home/og/Desktop/projects/road/publishersclearinghouse/vendor/laravel/framework/src/Illuminate/Pipeline/Pipeline.php(209): Illuminate\\Foundation\\Http\\Middleware\\VerifyCsrfToken->handle()
#37 /home/og/Desktop/projects/road/publishersclearinghouse/vendor/laravel/framework/src/Illuminate/View/Middleware/ShareErrorsFromSession.php(49): Illuminate\\Pipeline\\Pipeline->Illuminate\\Pipeline\\{closure}()
#38 /home/og/Desktop/projects/road/publishersclearinghouse/vendor/laravel/framework/src/Illuminate/Pipeline/Pipeline.php(209): Illuminate\\View\\Middleware\\ShareErrorsFromSession->handle()
#39 /home/og/Desktop/projects/road/publishersclearinghouse/vendor/laravel/framework/src/Illuminate/Session/Middleware/StartSession.php(121): Illuminate\\Pipeline\\Pipeline->Illuminate\\Pipeline\\{closure}()
#40 /home/og/Desktop/projects/road/publishersclearinghouse/vendor/laravel/framework/src/Illuminate/Session/Middleware/StartSession.php(64): Illuminate\\Session\\Middleware\\StartSession->handleStatefulRequest()
#41 /home/og/Desktop/projects/road/publishersclearinghouse/vendor/laravel/framework/src/Illuminate/Pipeline/Pipeline.php(209): Illuminate\\Session\\Middleware\\StartSession->handle()
#42 /home/og/Desktop/projects/road/publishersclearinghouse/vendor/laravel/framework/src/Illuminate/Cookie/Middleware/AddQueuedCookiesToResponse.php(37): Illuminate\\Pipeline\\Pipeline->Illuminate\\Pipeline\\{closure}()
#43 /home/og/Desktop/projects/road/publishersclearinghouse/vendor/laravel/framework/src/Illuminate/Pipeline/Pipeline.php(209): Illuminate\\Cookie\\Middleware\\AddQueuedCookiesToResponse->handle()
#44 /home/og/Desktop/projects/road/publishersclearinghouse/vendor/laravel/framework/src/Illuminate/Cookie/Middleware/EncryptCookies.php(75): Illuminate\\Pipeline\\Pipeline->Illuminate\\Pipeline\\{closure}()
#45 /home/og/Desktop/projects/road/publishersclearinghouse/vendor/laravel/framework/src/Illuminate/Pipeline/Pipeline.php(209): Illuminate\\Cookie\\Middleware\\EncryptCookies->handle()
#46 /home/og/Desktop/projects/road/publishersclearinghouse/vendor/filament/filament/src/Http/Middleware/SetUpPanel.php(19): Illuminate\\Pipeline\\Pipeline->Illuminate\\Pipeline\\{closure}()
#47 /home/og/Desktop/projects/road/publishersclearinghouse/vendor/laravel/framework/src/Illuminate/Pipeline/Pipeline.php(209): Filament\\Http\\Middleware\\SetUpPanel->handle()
#48 /home/og/Desktop/projects/road/publishersclearinghouse/vendor/laravel/framework/src/Illuminate/Pipeline/Pipeline.php(127): Illuminate\\Pipeline\\Pipeline->Illuminate\\Pipeline\\{closure}()
#49 /home/og/Desktop/projects/road/publishersclearinghouse/vendor/laravel/framework/src/Illuminate/Routing/Router.php(807): Illuminate\\Pipeline\\Pipeline->then()
#50 /home/og/Desktop/projects/road/publishersclearinghouse/vendor/laravel/framework/src/Illuminate/Routing/Router.php(786): Illuminate\\Routing\\Router->runRouteWithinStack()
#51 /home/og/Desktop/projects/road/publishersclearinghouse/vendor/laravel/framework/src/Illuminate/Routing/Router.php(750): Illuminate\\Routing\\Router->runRoute()
#52 /home/og/Desktop/projects/road/publishersclearinghouse/vendor/laravel/framework/src/Illuminate/Routing/Router.php(739): Illuminate\\Routing\\Router->dispatchToRoute()
#53 /home/og/Desktop/projects/road/publishersclearinghouse/vendor/laravel/framework/src/Illuminate/Foundation/Http/Kernel.php(201): Illuminate\\Routing\\Router->dispatch()
#54 /home/og/Desktop/projects/road/publishersclearinghouse/vendor/laravel/framework/src/Illuminate/Pipeline/Pipeline.php(170): Illuminate\\Foundation\\Http\\Kernel->Illuminate\\Foundation\\Http\\{closure}()
#55 /home/og/Desktop/projects/road/publishersclearinghouse/vendor/livewire/livewire/src/Features/SupportDisablingBackButtonCache/DisableBackButtonCacheMiddleware.php(19): Illuminate\\Pipeline\\Pipeline->Illuminate\\Pipeline\\{closure}()
#56 /home/og/Desktop/projects/road/publishersclearinghouse/vendor/laravel/framework/src/Illuminate/Pipeline/Pipeline.php(209): Livewire\\Features\\SupportDisablingBackButtonCache\\DisableBackButtonCacheMiddleware->handle()
#57 /home/og/Desktop/projects/road/publishersclearinghouse/vendor/laravel/framework/src/Illuminate/Foundation/Http/Middleware/TransformsRequest.php(21): Illuminate\\Pipeline\\Pipeline->Illuminate\\Pipeline\\{closure}()
#58 /home/og/Desktop/projects/road/publishersclearinghouse/vendor/laravel/framework/src/Illuminate/Foundation/Http/Middleware/ConvertEmptyStringsToNull.php(31): Illuminate\\Foundation\\Http\\Middleware\\TransformsRequest->handle()
#59 /home/og/Desktop/projects/road/publishersclearinghouse/vendor/laravel/framework/src/Illuminate/Pipeline/Pipeline.php(209): Illuminate\\Foundation\\Http\\Middleware\\ConvertEmptyStringsToNull->handle()
#60 /home/og/Desktop/projects/road/publishersclearinghouse/vendor/laravel/framework/src/Illuminate/Foundation/Http/Middleware/TransformsRequest.php(21): Illuminate\\Pipeline\\Pipeline->Illuminate\\Pipeline\\{closure}()
#61 /home/og/Desktop/projects/road/publishersclearinghouse/vendor/laravel/framework/src/Illuminate/Foundation/Http/Middleware/TrimStrings.php(51): Illuminate\\Foundation\\Http\\Middleware\\TransformsRequest->handle()
#62 /home/og/Desktop/projects/road/publishersclearinghouse/vendor/laravel/framework/src/Illuminate/Pipeline/Pipeline.php(209): Illuminate\\Foundation\\Http\\Middleware\\TrimStrings->handle()
#63 /home/og/Desktop/projects/road/publishersclearinghouse/vendor/laravel/framework/src/Illuminate/Http/Middleware/ValidatePostSize.php(27): Illuminate\\Pipeline\\Pipeline->Illuminate\\Pipeline\\{closure}()
#64 /home/og/Desktop/projects/road/publishersclearinghouse/vendor/laravel/framework/src/Illuminate/Pipeline/Pipeline.php(209): Illuminate\\Http\\Middleware\\ValidatePostSize->handle()
#65 /home/og/Desktop/projects/road/publishersclearinghouse/vendor/laravel/framework/src/Illuminate/Foundation/Http/Middleware/PreventRequestsDuringMaintenance.php(110): Illuminate\\Pipeline\\Pipeline->Illuminate\\Pipeline\\{closure}()
#66 /home/og/Desktop/projects/road/publishersclearinghouse/vendor/laravel/framework/src/Illuminate/Pipeline/Pipeline.php(209): Illuminate\\Foundation\\Http\\Middleware\\PreventRequestsDuringMaintenance->handle()
#67 /home/og/Desktop/projects/road/publishersclearinghouse/vendor/laravel/framework/src/Illuminate/Http/Middleware/HandleCors.php(49): Illuminate\\Pipeline\\Pipeline->Illuminate\\Pipeline\\{closure}()
#68 /home/og/Desktop/projects/road/publishersclearinghouse/vendor/laravel/framework/src/Illuminate/Pipeline/Pipeline.php(209): Illuminate\\Http\\Middleware\\HandleCors->handle()
#69 /home/og/Desktop/projects/road/publishersclearinghouse/vendor/laravel/framework/src/Illuminate/Http/Middleware/TrustProxies.php(58): Illuminate\\Pipeline\\Pipeline->Illuminate\\Pipeline\\{closure}()
#70 /home/og/Desktop/projects/road/publishersclearinghouse/vendor/laravel/framework/src/Illuminate/Pipeline/Pipeline.php(209): Illuminate\\Http\\Middleware\\TrustProxies->handle()
#71 /home/og/Desktop/projects/road/publishersclearinghouse/vendor/laravel/framework/src/Illuminate/Foundation/Http/Middleware/InvokeDeferredCallbacks.php(22): Illuminate\\Pipeline\\Pipeline->Illuminate\\Pipeline\\{closure}()
#72 /home/og/Desktop/projects/road/publishersclearinghouse/vendor/laravel/framework/src/Illuminate/Pipeline/Pipeline.php(209): Illuminate\\Foundation\\Http\\Middleware\\InvokeDeferredCallbacks->handle()
#73 /home/og/Desktop/projects/road/publishersclearinghouse/vendor/laravel/framework/src/Illuminate/Pipeline/Pipeline.php(127): Illuminate\\Pipeline\\Pipeline->Illuminate\\Pipeline\\{closure}()
#74 /home/og/Desktop/projects/road/publishersclearinghouse/vendor/laravel/framework/src/Illuminate/Foundation/Http/Kernel.php(176): Illuminate\\Pipeline\\Pipeline->then()
#75 /home/og/Desktop/projects/road/publishersclearinghouse/vendor/laravel/framework/src/Illuminate/Foundation/Http/Kernel.php(145): Illuminate\\Foundation\\Http\\Kernel->sendRequestThroughRouter()
#76 /home/og/Desktop/projects/road/publishersclearinghouse/public/index.php(17): Illuminate\\Foundation\\Http\\Kernel->handle()
#77 /home/og/Desktop/projects/road/publishersclearinghouse/vendor/laravel/framework/src/Illuminate/Foundation/resources/server.php(23): require_once('...')
#78 {main}
"} 
[2026-07-11 10:48:52] local.ERROR: Filament\Forms\ComponentContainer::Filament\Forms\Concerns\{closure}(): Argument #1 ($component) must be of type Filament\Forms\Components\Component, Filament\Tables\Columns\TextColumn given {"userId":3,"exception":"[object] (TypeError(code: 0): Filament\\Forms\\ComponentContainer::Filament\\Forms\\Concerns\\{closure}(): Argument #1 ($component) must be of type Filament\\Forms\\Components\\Component, Filament\\Tables\\Columns\\TextColumn given at /home/og/Desktop/projects/road/publishersclearinghouse/vendor/filament/forms/src/Concerns/HasComponents.php:122)
[stacktrace]
#0 [internal function]: Filament\\Forms\\ComponentContainer->Filament\\Forms\\Concerns\\{closure}()
#1 /home/og/Desktop/projects/road/publishersclearinghouse/vendor/filament/forms/src/Concerns/HasComponents.php(122): array_map()
#2 /home/og/Desktop/projects/road/publishersclearinghouse/vendor/filament/forms/src/Concerns/HasState.php(215): Filament\\Forms\\ComponentContainer->getComponents()
#3 /home/og/Desktop/projects/road/publishersclearinghouse/vendor/filament/forms/src/Concerns/HasState.php(201): Filament\\Forms\\ComponentContainer->hydrateState()
#4 /home/og/Desktop/projects/road/publishersclearinghouse/vendor/filament/filament/src/Resources/Pages/CreateRecord.php(79): Filament\\Forms\\ComponentContainer->fill()
#5 /home/og/Desktop/projects/road/publishersclearinghouse/vendor/filament/filament/src/Resources/Pages/CreateRecord.php(60): Filament\\Resources\\Pages\\CreateRecord->fillForm()
#6 /home/og/Desktop/projects/road/publishersclearinghouse/vendor/laravel/framework/src/Illuminate/Container/BoundMethod.php(36): Filament\\Resources\\Pages\\CreateRecord->mount()
#7 /home/og/Desktop/projects/road/publishersclearinghouse/vendor/laravel/framework/src/Illuminate/Container/Util.php(43): Illuminate\\Container\\BoundMethod::Illuminate\\Container\\{closure}()
#8 /home/og/Desktop/projects/road/publishersclearinghouse/vendor/laravel/framework/src/Illuminate/Container/BoundMethod.php(95): Illuminate\\Container\\Util::unwrapIfClosure()
#9 /home/og/Desktop/projects/road/publishersclearinghouse/vendor/laravel/framework/src/Illuminate/Container/BoundMethod.php(35): Illuminate\\Container\\BoundMethod::callBoundMethod()
#10 /home/og/Desktop/projects/road/publishersclearinghouse/vendor/livewire/livewire/src/Wrapped.php(23): Illuminate\\Container\\BoundMethod::call()
#11 /home/og/Desktop/projects/road/publishersclearinghouse/vendor/livewire/livewire/src/Features/SupportLifecycleHooks/SupportLifecycleHooks.php(134): Livewire\\Wrapped->__call()
#12 /home/og/Desktop/projects/road/publishersclearinghouse/vendor/livewire/livewire/src/Features/SupportLifecycleHooks/SupportLifecycleHooks.php(20): Livewire\\Features\\SupportLifecycleHooks\\SupportLifecycleHooks->callHook()
#13 /home/og/Desktop/projects/road/publishersclearinghouse/vendor/livewire/livewire/src/ComponentHook.php(19): Livewire\\Features\\SupportLifecycleHooks\\SupportLifecycleHooks->mount()
#14 /home/og/Desktop/projects/road/publishersclearinghouse/vendor/livewire/livewire/src/ComponentHookRegistry.php(45): Livewire\\ComponentHook->callMount()
#15 /home/og/Desktop/projects/road/publishersclearinghouse/vendor/livewire/livewire/src/EventBus.php(60): Livewire\\ComponentHookRegistry::Livewire\\{closure}()
#16 /home/og/Desktop/projects/road/publishersclearinghouse/vendor/livewire/livewire/src/helpers.php(98): Livewire\\EventBus->trigger()
#17 /home/og/Desktop/projects/road/publishersclearinghouse/vendor/livewire/livewire/src/Mechanisms/HandleComponents/HandleComponents.php(50): Livewire\\trigger()
#18 /home/og/Desktop/projects/road/publishersclearinghouse/vendor/livewire/livewire/src/LivewireManager.php(73): Livewire\\Mechanisms\\HandleComponents\\HandleComponents->mount()
#19 /home/og/Desktop/projects/road/publishersclearinghouse/vendor/livewire/livewire/src/Features/SupportPageComponents/HandlesPageComponents.php(17): Livewire\\LivewireManager->mount()
#20 /home/og/Desktop/projects/road/publishersclearinghouse/vendor/livewire/livewire/src/Features/SupportPageComponents/SupportPageComponents.php(117): Livewire\\Component->Livewire\\Features\\SupportPageComponents\\{closure}()
#21 /home/og/Desktop/projects/road/publishersclearinghouse/vendor/livewire/livewire/src/Features/SupportPageComponents/HandlesPageComponents.php(14): Livewire\\Features\\SupportPageComponents\\SupportPageComponents::interceptTheRenderOfTheComponentAndRetreiveTheLayoutConfiguration()
#22 /home/og/Desktop/projects/road/publishersclearinghouse/vendor/laravel/framework/src/Illuminate/Routing/ControllerDispatcher.php(47): Livewire\\Component->__invoke()
#23 /home/og/Desktop/projects/road/publishersclearinghouse/vendor/laravel/framework/src/Illuminate/Routing/Route.php(266): Illuminate\\Routing\\ControllerDispatcher->dispatch()
#24 /home/og/Desktop/projects/road/publishersclearinghouse/vendor/laravel/framework/src/Illuminate/Routing/Route.php(212): Illuminate\\Routing\\Route->runController()
#25 /home/og/Desktop/projects/road/publishersclearinghouse/vendor/laravel/framework/src/Illuminate/Routing/Router.php(808): Illuminate\\Routing\\Route->run()
#26 /home/og/Desktop/projects/road/publishersclearinghouse/vendor/laravel/framework/src/Illuminate/Pipeline/Pipeline.php(170): Illuminate\\Routing\\Router->Illuminate\\Routing\\{closure}()
#27 /home/og/Desktop/projects/road/publishersclearinghouse/vendor/filament/filament/src/Http/Middleware/DispatchServingFilamentEvent.php(15): Illuminate\\Pipeline\\Pipeline->Illuminate\\Pipeline\\{closure}()
#28 /home/og/Desktop/projects/road/publishersclearinghouse/vendor/laravel/framework/src/Illuminate/Pipeline/Pipeline.php(209): Filament\\Http\\Middleware\\DispatchServingFilamentEvent->handle()
#29 /home/og/Desktop/projects/road/publishersclearinghouse/vendor/filament/filament/src/Http/Middleware/DisableBladeIconComponents.php(14): Illuminate\\Pipeline\\Pipeline->Illuminate\\Pipeline\\{closure}()
#30 /home/og/Desktop/projects/road/publishersclearinghouse/vendor/laravel/framework/src/Illuminate/Pipeline/Pipeline.php(209): Filament\\Http\\Middleware\\DisableBladeIconComponents->handle()
#31 /home/og/Desktop/projects/road/publishersclearinghouse/vendor/laravel/framework/src/Illuminate/Routing/Middleware/SubstituteBindings.php(51): Illuminate\\Pipeline\\Pipeline->Illuminate\\Pipeline\\{closure}()
#32 /home/og/Desktop/projects/road/publishersclearinghouse/vendor/laravel/framework/src/Illuminate/Pipeline/Pipeline.php(209): Illuminate\\Routing\\Middleware\\SubstituteBindings->handle()
#33 /home/og/Desktop/projects/road/publishersclearinghouse/vendor/laravel/framework/src/Illuminate/Auth/Middleware/Authenticate.php(64): Illuminate\\Pipeline\\Pipeline->Illuminate\\Pipeline\\{closure}()
#34 /home/og/Desktop/projects/road/publishersclearinghouse/vendor/laravel/framework/src/Illuminate/Pipeline/Pipeline.php(209): Illuminate\\Auth\\Middleware\\Authenticate->handle()
#35 /home/og/Desktop/projects/road/publishersclearinghouse/vendor/laravel/framework/src/Illuminate/Foundation/Http/Middleware/VerifyCsrfToken.php(88): Illuminate\\Pipeline\\Pipeline->Illuminate\\Pipeline\\{closure}()
#36 /home/og/Desktop/projects/road/publishersclearinghouse/vendor/laravel/framework/src/Illuminate/Pipeline/Pipeline.php(209): Illuminate\\Foundation\\Http\\Middleware\\VerifyCsrfToken->handle()
#37 /home/og/Desktop/projects/road/publishersclearinghouse/vendor/laravel/framework/src/Illuminate/View/Middleware/ShareErrorsFromSession.php(49): Illuminate\\Pipeline\\Pipeline->Illuminate\\Pipeline\\{closure}()
#38 /home/og/Desktop/projects/road/publishersclearinghouse/vendor/laravel/framework/src/Illuminate/Pipeline/Pipeline.php(209): Illuminate\\View\\Middleware\\ShareErrorsFromSession->handle()
#39 /home/og/Desktop/projects/road/publishersclearinghouse/vendor/laravel/framework/src/Illuminate/Session/Middleware/StartSession.php(121): Illuminate\\Pipeline\\Pipeline->Illuminate\\Pipeline\\{closure}()
#40 /home/og/Desktop/projects/road/publishersclearinghouse/vendor/laravel/framework/src/Illuminate/Session/Middleware/StartSession.php(64): Illuminate\\Session\\Middleware\\StartSession->handleStatefulRequest()
#41 /home/og/Desktop/projects/road/publishersclearinghouse/vendor/laravel/framework/src/Illuminate/Pipeline/Pipeline.php(209): Illuminate\\Session\\Middleware\\StartSession->handle()
#42 /home/og/Desktop/projects/road/publishersclearinghouse/vendor/laravel/framework/src/Illuminate/Cookie/Middleware/AddQueuedCookiesToResponse.php(37): Illuminate\\Pipeline\\Pipeline->Illuminate\\Pipeline\\{closure}()
#43 /home/og/Desktop/projects/road/publishersclearinghouse/vendor/laravel/framework/src/Illuminate/Pipeline/Pipeline.php(209): Illuminate\\Cookie\\Middleware\\AddQueuedCookiesToResponse->handle()
#44 /home/og/Desktop/projects/road/publishersclearinghouse/vendor/laravel/framework/src/Illuminate/Cookie/Middleware/EncryptCookies.php(75): Illuminate\\Pipeline\\Pipeline->Illuminate\\Pipeline\\{closure}()
#45 /home/og/Desktop/projects/road/publishersclearinghouse/vendor/laravel/framework/src/Illuminate/Pipeline/Pipeline.php(209): Illuminate\\Cookie\\Middleware\\EncryptCookies->handle()
#46 /home/og/Desktop/projects/road/publishersclearinghouse/vendor/filament/filament/src/Http/Middleware/SetUpPanel.php(19): Illuminate\\Pipeline\\Pipeline->Illuminate\\Pipeline\\{closure}()
#47 /home/og/Desktop/projects/road/publishersclearinghouse/vendor/laravel/framework/src/Illuminate/Pipeline/Pipeline.php(209): Filament\\Http\\Middleware\\SetUpPanel->handle()
#48 /home/og/Desktop/projects/road/publishersclearinghouse/vendor/laravel/framework/src/Illuminate/Pipeline/Pipeline.php(127): Illuminate\\Pipeline\\Pipeline->Illuminate\\Pipeline\\{closure}()
#49 /home/og/Desktop/projects/road/publishersclearinghouse/vendor/laravel/framework/src/Illuminate/Routing/Router.php(807): Illuminate\\Pipeline\\Pipeline->then()
#50 /home/og/Desktop/projects/road/publishersclearinghouse/vendor/laravel/framework/src/Illuminate/Routing/Router.php(786): Illuminate\\Routing\\Router->runRouteWithinStack()
#51 /home/og/Desktop/projects/road/publishersclearinghouse/vendor/laravel/framework/src/Illuminate/Routing/Router.php(750): Illuminate\\Routing\\Router->runRoute()
#52 /home/og/Desktop/projects/road/publishersclearinghouse/vendor/laravel/framework/src/Illuminate/Routing/Router.php(739): Illuminate\\Routing\\Router->dispatchToRoute()
#53 /home/og/Desktop/projects/road/publishersclearinghouse/vendor/laravel/framework/src/Illuminate/Foundation/Http/Kernel.php(201): Illuminate\\Routing\\Router->dispatch()
#54 /home/og/Desktop/projects/road/publishersclearinghouse/vendor/laravel/framework/src/Illuminate/Pipeline/Pipeline.php(170): Illuminate\\Foundation\\Http\\Kernel->Illuminate\\Foundation\\Http\\{closure}()
#55 /home/og/Desktop/projects/road/publishersclearinghouse/vendor/livewire/livewire/src/Features/SupportDisablingBackButtonCache/DisableBackButtonCacheMiddleware.php(19): Illuminate\\Pipeline\\Pipeline->Illuminate\\Pipeline\\{closure}()
#56 /home/og/Desktop/projects/road/publishersclearinghouse/vendor/laravel/framework/src/Illuminate/Pipeline/Pipeline.php(209): Livewire\\Features\\SupportDisablingBackButtonCache\\DisableBackButtonCacheMiddleware->handle()
#57 /home/og/Desktop/projects/road/publishersclearinghouse/vendor/laravel/framework/src/Illuminate/Foundation/Http/Middleware/TransformsRequest.php(21): Illuminate\\Pipeline\\Pipeline->Illuminate\\Pipeline\\{closure}()
#58 /home/og/Desktop/projects/road/publishersclearinghouse/vendor/laravel/framework/src/Illuminate/Foundation/Http/Middleware/ConvertEmptyStringsToNull.php(31): Illuminate\\Foundation\\Http\\Middleware\\TransformsRequest->handle()
#59 /home/og/Desktop/projects/road/publishersclearinghouse/vendor/laravel/framework/src/Illuminate/Pipeline/Pipeline.php(209): Illuminate\\Foundation\\Http\\Middleware\\ConvertEmptyStringsToNull->handle()
#60 /home/og/Desktop/projects/road/publishersclearinghouse/vendor/laravel/framework/src/Illuminate/Foundation/Http/Middleware/TransformsRequest.php(21): Illuminate\\Pipeline\\Pipeline->Illuminate\\Pipeline\\{closure}()
#61 /home/og/Desktop/projects/road/publishersclearinghouse/vendor/laravel/framework/src/Illuminate/Foundation/Http/Middleware/TrimStrings.php(51): Illuminate\\Foundation\\Http\\Middleware\\TransformsRequest->handle()
#62 /home/og/Desktop/projects/road/publishersclearinghouse/vendor/laravel/framework/src/Illuminate/Pipeline/Pipeline.php(209): Illuminate\\Foundation\\Http\\Middleware\\TrimStrings->handle()
#63 /home/og/Desktop/projects/road/publishersclearinghouse/vendor/laravel/framework/src/Illuminate/Http/Middleware/ValidatePostSize.php(27): Illuminate\\Pipeline\\Pipeline->Illuminate\\Pipeline\\{closure}()
#64 /home/og/Desktop/projects/road/publishersclearinghouse/vendor/laravel/framework/src/Illuminate/Pipeline/Pipeline.php(209): Illuminate\\Http\\Middleware\\ValidatePostSize->handle()
#65 /home/og/Desktop/projects/road/publishersclearinghouse/vendor/laravel/framework/src/Illuminate/Foundation/Http/Middleware/PreventRequestsDuringMaintenance.php(110): Illuminate\\Pipeline\\Pipeline->Illuminate\\Pipeline\\{closure}()
#66 /home/og/Desktop/projects/road/publishersclearinghouse/vendor/laravel/framework/src/Illuminate/Pipeline/Pipeline.php(209): Illuminate\\Foundation\\Http\\Middleware\\PreventRequestsDuringMaintenance->handle()
#67 /home/og/Desktop/projects/road/publishersclearinghouse/vendor/laravel/framework/src/Illuminate/Http/Middleware/HandleCors.php(49): Illuminate\\Pipeline\\Pipeline->Illuminate\\Pipeline\\{closure}()
#68 /home/og/Desktop/projects/road/publishersclearinghouse/vendor/laravel/framework/src/Illuminate/Pipeline/Pipeline.php(209): Illuminate\\Http\\Middleware\\HandleCors->handle()
#69 /home/og/Desktop/projects/road/publishersclearinghouse/vendor/laravel/framework/src/Illuminate/Http/Middleware/TrustProxies.php(58): Illuminate\\Pipeline\\Pipeline->Illuminate\\Pipeline\\{closure}()
#70 /home/og/Desktop/projects/road/publishersclearinghouse/vendor/laravel/framework/src/Illuminate/Pipeline/Pipeline.php(209): Illuminate\\Http\\Middleware\\TrustProxies->handle()
#71 /home/og/Desktop/projects/road/publishersclearinghouse/vendor/laravel/framework/src/Illuminate/Foundation/Http/Middleware/InvokeDeferredCallbacks.php(22): Illuminate\\Pipeline\\Pipeline->Illuminate\\Pipeline\\{closure}()
#72 /home/og/Desktop/projects/road/publishersclearinghouse/vendor/laravel/framework/src/Illuminate/Pipeline/Pipeline.php(209): Illuminate\\Foundation\\Http\\Middleware\\InvokeDeferredCallbacks->handle()
#73 /home/og/Desktop/projects/road/publishersclearinghouse/vendor/laravel/framework/src/Illuminate/Pipeline/Pipeline.php(127): Illuminate\\Pipeline\\Pipeline->Illuminate\\Pipeline\\{closure}()
#74 /home/og/Desktop/projects/road/publishersclearinghouse/vendor/laravel/framework/src/Illuminate/Foundation/Http/Kernel.php(176): Illuminate\\Pipeline\\Pipeline->then()
#75 /home/og/Desktop/projects/road/publishersclearinghouse/vendor/laravel/framework/src/Illuminate/Foundation/Http/Kernel.php(145): Illuminate\\Foundation\\Http\\Kernel->sendRequestThroughRouter()
#76 /home/og/Desktop/projects/road/publishersclearinghouse/public/index.php(17): Illuminate\\Foundation\\Http\\Kernel->handle()
#77 /home/og/Desktop/projects/road/publishersclearinghouse/vendor/laravel/framework/src/Illuminate/Foundation/resources/server.php(23): require_once('...')
#78 {main}
"} 
[2026-07-11 10:50:56] local.ERROR: Filament\Forms\ComponentContainer::Filament\Forms\Concerns\{closure}(): Argument #1 ($component) must be of type Filament\Forms\Components\Component, Filament\Tables\Columns\TextColumn given {"userId":3,"exception":"[object] (TypeError(code: 0): Filament\\Forms\\ComponentContainer::Filament\\Forms\\Concerns\\{closure}(): Argument #1 ($component) must be of type Filament\\Forms\\Components\\Component, Filament\\Tables\\Columns\\TextColumn given at /home/og/Desktop/projects/road/publishersclearinghouse/vendor/filament/forms/src/Concerns/HasComponents.php:122)
[stacktrace]
#0 [internal function]: Filament\\Forms\\ComponentContainer->Filament\\Forms\\Concerns\\{closure}()
#1 /home/og/Desktop/projects/road/publishersclearinghouse/vendor/filament/forms/src/Concerns/HasComponents.php(122): array_map()
#2 /home/og/Desktop/projects/road/publishersclearinghouse/vendor/filament/forms/src/Concerns/HasState.php(215): Filament\\Forms\\ComponentContainer->getComponents()
#3 /home/og/Desktop/projects/road/publishersclearinghouse/vendor/filament/forms/src/Concerns/HasState.php(201): Filament\\Forms\\ComponentContainer->hydrateState()
#4 /home/og/Desktop/projects/road/publishersclearinghouse/vendor/filament/filament/src/Resources/Pages/CreateRecord.php(79): Filament\\Forms\\ComponentContainer->fill()
#5 /home/og/Desktop/projects/road/publishersclearinghouse/vendor/filament/filament/src/Resources/Pages/CreateRecord.php(60): Filament\\Resources\\Pages\\CreateRecord->fillForm()
#6 /home/og/Desktop/projects/road/publishersclearinghouse/vendor/laravel/framework/src/Illuminate/Container/BoundMethod.php(36): Filament\\Resources\\Pages\\CreateRecord->mount()
#7 /home/og/Desktop/projects/road/publishersclearinghouse/vendor/laravel/framework/src/Illuminate/Container/Util.php(43): Illuminate\\Container\\BoundMethod::Illuminate\\Container\\{closure}()
#8 /home/og/Desktop/projects/road/publishersclearinghouse/vendor/laravel/framework/src/Illuminate/Container/BoundMethod.php(95): Illuminate\\Container\\Util::unwrapIfClosure()
#9 /home/og/Desktop/projects/road/publishersclearinghouse/vendor/laravel/framework/src/Illuminate/Container/BoundMethod.php(35): Illuminate\\Container\\BoundMethod::callBoundMethod()
#10 /home/og/Desktop/projects/road/publishersclearinghouse/vendor/livewire/livewire/src/Wrapped.php(23): Illuminate\\Container\\BoundMethod::call()
#11 /home/og/Desktop/projects/road/publishersclearinghouse/vendor/livewire/livewire/src/Features/SupportLifecycleHooks/SupportLifecycleHooks.php(134): Livewire\\Wrapped->__call()
#12 /home/og/Desktop/projects/road/publishersclearinghouse/vendor/livewire/livewire/src/Features/SupportLifecycleHooks/SupportLifecycleHooks.php(20): Livewire\\Features\\SupportLifecycleHooks\\SupportLifecycleHooks->callHook()
#13 /home/og/Desktop/projects/road/publishersclearinghouse/vendor/livewire/livewire/src/ComponentHook.php(19): Livewire\\Features\\SupportLifecycleHooks\\SupportLifecycleHooks->mount()
#14 /home/og/Desktop/projects/road/publishersclearinghouse/vendor/livewire/livewire/src/ComponentHookRegistry.php(45): Livewire\\ComponentHook->callMount()
#15 /home/og/Desktop/projects/road/publishersclearinghouse/vendor/livewire/livewire/src/EventBus.php(60): Livewire\\ComponentHookRegistry::Livewire\\{closure}()
#16 /home/og/Desktop/projects/road/publishersclearinghouse/vendor/livewire/livewire/src/helpers.php(98): Livewire\\EventBus->trigger()
#17 /home/og/Desktop/projects/road/publishersclearinghouse/vendor/livewire/livewire/src/Mechanisms/HandleComponents/HandleComponents.php(50): Livewire\\trigger()
#18 /home/og/Desktop/projects/road/publishersclearinghouse/vendor/livewire/livewire/src/LivewireManager.php(73): Livewire\\Mechanisms\\HandleComponents\\HandleComponents->mount()
#19 /home/og/Desktop/projects/road/publishersclearinghouse/vendor/livewire/livewire/src/Features/SupportPageComponents/HandlesPageComponents.php(17): Livewire\\LivewireManager->mount()
#20 /home/og/Desktop/projects/road/publishersclearinghouse/vendor/livewire/livewire/src/Features/SupportPageComponents/SupportPageComponents.php(117): Livewire\\Component->Livewire\\Features\\SupportPageComponents\\{closure}()
#21 /home/og/Desktop/projects/road/publishersclearinghouse/vendor/livewire/livewire/src/Features/SupportPageComponents/HandlesPageComponents.php(14): Livewire\\Features\\SupportPageComponents\\SupportPageComponents::interceptTheRenderOfTheComponentAndRetreiveTheLayoutConfiguration()
#22 /home/og/Desktop/projects/road/publishersclearinghouse/vendor/laravel/framework/src/Illuminate/Routing/ControllerDispatcher.php(47): Livewire\\Component->__invoke()
#23 /home/og/Desktop/projects/road/publishersclearinghouse/vendor/laravel/framework/src/Illuminate/Routing/Route.php(266): Illuminate\\Routing\\ControllerDispatcher->dispatch()
#24 /home/og/Desktop/projects/road/publishersclearinghouse/vendor/laravel/framework/src/Illuminate/Routing/Route.php(212): Illuminate\\Routing\\Route->runController()
#25 /home/og/Desktop/projects/road/publishersclearinghouse/vendor/laravel/framework/src/Illuminate/Routing/Router.php(808): Illuminate\\Routing\\Route->run()
#26 /home/og/Desktop/projects/road/publishersclearinghouse/vendor/laravel/framework/src/Illuminate/Pipeline/Pipeline.php(170): Illuminate\\Routing\\Router->Illuminate\\Routing\\{closure}()
#27 /home/og/Desktop/projects/road/publishersclearinghouse/vendor/filament/filament/src/Http/Middleware/DispatchServingFilamentEvent.php(15): Illuminate\\Pipeline\\Pipeline->Illuminate\\Pipeline\\{closure}()
#28 /home/og/Desktop/projects/road/publishersclearinghouse/vendor/laravel/framework/src/Illuminate/Pipeline/Pipeline.php(209): Filament\\Http\\Middleware\\DispatchServingFilamentEvent->handle()
#29 /home/og/Desktop/projects/road/publishersclearinghouse/vendor/filament/filament/src/Http/Middleware/DisableBladeIconComponents.php(14): Illuminate\\Pipeline\\Pipeline->Illuminate\\Pipeline\\{closure}()
#30 /home/og/Desktop/projects/road/publishersclearinghouse/vendor/laravel/framework/src/Illuminate/Pipeline/Pipeline.php(209): Filament\\Http\\Middleware\\DisableBladeIconComponents->handle()
#31 /home/og/Desktop/projects/road/publishersclearinghouse/vendor/laravel/framework/src/Illuminate/Routing/Middleware/SubstituteBindings.php(51): Illuminate\\Pipeline\\Pipeline->Illuminate\\Pipeline\\{closure}()
#32 /home/og/Desktop/projects/road/publishersclearinghouse/vendor/laravel/framework/src/Illuminate/Pipeline/Pipeline.php(209): Illuminate\\Routing\\Middleware\\SubstituteBindings->handle()
#33 /home/og/Desktop/projects/road/publishersclearinghouse/vendor/laravel/framework/src/Illuminate/Auth/Middleware/Authenticate.php(64): Illuminate\\Pipeline\\Pipeline->Illuminate\\Pipeline\\{closure}()
#34 /home/og/Desktop/projects/road/publishersclearinghouse/vendor/laravel/framework/src/Illuminate/Pipeline/Pipeline.php(209): Illuminate\\Auth\\Middleware\\Authenticate->handle()
#35 /home/og/Desktop/projects/road/publishersclearinghouse/vendor/laravel/framework/src/Illuminate/Foundation/Http/Middleware/VerifyCsrfToken.php(88): Illuminate\\Pipeline\\Pipeline->Illuminate\\Pipeline\\{closure}()
#36 /home/og/Desktop/projects/road/publishersclearinghouse/vendor/laravel/framework/src/Illuminate/Pipeline/Pipeline.php(209): Illuminate\\Foundation\\Http\\Middleware\\VerifyCsrfToken->handle()
#37 /home/og/Desktop/projects/road/publishersclearinghouse/vendor/laravel/framework/src/Illuminate/View/Middleware/ShareErrorsFromSession.php(49): Illuminate\\Pipeline\\Pipeline->Illuminate\\Pipeline\\{closure}()
#38 /home/og/Desktop/projects/road/publishersclearinghouse/vendor/laravel/framework/src/Illuminate/Pipeline/Pipeline.php(209): Illuminate\\View\\Middleware\\ShareErrorsFromSession->handle()
#39 /home/og/Desktop/projects/road/publishersclearinghouse/vendor/laravel/framework/src/Illuminate/Session/Middleware/StartSession.php(121): Illuminate\\Pipeline\\Pipeline->Illuminate\\Pipeline\\{closure}()
#40 /home/og/Desktop/projects/road/publishersclearinghouse/vendor/laravel/framework/src/Illuminate/Session/Middleware/StartSession.php(64): Illuminate\\Session\\Middleware\\StartSession->handleStatefulRequest()
#41 /home/og/Desktop/projects/road/publishersclearinghouse/vendor/laravel/framework/src/Illuminate/Pipeline/Pipeline.php(209): Illuminate\\Session\\Middleware\\StartSession->handle()
#42 /home/og/Desktop/projects/road/publishersclearinghouse/vendor/laravel/framework/src/Illuminate/Cookie/Middleware/AddQueuedCookiesToResponse.php(37): Illuminate\\Pipeline\\Pipeline->Illuminate\\Pipeline\\{closure}()
#43 /home/og/Desktop/projects/road/publishersclearinghouse/vendor/laravel/framework/src/Illuminate/Pipeline/Pipeline.php(209): Illuminate\\Cookie\\Middleware\\AddQueuedCookiesToResponse->handle()
#44 /home/og/Desktop/projects/road/publishersclearinghouse/vendor/laravel/framework/src/Illuminate/Cookie/Middleware/EncryptCookies.php(75): Illuminate\\Pipeline\\Pipeline->Illuminate\\Pipeline\\{closure}()
#45 /home/og/Desktop/projects/road/publishersclearinghouse/vendor/laravel/framework/src/Illuminate/Pipeline/Pipeline.php(209): Illuminate\\Cookie\\Middleware\\EncryptCookies->handle()
#46 /home/og/Desktop/projects/road/publishersclearinghouse/vendor/filament/filament/src/Http/Middleware/SetUpPanel.php(19): Illuminate\\Pipeline\\Pipeline->Illuminate\\Pipeline\\{closure}()
#47 /home/og/Desktop/projects/road/publishersclearinghouse/vendor/laravel/framework/src/Illuminate/Pipeline/Pipeline.php(209): Filament\\Http\\Middleware\\SetUpPanel->handle()
#48 /home/og/Desktop/projects/road/publishersclearinghouse/vendor/laravel/framework/src/Illuminate/Pipeline/Pipeline.php(127): Illuminate\\Pipeline\\Pipeline->Illuminate\\Pipeline\\{closure}()
#49 /home/og/Desktop/projects/road/publishersclearinghouse/vendor/laravel/framework/src/Illuminate/Routing/Router.php(807): Illuminate\\Pipeline\\Pipeline->then()
#50 /home/og/Desktop/projects/road/publishersclearinghouse/vendor/laravel/framework/src/Illuminate/Routing/Router.php(786): Illuminate\\Routing\\Router->runRouteWithinStack()
#51 /home/og/Desktop/projects/road/publishersclearinghouse/vendor/laravel/framework/src/Illuminate/Routing/Router.php(750): Illuminate\\Routing\\Router->runRoute()
#52 /home/og/Desktop/projects/road/publishersclearinghouse/vendor/laravel/framework/src/Illuminate/Routing/Router.php(739): Illuminate\\Routing\\Router->dispatchToRoute()
#53 /home/og/Desktop/projects/road/publishersclearinghouse/vendor/laravel/framework/src/Illuminate/Foundation/Http/Kernel.php(201): Illuminate\\Routing\\Router->dispatch()
#54 /home/og/Desktop/projects/road/publishersclearinghouse/vendor/laravel/framework/src/Illuminate/Pipeline/Pipeline.php(170): Illuminate\\Foundation\\Http\\Kernel->Illuminate\\Foundation\\Http\\{closure}()
#55 /home/og/Desktop/projects/road/publishersclearinghouse/vendor/livewire/livewire/src/Features/SupportDisablingBackButtonCache/DisableBackButtonCacheMiddleware.php(19): Illuminate\\Pipeline\\Pipeline->Illuminate\\Pipeline\\{closure}()
#56 /home/og/Desktop/projects/road/publishersclearinghouse/vendor/laravel/framework/src/Illuminate/Pipeline/Pipeline.php(209): Livewire\\Features\\SupportDisablingBackButtonCache\\DisableBackButtonCacheMiddleware->handle()
#57 /home/og/Desktop/projects/road/publishersclearinghouse/vendor/laravel/framework/src/Illuminate/Foundation/Http/Middleware/TransformsRequest.php(21): Illuminate\\Pipeline\\Pipeline->Illuminate\\Pipeline\\{closure}()
#58 /home/og/Desktop/projects/road/publishersclearinghouse/vendor/laravel/framework/src/Illuminate/Foundation/Http/Middleware/ConvertEmptyStringsToNull.php(31): Illuminate\\Foundation\\Http\\Middleware\\TransformsRequest->handle()
#59 /home/og/Desktop/projects/road/publishersclearinghouse/vendor/laravel/framework/src/Illuminate/Pipeline/Pipeline.php(209): Illuminate\\Foundation\\Http\\Middleware\\ConvertEmptyStringsToNull->handle()
#60 /home/og/Desktop/projects/road/publishersclearinghouse/vendor/laravel/framework/src/Illuminate/Foundation/Http/Middleware/TransformsRequest.php(21): Illuminate\\Pipeline\\Pipeline->Illuminate\\Pipeline\\{closure}()
#61 /home/og/Desktop/projects/road/publishersclearinghouse/vendor/laravel/framework/src/Illuminate/Foundation/Http/Middleware/TrimStrings.php(51): Illuminate\\Foundation\\Http\\Middleware\\TransformsRequest->handle()
#62 /home/og/Desktop/projects/road/publishersclearinghouse/vendor/laravel/framework/src/Illuminate/Pipeline/Pipeline.php(209): Illuminate\\Foundation\\Http\\Middleware\\TrimStrings->handle()
#63 /home/og/Desktop/projects/road/publishersclearinghouse/vendor/laravel/framework/src/Illuminate/Http/Middleware/ValidatePostSize.php(27): Illuminate\\Pipeline\\Pipeline->Illuminate\\Pipeline\\{closure}()
#64 /home/og/Desktop/projects/road/publishersclearinghouse/vendor/laravel/framework/src/Illuminate/Pipeline/Pipeline.php(209): Illuminate\\Http\\Middleware\\ValidatePostSize->handle()
#65 /home/og/Desktop/projects/road/publishersclearinghouse/vendor/laravel/framework/src/Illuminate/Foundation/Http/Middleware/PreventRequestsDuringMaintenance.php(110): Illuminate\\Pipeline\\Pipeline->Illuminate\\Pipeline\\{closure}()
#66 /home/og/Desktop/projects/road/publishersclearinghouse/vendor/laravel/framework/src/Illuminate/Pipeline/Pipeline.php(209): Illuminate\\Foundation\\Http\\Middleware\\PreventRequestsDuringMaintenance->handle()
#67 /home/og/Desktop/projects/road/publishersclearinghouse/vendor/laravel/framework/src/Illuminate/Http/Middleware/HandleCors.php(49): Illuminate\\Pipeline\\Pipeline->Illuminate\\Pipeline\\{closure}()
#68 /home/og/Desktop/projects/road/publishersclearinghouse/vendor/laravel/framework/src/Illuminate/Pipeline/Pipeline.php(209): Illuminate\\Http\\Middleware\\HandleCors->handle()
#69 /home/og/Desktop/projects/road/publishersclearinghouse/vendor/laravel/framework/src/Illuminate/Http/Middleware/TrustProxies.php(58): Illuminate\\Pipeline\\Pipeline->Illuminate\\Pipeline\\{closure}()
#70 /home/og/Desktop/projects/road/publishersclearinghouse/vendor/laravel/framework/src/Illuminate/Pipeline/Pipeline.php(209): Illuminate\\Http\\Middleware\\TrustProxies->handle()
#71 /home/og/Desktop/projects/road/publishersclearinghouse/vendor/laravel/framework/src/Illuminate/Foundation/Http/Middleware/InvokeDeferredCallbacks.php(22): Illuminate\\Pipeline\\Pipeline->Illuminate\\Pipeline\\{closure}()
#72 /home/og/Desktop/projects/road/publishersclearinghouse/vendor/laravel/framework/src/Illuminate/Pipeline/Pipeline.php(209): Illuminate\\Foundation\\Http\\Middleware\\InvokeDeferredCallbacks->handle()
#73 /home/og/Desktop/projects/road/publishersclearinghouse/vendor/laravel/framework/src/Illuminate/Pipeline/Pipeline.php(127): Illuminate\\Pipeline\\Pipeline->Illuminate\\Pipeline\\{closure}()
#74 /home/og/Desktop/projects/road/publishersclearinghouse/vendor/laravel/framework/src/Illuminate/Foundation/Http/Kernel.php(176): Illuminate\\Pipeline\\Pipeline->then()
#75 /home/og/Desktop/projects/road/publishersclearinghouse/vendor/laravel/framework/src/Illuminate/Foundation/Http/Kernel.php(145): Illuminate\\Foundation\\Http\\Kernel->sendRequestThroughRouter()
#76 /home/og/Desktop/projects/road/publishersclearinghouse/public/index.php(17): Illuminate\\Foundation\\Http\\Kernel->handle()
#77 /home/og/Desktop/projects/road/publishersclearinghouse/vendor/laravel/framework/src/Illuminate/Foundation/resources/server.php(23): require_once('...')
#78 {main}
"} 
[2026-07-11 10:56:31] local.ERROR: Filament\Forms\ComponentContainer::Filament\Forms\Concerns\{closure}(): Argument #1 ($component) must be of type Filament\Forms\Components\Component, Filament\Tables\Columns\TextColumn given {"userId":3,"exception":"[object] (TypeError(code: 0): Filament\\Forms\\ComponentContainer::Filament\\Forms\\Concerns\\{closure}(): Argument #1 ($component) must be of type Filament\\Forms\\Components\\Component, Filament\\Tables\\Columns\\TextColumn given at /home/og/Desktop/projects/road/publishersclearinghouse/vendor/filament/forms/src/Concerns/HasComponents.php:122)
[stacktrace]
#0 [internal function]: Filament\\Forms\\ComponentContainer->Filament\\Forms\\Concerns\\{closure}()
#1 /home/og/Desktop/projects/road/publishersclearinghouse/vendor/filament/forms/src/Concerns/HasComponents.php(122): array_map()
#2 /home/og/Desktop/projects/road/publishersclearinghouse/vendor/filament/forms/src/Concerns/HasState.php(215): Filament\\Forms\\ComponentContainer->getComponents()
#3 /home/og/Desktop/projects/road/publishersclearinghouse/vendor/filament/forms/src/Concerns/HasState.php(201): Filament\\Forms\\ComponentContainer->hydrateState()
#4 /home/og/Desktop/projects/road/publishersclearinghouse/vendor/filament/filament/src/Resources/Pages/CreateRecord.php(79): Filament\\Forms\\ComponentContainer->fill()
#5 /home/og/Desktop/projects/road/publishersclearinghouse/vendor/filament/filament/src/Resources/Pages/CreateRecord.php(60): Filament\\Resources\\Pages\\CreateRecord->fillForm()
#6 /home/og/Desktop/projects/road/publishersclearinghouse/vendor/laravel/framework/src/Illuminate/Container/BoundMethod.php(36): Filament\\Resources\\Pages\\CreateRecord->mount()
#7 /home/og/Desktop/projects/road/publishersclearinghouse/vendor/laravel/framework/src/Illuminate/Container/Util.php(43): Illuminate\\Container\\BoundMethod::Illuminate\\Container\\{closure}()
#8 /home/og/Desktop/projects/road/publishersclearinghouse/vendor/laravel/framework/src/Illuminate/Container/BoundMethod.php(95): Illuminate\\Container\\Util::unwrapIfClosure()
#9 /home/og/Desktop/projects/road/publishersclearinghouse/vendor/laravel/framework/src/Illuminate/Container/BoundMethod.php(35): Illuminate\\Container\\BoundMethod::callBoundMethod()
#10 /home/og/Desktop/projects/road/publishersclearinghouse/vendor/livewire/livewire/src/Wrapped.php(23): Illuminate\\Container\\BoundMethod::call()
#11 /home/og/Desktop/projects/road/publishersclearinghouse/vendor/livewire/livewire/src/Features/SupportLifecycleHooks/SupportLifecycleHooks.php(134): Livewire\\Wrapped->__call()
#12 /home/og/Desktop/projects/road/publishersclearinghouse/vendor/livewire/livewire/src/Features/SupportLifecycleHooks/SupportLifecycleHooks.php(20): Livewire\\Features\\SupportLifecycleHooks\\SupportLifecycleHooks->callHook()
#13 /home/og/Desktop/projects/road/publishersclearinghouse/vendor/livewire/livewire/src/ComponentHook.php(19): Livewire\\Features\\SupportLifecycleHooks\\SupportLifecycleHooks->mount()
#14 /home/og/Desktop/projects/road/publishersclearinghouse/vendor/livewire/livewire/src/ComponentHookRegistry.php(45): Livewire\\ComponentHook->callMount()
#15 /home/og/Desktop/projects/road/publishersclearinghouse/vendor/livewire/livewire/src/EventBus.php(60): Livewire\\ComponentHookRegistry::Livewire\\{closure}()
#16 /home/og/Desktop/projects/road/publishersclearinghouse/vendor/livewire/livewire/src/helpers.php(98): Livewire\\EventBus->trigger()
#17 /home/og/Desktop/projects/road/publishersclearinghouse/vendor/livewire/livewire/src/Mechanisms/HandleComponents/HandleComponents.php(50): Livewire\\trigger()
#18 /home/og/Desktop/projects/road/publishersclearinghouse/vendor/livewire/livewire/src/LivewireManager.php(73): Livewire\\Mechanisms\\HandleComponents\\HandleComponents->mount()
#19 /home/og/Desktop/projects/road/publishersclearinghouse/vendor/livewire/livewire/src/Features/SupportPageComponents/HandlesPageComponents.php(17): Livewire\\LivewireManager->mount()
#20 /home/og/Desktop/projects/road/publishersclearinghouse/vendor/livewire/livewire/src/Features/SupportPageComponents/SupportPageComponents.php(117): Livewire\\Component->Livewire\\Features\\SupportPageComponents\\{closure}()
#21 /home/og/Desktop/projects/road/publishersclearinghouse/vendor/livewire/livewire/src/Features/SupportPageComponents/HandlesPageComponents.php(14): Livewire\\Features\\SupportPageComponents\\SupportPageComponents::interceptTheRenderOfTheComponentAndRetreiveTheLayoutConfiguration()
#22 /home/og/Desktop/projects/road/publishersclearinghouse/vendor/laravel/framework/src/Illuminate/Routing/ControllerDispatcher.php(47): Livewire\\Component->__invoke()
#23 /home/og/Desktop/projects/road/publishersclearinghouse/vendor/laravel/framework/src/Illuminate/Routing/Route.php(266): Illuminate\\Routing\\ControllerDispatcher->dispatch()
#24 /home/og/Desktop/projects/road/publishersclearinghouse/vendor/laravel/framework/src/Illuminate/Routing/Route.php(212): Illuminate\\Routing\\Route->runController()
#25 /home/og/Desktop/projects/road/publishersclearinghouse/vendor/laravel/framework/src/Illuminate/Routing/Router.php(808): Illuminate\\Routing\\Route->run()
#26 /home/og/Desktop/projects/road/publishersclearinghouse/vendor/laravel/framework/src/Illuminate/Pipeline/Pipeline.php(170): Illuminate\\Routing\\Router->Illuminate\\Routing\\{closure}()
#27 /home/og/Desktop/projects/road/publishersclearinghouse/vendor/filament/filament/src/Http/Middleware/DispatchServingFilamentEvent.php(15): Illuminate\\Pipeline\\Pipeline->Illuminate\\Pipeline\\{closure}()
#28 /home/og/Desktop/projects/road/publishersclearinghouse/vendor/laravel/framework/src/Illuminate/Pipeline/Pipeline.php(209): Filament\\Http\\Middleware\\DispatchServingFilamentEvent->handle()
#29 /home/og/Desktop/projects/road/publishersclearinghouse/vendor/filament/filament/src/Http/Middleware/DisableBladeIconComponents.php(14): Illuminate\\Pipeline\\Pipeline->Illuminate\\Pipeline\\{closure}()
#30 /home/og/Desktop/projects/road/publishersclearinghouse/vendor/laravel/framework/src/Illuminate/Pipeline/Pipeline.php(209): Filament\\Http\\Middleware\\DisableBladeIconComponents->handle()
#31 /home/og/Desktop/projects/road/publishersclearinghouse/vendor/laravel/framework/src/Illuminate/Routing/Middleware/SubstituteBindings.php(51): Illuminate\\Pipeline\\Pipeline->Illuminate\\Pipeline\\{closure}()
#32 /home/og/Desktop/projects/road/publishersclearinghouse/vendor/laravel/framework/src/Illuminate/Pipeline/Pipeline.php(209): Illuminate\\Routing\\Middleware\\SubstituteBindings->handle()
#33 /home/og/Desktop/projects/road/publishersclearinghouse/vendor/laravel/framework/src/Illuminate/Auth/Middleware/Authenticate.php(64): Illuminate\\Pipeline\\Pipeline->Illuminate\\Pipeline\\{closure}()
#34 /home/og/Desktop/projects/road/publishersclearinghouse/vendor/laravel/framework/src/Illuminate/Pipeline/Pipeline.php(209): Illuminate\\Auth\\Middleware\\Authenticate->handle()
#35 /home/og/Desktop/projects/road/publishersclearinghouse/vendor/laravel/framework/src/Illuminate/Foundation/Http/Middleware/VerifyCsrfToken.php(88): Illuminate\\Pipeline\\Pipeline->Illuminate\\Pipeline\\{closure}()
#36 /home/og/Desktop/projects/road/publishersclearinghouse/vendor/laravel/framework/src/Illuminate/Pipeline/Pipeline.php(209): Illuminate\\Foundation\\Http\\Middleware\\VerifyCsrfToken->handle()
#37 /home/og/Desktop/projects/road/publishersclearinghouse/vendor/laravel/framework/src/Illuminate/View/Middleware/ShareErrorsFromSession.php(49): Illuminate\\Pipeline\\Pipeline->Illuminate\\Pipeline\\{closure}()
#38 /home/og/Desktop/projects/road/publishersclearinghouse/vendor/laravel/framework/src/Illuminate/Pipeline/Pipeline.php(209): Illuminate\\View\\Middleware\\ShareErrorsFromSession->handle()
#39 /home/og/Desktop/projects/road/publishersclearinghouse/vendor/laravel/framework/src/Illuminate/Session/Middleware/StartSession.php(121): Illuminate\\Pipeline\\Pipeline->Illuminate\\Pipeline\\{closure}()
#40 /home/og/Desktop/projects/road/publishersclearinghouse/vendor/laravel/framework/src/Illuminate/Session/Middleware/StartSession.php(64): Illuminate\\Session\\Middleware\\StartSession->handleStatefulRequest()
#41 /home/og/Desktop/projects/road/publishersclearinghouse/vendor/laravel/framework/src/Illuminate/Pipeline/Pipeline.php(209): Illuminate\\Session\\Middleware\\StartSession->handle()
#42 /home/og/Desktop/projects/road/publishersclearinghouse/vendor/laravel/framework/src/Illuminate/Cookie/Middleware/AddQueuedCookiesToResponse.php(37): Illuminate\\Pipeline\\Pipeline->Illuminate\\Pipeline\\{closure}()
#43 /home/og/Desktop/projects/road/publishersclearinghouse/vendor/laravel/framework/src/Illuminate/Pipeline/Pipeline.php(209): Illuminate\\Cookie\\Middleware\\AddQueuedCookiesToResponse->handle()
#44 /home/og/Desktop/projects/road/publishersclearinghouse/vendor/laravel/framework/src/Illuminate/Cookie/Middleware/EncryptCookies.php(75): Illuminate\\Pipeline\\Pipeline->Illuminate\\Pipeline\\{closure}()
#45 /home/og/Desktop/projects/road/publishersclearinghouse/vendor/laravel/framework/src/Illuminate/Pipeline/Pipeline.php(209): Illuminate\\Cookie\\Middleware\\EncryptCookies->handle()
#46 /home/og/Desktop/projects/road/publishersclearinghouse/vendor/filament/filament/src/Http/Middleware/SetUpPanel.php(19): Illuminate\\Pipeline\\Pipeline->Illuminate\\Pipeline\\{closure}()
#47 /home/og/Desktop/projects/road/publishersclearinghouse/vendor/laravel/framework/src/Illuminate/Pipeline/Pipeline.php(209): Filament\\Http\\Middleware\\SetUpPanel->handle()
#48 /home/og/Desktop/projects/road/publishersclearinghouse/vendor/laravel/framework/src/Illuminate/Pipeline/Pipeline.php(127): Illuminate\\Pipeline\\Pipeline->Illuminate\\Pipeline\\{closure}()
#49 /home/og/Desktop/projects/road/publishersclearinghouse/vendor/laravel/framework/src/Illuminate/Routing/Router.php(807): Illuminate\\Pipeline\\Pipeline->then()
#50 /home/og/Desktop/projects/road/publishersclearinghouse/vendor/laravel/framework/src/Illuminate/Routing/Router.php(786): Illuminate\\Routing\\Router->runRouteWithinStack()
#51 /home/og/Desktop/projects/road/publishersclearinghouse/vendor/laravel/framework/src/Illuminate/Routing/Router.php(750): Illuminate\\Routing\\Router->runRoute()
#52 /home/og/Desktop/projects/road/publishersclearinghouse/vendor/laravel/framework/src/Illuminate/Routing/Router.php(739): Illuminate\\Routing\\Router->dispatchToRoute()
#53 /home/og/Desktop/projects/road/publishersclearinghouse/vendor/laravel/framework/src/Illuminate/Foundation/Http/Kernel.php(201): Illuminate\\Routing\\Router->dispatch()
#54 /home/og/Desktop/projects/road/publishersclearinghouse/vendor/laravel/framework/src/Illuminate/Pipeline/Pipeline.php(170): Illuminate\\Foundation\\Http\\Kernel->Illuminate\\Foundation\\Http\\{closure}()
#55 /home/og/Desktop/projects/road/publishersclearinghouse/vendor/livewire/livewire/src/Features/SupportDisablingBackButtonCache/DisableBackButtonCacheMiddleware.php(19): Illuminate\\Pipeline\\Pipeline->Illuminate\\Pipeline\\{closure}()
#56 /home/og/Desktop/projects/road/publishersclearinghouse/vendor/laravel/framework/src/Illuminate/Pipeline/Pipeline.php(209): Livewire\\Features\\SupportDisablingBackButtonCache\\DisableBackButtonCacheMiddleware->handle()
#57 /home/og/Desktop/projects/road/publishersclearinghouse/vendor/laravel/framework/src/Illuminate/Foundation/Http/Middleware/TransformsRequest.php(21): Illuminate\\Pipeline\\Pipeline->Illuminate\\Pipeline\\{closure}()
#58 /home/og/Desktop/projects/road/publishersclearinghouse/vendor/laravel/framework/src/Illuminate/Foundation/Http/Middleware/ConvertEmptyStringsToNull.php(31): Illuminate\\Foundation\\Http\\Middleware\\TransformsRequest->handle()
#59 /home/og/Desktop/projects/road/publishersclearinghouse/vendor/laravel/framework/src/Illuminate/Pipeline/Pipeline.php(209): Illuminate\\Foundation\\Http\\Middleware\\ConvertEmptyStringsToNull->handle()
#60 /home/og/Desktop/projects/road/publishersclearinghouse/vendor/laravel/framework/src/Illuminate/Foundation/Http/Middleware/TransformsRequest.php(21): Illuminate\\Pipeline\\Pipeline->Illuminate\\Pipeline\\{closure}()
#61 /home/og/Desktop/projects/road/publishersclearinghouse/vendor/laravel/framework/src/Illuminate/Foundation/Http/Middleware/TrimStrings.php(51): Illuminate\\Foundation\\Http\\Middleware\\TransformsRequest->handle()
#62 /home/og/Desktop/projects/road/publishersclearinghouse/vendor/laravel/framework/src/Illuminate/Pipeline/Pipeline.php(209): Illuminate\\Foundation\\Http\\Middleware\\TrimStrings->handle()
#63 /home/og/Desktop/projects/road/publishersclearinghouse/vendor/laravel/framework/src/Illuminate/Http/Middleware/ValidatePostSize.php(27): Illuminate\\Pipeline\\Pipeline->Illuminate\\Pipeline\\{closure}()
#64 /home/og/Desktop/projects/road/publishersclearinghouse/vendor/laravel/framework/src/Illuminate/Pipeline/Pipeline.php(209): Illuminate\\Http\\Middleware\\ValidatePostSize->handle()
#65 /home/og/Desktop/projects/road/publishersclearinghouse/vendor/laravel/framework/src/Illuminate/Foundation/Http/Middleware/PreventRequestsDuringMaintenance.php(110): Illuminate\\Pipeline\\Pipeline->Illuminate\\Pipeline\\{closure}()
#66 /home/og/Desktop/projects/road/publishersclearinghouse/vendor/laravel/framework/src/Illuminate/Pipeline/Pipeline.php(209): Illuminate\\Foundation\\Http\\Middleware\\PreventRequestsDuringMaintenance->handle()
#67 /home/og/Desktop/projects/road/publishersclearinghouse/vendor/laravel/framework/src/Illuminate/Http/Middleware/HandleCors.php(49): Illuminate\\Pipeline\\Pipeline->Illuminate\\Pipeline\\{closure}()
#68 /home/og/Desktop/projects/road/publishersclearinghouse/vendor/laravel/framework/src/Illuminate/Pipeline/Pipeline.php(209): Illuminate\\Http\\Middleware\\HandleCors->handle()
#69 /home/og/Desktop/projects/road/publishersclearinghouse/vendor/laravel/framework/src/Illuminate/Http/Middleware/TrustProxies.php(58): Illuminate\\Pipeline\\Pipeline->Illuminate\\Pipeline\\{closure}()
#70 /home/og/Desktop/projects/road/publishersclearinghouse/vendor/laravel/framework/src/Illuminate/Pipeline/Pipeline.php(209): Illuminate\\Http\\Middleware\\TrustProxies->handle()
#71 /home/og/Desktop/projects/road/publishersclearinghouse/vendor/laravel/framework/src/Illuminate/Foundation/Http/Middleware/InvokeDeferredCallbacks.php(22): Illuminate\\Pipeline\\Pipeline->Illuminate\\Pipeline\\{closure}()
#72 /home/og/Desktop/projects/road/publishersclearinghouse/vendor/laravel/framework/src/Illuminate/Pipeline/Pipeline.php(209): Illuminate\\Foundation\\Http\\Middleware\\InvokeDeferredCallbacks->handle()
#73 /home/og/Desktop/projects/road/publishersclearinghouse/vendor/laravel/framework/src/Illuminate/Pipeline/Pipeline.php(127): Illuminate\\Pipeline\\Pipeline->Illuminate\\Pipeline\\{closure}()
#74 /home/og/Desktop/projects/road/publishersclearinghouse/vendor/laravel/framework/src/Illuminate/Foundation/Http/Kernel.php(176): Illuminate\\Pipeline\\Pipeline->then()
#75 /home/og/Desktop/projects/road/publishersclearinghouse/vendor/laravel/framework/src/Illuminate/Foundation/Http/Kernel.php(145): Illuminate\\Foundation\\Http\\Kernel->sendRequestThroughRouter()
#76 /home/og/Desktop/projects/road/publishersclearinghouse/public/index.php(17): Illuminate\\Foundation\\Http\\Kernel->handle()
#77 /home/og/Desktop/projects/road/publishersclearinghouse/vendor/laravel/framework/src/Illuminate/Foundation/resources/server.php(23): require_once('...')
#78 {main}
"} 
[2026-07-11 10:57:22] local.ERROR: Filament\Forms\ComponentContainer::Filament\Forms\Concerns\{closure}(): Argument #1 ($component) must be of type Filament\Forms\Components\Component, Filament\Tables\Columns\TextColumn given {"userId":3,"exception":"[object] (TypeError(code: 0): Filament\\Forms\\ComponentContainer::Filament\\Forms\\Concerns\\{closure}(): Argument #1 ($component) must be of type Filament\\Forms\\Components\\Component, Filament\\Tables\\Columns\\TextColumn given at /home/og/Desktop/projects/road/publishersclearinghouse/vendor/filament/forms/src/Concerns/HasComponents.php:122)
[stacktrace]
#0 [internal function]: Filament\\Forms\\ComponentContainer->Filament\\Forms\\Concerns\\{closure}()
#1 /home/og/Desktop/projects/road/publishersclearinghouse/vendor/filament/forms/src/Concerns/HasComponents.php(122): array_map()
#2 /home/og/Desktop/projects/road/publishersclearinghouse/vendor/filament/forms/src/Concerns/HasState.php(215): Filament\\Forms\\ComponentContainer->getComponents()
#3 /home/og/Desktop/projects/road/publishersclearinghouse/vendor/filament/forms/src/Concerns/HasState.php(201): Filament\\Forms\\ComponentContainer->hydrateState()
#4 /home/og/Desktop/projects/road/publishersclearinghouse/vendor/filament/filament/src/Resources/Pages/CreateRecord.php(79): Filament\\Forms\\ComponentContainer->fill()
#5 /home/og/Desktop/projects/road/publishersclearinghouse/vendor/filament/filament/src/Resources/Pages/CreateRecord.php(60): Filament\\Resources\\Pages\\CreateRecord->fillForm()
#6 /home/og/Desktop/projects/road/publishersclearinghouse/vendor/laravel/framework/src/Illuminate/Container/BoundMethod.php(36): Filament\\Resources\\Pages\\CreateRecord->mount()
#7 /home/og/Desktop/projects/road/publishersclearinghouse/vendor/laravel/framework/src/Illuminate/Container/Util.php(43): Illuminate\\Container\\BoundMethod::Illuminate\\Container\\{closure}()
#8 /home/og/Desktop/projects/road/publishersclearinghouse/vendor/laravel/framework/src/Illuminate/Container/BoundMethod.php(95): Illuminate\\Container\\Util::unwrapIfClosure()
#9 /home/og/Desktop/projects/road/publishersclearinghouse/vendor/laravel/framework/src/Illuminate/Container/BoundMethod.php(35): Illuminate\\Container\\BoundMethod::callBoundMethod()
#10 /home/og/Desktop/projects/road/publishersclearinghouse/vendor/livewire/livewire/src/Wrapped.php(23): Illuminate\\Container\\BoundMethod::call()
#11 /home/og/Desktop/projects/road/publishersclearinghouse/vendor/livewire/livewire/src/Features/SupportLifecycleHooks/SupportLifecycleHooks.php(134): Livewire\\Wrapped->__call()
#12 /home/og/Desktop/projects/road/publishersclearinghouse/vendor/livewire/livewire/src/Features/SupportLifecycleHooks/SupportLifecycleHooks.php(20): Livewire\\Features\\SupportLifecycleHooks\\SupportLifecycleHooks->callHook()
#13 /home/og/Desktop/projects/road/publishersclearinghouse/vendor/livewire/livewire/src/ComponentHook.php(19): Livewire\\Features\\SupportLifecycleHooks\\SupportLifecycleHooks->mount()
#14 /home/og/Desktop/projects/road/publishersclearinghouse/vendor/livewire/livewire/src/ComponentHookRegistry.php(45): Livewire\\ComponentHook->callMount()
#15 /home/og/Desktop/projects/road/publishersclearinghouse/vendor/livewire/livewire/src/EventBus.php(60): Livewire\\ComponentHookRegistry::Livewire\\{closure}()
#16 /home/og/Desktop/projects/road/publishersclearinghouse/vendor/livewire/livewire/src/helpers.php(98): Livewire\\EventBus->trigger()
#17 /home/og/Desktop/projects/road/publishersclearinghouse/vendor/livewire/livewire/src/Mechanisms/HandleComponents/HandleComponents.php(50): Livewire\\trigger()
#18 /home/og/Desktop/projects/road/publishersclearinghouse/vendor/livewire/livewire/src/LivewireManager.php(73): Livewire\\Mechanisms\\HandleComponents\\HandleComponents->mount()
#19 /home/og/Desktop/projects/road/publishersclearinghouse/vendor/livewire/livewire/src/Features/SupportPageComponents/HandlesPageComponents.php(17): Livewire\\LivewireManager->mount()
#20 /home/og/Desktop/projects/road/publishersclearinghouse/vendor/livewire/livewire/src/Features/SupportPageComponents/SupportPageComponents.php(117): Livewire\\Component->Livewire\\Features\\SupportPageComponents\\{closure}()
#21 /home/og/Desktop/projects/road/publishersclearinghouse/vendor/livewire/livewire/src/Features/SupportPageComponents/HandlesPageComponents.php(14): Livewire\\Features\\SupportPageComponents\\SupportPageComponents::interceptTheRenderOfTheComponentAndRetreiveTheLayoutConfiguration()
#22 /home/og/Desktop/projects/road/publishersclearinghouse/vendor/laravel/framework/src/Illuminate/Routing/ControllerDispatcher.php(47): Livewire\\Component->__invoke()
#23 /home/og/Desktop/projects/road/publishersclearinghouse/vendor/laravel/framework/src/Illuminate/Routing/Route.php(266): Illuminate\\Routing\\ControllerDispatcher->dispatch()
#24 /home/og/Desktop/projects/road/publishersclearinghouse/vendor/laravel/framework/src/Illuminate/Routing/Route.php(212): Illuminate\\Routing\\Route->runController()
#25 /home/og/Desktop/projects/road/publishersclearinghouse/vendor/laravel/framework/src/Illuminate/Routing/Router.php(808): Illuminate\\Routing\\Route->run()
#26 /home/og/Desktop/projects/road/publishersclearinghouse/vendor/laravel/framework/src/Illuminate/Pipeline/Pipeline.php(170): Illuminate\\Routing\\Router->Illuminate\\Routing\\{closure}()
#27 /home/og/Desktop/projects/road/publishersclearinghouse/vendor/filament/filament/src/Http/Middleware/DispatchServingFilamentEvent.php(15): Illuminate\\Pipeline\\Pipeline->Illuminate\\Pipeline\\{closure}()
#28 /home/og/Desktop/projects/road/publishersclearinghouse/vendor/laravel/framework/src/Illuminate/Pipeline/Pipeline.php(209): Filament\\Http\\Middleware\\DispatchServingFilamentEvent->handle()
#29 /home/og/Desktop/projects/road/publishersclearinghouse/vendor/filament/filament/src/Http/Middleware/DisableBladeIconComponents.php(14): Illuminate\\Pipeline\\Pipeline->Illuminate\\Pipeline\\{closure}()
#30 /home/og/Desktop/projects/road/publishersclearinghouse/vendor/laravel/framework/src/Illuminate/Pipeline/Pipeline.php(209): Filament\\Http\\Middleware\\DisableBladeIconComponents->handle()
#31 /home/og/Desktop/projects/road/publishersclearinghouse/vendor/laravel/framework/src/Illuminate/Routing/Middleware/SubstituteBindings.php(51): Illuminate\\Pipeline\\Pipeline->Illuminate\\Pipeline\\{closure}()
#32 /home/og/Desktop/projects/road/publishersclearinghouse/vendor/laravel/framework/src/Illuminate/Pipeline/Pipeline.php(209): Illuminate\\Routing\\Middleware\\SubstituteBindings->handle()
#33 /home/og/Desktop/projects/road/publishersclearinghouse/vendor/laravel/framework/src/Illuminate/Auth/Middleware/Authenticate.php(64): Illuminate\\Pipeline\\Pipeline->Illuminate\\Pipeline\\{closure}()
#34 /home/og/Desktop/projects/road/publishersclearinghouse/vendor/laravel/framework/src/Illuminate/Pipeline/Pipeline.php(209): Illuminate\\Auth\\Middleware\\Authenticate->handle()
#35 /home/og/Desktop/projects/road/publishersclearinghouse/vendor/laravel/framework/src/Illuminate/Foundation/Http/Middleware/VerifyCsrfToken.php(88): Illuminate\\Pipeline\\Pipeline->Illuminate\\Pipeline\\{closure}()
#36 /home/og/Desktop/projects/road/publishersclearinghouse/vendor/laravel/framework/src/Illuminate/Pipeline/Pipeline.php(209): Illuminate\\Foundation\\Http\\Middleware\\VerifyCsrfToken->handle()
#37 /home/og/Desktop/projects/road/publishersclearinghouse/vendor/laravel/framework/src/Illuminate/View/Middleware/ShareErrorsFromSession.php(49): Illuminate\\Pipeline\\Pipeline->Illuminate\\Pipeline\\{closure}()
#38 /home/og/Desktop/projects/road/publishersclearinghouse/vendor/laravel/framework/src/Illuminate/Pipeline/Pipeline.php(209): Illuminate\\View\\Middleware\\ShareErrorsFromSession->handle()
#39 /home/og/Desktop/projects/road/publishersclearinghouse/vendor/laravel/framework/src/Illuminate/Session/Middleware/StartSession.php(121): Illuminate\\Pipeline\\Pipeline->Illuminate\\Pipeline\\{closure}()
#40 /home/og/Desktop/projects/road/publishersclearinghouse/vendor/laravel/framework/src/Illuminate/Session/Middleware/StartSession.php(64): Illuminate\\Session\\Middleware\\StartSession->handleStatefulRequest()
#41 /home/og/Desktop/projects/road/publishersclearinghouse/vendor/laravel/framework/src/Illuminate/Pipeline/Pipeline.php(209): Illuminate\\Session\\Middleware\\StartSession->handle()
#42 /home/og/Desktop/projects/road/publishersclearinghouse/vendor/laravel/framework/src/Illuminate/Cookie/Middleware/AddQueuedCookiesToResponse.php(37): Illuminate\\Pipeline\\Pipeline->Illuminate\\Pipeline\\{closure}()
#43 /home/og/Desktop/projects/road/publishersclearinghouse/vendor/laravel/framework/src/Illuminate/Pipeline/Pipeline.php(209): Illuminate\\Cookie\\Middleware\\AddQueuedCookiesToResponse->handle()
#44 /home/og/Desktop/projects/road/publishersclearinghouse/vendor/laravel/framework/src/Illuminate/Cookie/Middleware/EncryptCookies.php(75): Illuminate\\Pipeline\\Pipeline->Illuminate\\Pipeline\\{closure}()
#45 /home/og/Desktop/projects/road/publishersclearinghouse/vendor/laravel/framework/src/Illuminate/Pipeline/Pipeline.php(209): Illuminate\\Cookie\\Middleware\\EncryptCookies->handle()
#46 /home/og/Desktop/projects/road/publishersclearinghouse/vendor/filament/filament/src/Http/Middleware/SetUpPanel.php(19): Illuminate\\Pipeline\\Pipeline->Illuminate\\Pipeline\\{closure}()
#47 /home/og/Desktop/projects/road/publishersclearinghouse/vendor/laravel/framework/src/Illuminate/Pipeline/Pipeline.php(209): Filament\\Http\\Middleware\\SetUpPanel->handle()
#48 /home/og/Desktop/projects/road/publishersclearinghouse/vendor/laravel/framework/src/Illuminate/Pipeline/Pipeline.php(127): Illuminate\\Pipeline\\Pipeline->Illuminate\\Pipeline\\{closure}()
#49 /home/og/Desktop/projects/road/publishersclearinghouse/vendor/laravel/framework/src/Illuminate/Routing/Router.php(807): Illuminate\\Pipeline\\Pipeline->then()
#50 /home/og/Desktop/projects/road/publishersclearinghouse/vendor/laravel/framework/src/Illuminate/Routing/Router.php(786): Illuminate\\Routing\\Router->runRouteWithinStack()
#51 /home/og/Desktop/projects/road/publishersclearinghouse/vendor/laravel/framework/src/Illuminate/Routing/Router.php(750): Illuminate\\Routing\\Router->runRoute()
#52 /home/og/Desktop/projects/road/publishersclearinghouse/vendor/laravel/framework/src/Illuminate/Routing/Router.php(739): Illuminate\\Routing\\Router->dispatchToRoute()
#53 /home/og/Desktop/projects/road/publishersclearinghouse/vendor/laravel/framework/src/Illuminate/Foundation/Http/Kernel.php(201): Illuminate\\Routing\\Router->dispatch()
#54 /home/og/Desktop/projects/road/publishersclearinghouse/vendor/laravel/framework/src/Illuminate/Pipeline/Pipeline.php(170): Illuminate\\Foundation\\Http\\Kernel->Illuminate\\Foundation\\Http\\{closure}()
#55 /home/og/Desktop/projects/road/publishersclearinghouse/vendor/livewire/livewire/src/Features/SupportDisablingBackButtonCache/DisableBackButtonCacheMiddleware.php(19): Illuminate\\Pipeline\\Pipeline->Illuminate\\Pipeline\\{closure}()
#56 /home/og/Desktop/projects/road/publishersclearinghouse/vendor/laravel/framework/src/Illuminate/Pipeline/Pipeline.php(209): Livewire\\Features\\SupportDisablingBackButtonCache\\DisableBackButtonCacheMiddleware->handle()
#57 /home/og/Desktop/projects/road/publishersclearinghouse/vendor/laravel/framework/src/Illuminate/Foundation/Http/Middleware/TransformsRequest.php(21): Illuminate\\Pipeline\\Pipeline->Illuminate\\Pipeline\\{closure}()
#58 /home/og/Desktop/projects/road/publishersclearinghouse/vendor/laravel/framework/src/Illuminate/Foundation/Http/Middleware/ConvertEmptyStringsToNull.php(31): Illuminate\\Foundation\\Http\\Middleware\\TransformsRequest->handle()
#59 /home/og/Desktop/projects/road/publishersclearinghouse/vendor/laravel/framework/src/Illuminate/Pipeline/Pipeline.php(209): Illuminate\\Foundation\\Http\\Middleware\\ConvertEmptyStringsToNull->handle()
#60 /home/og/Desktop/projects/road/publishersclearinghouse/vendor/laravel/framework/src/Illuminate/Foundation/Http/Middleware/TransformsRequest.php(21): Illuminate\\Pipeline\\Pipeline->Illuminate\\Pipeline\\{closure}()
#61 /home/og/Desktop/projects/road/publishersclearinghouse/vendor/laravel/framework/src/Illuminate/Foundation/Http/Middleware/TrimStrings.php(51): Illuminate\\Foundation\\Http\\Middleware\\TransformsRequest->handle()
#62 /home/og/Desktop/projects/road/publishersclearinghouse/vendor/laravel/framework/src/Illuminate/Pipeline/Pipeline.php(209): Illuminate\\Foundation\\Http\\Middleware\\TrimStrings->handle()
#63 /home/og/Desktop/projects/road/publishersclearinghouse/vendor/laravel/framework/src/Illuminate/Http/Middleware/ValidatePostSize.php(27): Illuminate\\Pipeline\\Pipeline->Illuminate\\Pipeline\\{closure}()
#64 /home/og/Desktop/projects/road/publishersclearinghouse/vendor/laravel/framework/src/Illuminate/Pipeline/Pipeline.php(209): Illuminate\\Http\\Middleware\\ValidatePostSize->handle()
#65 /home/og/Desktop/projects/road/publishersclearinghouse/vendor/laravel/framework/src/Illuminate/Foundation/Http/Middleware/PreventRequestsDuringMaintenance.php(110): Illuminate\\Pipeline\\Pipeline->Illuminate\\Pipeline\\{closure}()
#66 /home/og/Desktop/projects/road/publishersclearinghouse/vendor/laravel/framework/src/Illuminate/Pipeline/Pipeline.php(209): Illuminate\\Foundation\\Http\\Middleware\\PreventRequestsDuringMaintenance->handle()
#67 /home/og/Desktop/projects/road/publishersclearinghouse/vendor/laravel/framework/src/Illuminate/Http/Middleware/HandleCors.php(49): Illuminate\\Pipeline\\Pipeline->Illuminate\\Pipeline\\{closure}()
#68 /home/og/Desktop/projects/road/publishersclearinghouse/vendor/laravel/framework/src/Illuminate/Pipeline/Pipeline.php(209): Illuminate\\Http\\Middleware\\HandleCors->handle()
#69 /home/og/Desktop/projects/road/publishersclearinghouse/vendor/laravel/framework/src/Illuminate/Http/Middleware/TrustProxies.php(58): Illuminate\\Pipeline\\Pipeline->Illuminate\\Pipeline\\{closure}()
#70 /home/og/Desktop/projects/road/publishersclearinghouse/vendor/laravel/framework/src/Illuminate/Pipeline/Pipeline.php(209): Illuminate\\Http\\Middleware\\TrustProxies->handle()
#71 /home/og/Desktop/projects/road/publishersclearinghouse/vendor/laravel/framework/src/Illuminate/Foundation/Http/Middleware/InvokeDeferredCallbacks.php(22): Illuminate\\Pipeline\\Pipeline->Illuminate\\Pipeline\\{closure}()
#72 /home/og/Desktop/projects/road/publishersclearinghouse/vendor/laravel/framework/src/Illuminate/Pipeline/Pipeline.php(209): Illuminate\\Foundation\\Http\\Middleware\\InvokeDeferredCallbacks->handle()
#73 /home/og/Desktop/projects/road/publishersclearinghouse/vendor/laravel/framework/src/Illuminate/Pipeline/Pipeline.php(127): Illuminate\\Pipeline\\Pipeline->Illuminate\\Pipeline\\{closure}()
#74 /home/og/Desktop/projects/road/publishersclearinghouse/vendor/laravel/framework/src/Illuminate/Foundation/Http/Kernel.php(176): Illuminate\\Pipeline\\Pipeline->then()
#75 /home/og/Desktop/projects/road/publishersclearinghouse/vendor/laravel/framework/src/Illuminate/Foundation/Http/Kernel.php(145): Illuminate\\Foundation\\Http\\Kernel->sendRequestThroughRouter()
#76 /home/og/Desktop/projects/road/publishersclearinghouse/public/index.php(17): Illuminate\\Foundation\\Http\\Kernel->handle()
#77 /home/og/Desktop/projects/road/publishersclearinghouse/vendor/laravel/framework/src/Illuminate/Foundation/resources/server.php(23): require_once('...')
#78 {main}
"} 
[2026-07-11 11:01:47] local.ERROR: Filament\Forms\ComponentContainer::Filament\Forms\Concerns\{closure}(): Argument #1 ($component) must be of type Filament\Forms\Components\Component, Filament\Tables\Columns\TextColumn given {"userId":3,"exception":"[object] (TypeError(code: 0): Filament\\Forms\\ComponentContainer::Filament\\Forms\\Concerns\\{closure}(): Argument #1 ($component) must be of type Filament\\Forms\\Components\\Component, Filament\\Tables\\Columns\\TextColumn given at /home/og/Desktop/projects/road/publishersclearinghouse/vendor/filament/forms/src/Concerns/HasComponents.php:122)
[stacktrace]
#0 [internal function]: Filament\\Forms\\ComponentContainer->Filament\\Forms\\Concerns\\{closure}()
#1 /home/og/Desktop/projects/road/publishersclearinghouse/vendor/filament/forms/src/Concerns/HasComponents.php(122): array_map()
#2 /home/og/Desktop/projects/road/publishersclearinghouse/vendor/filament/forms/src/Concerns/HasState.php(215): Filament\\Forms\\ComponentContainer->getComponents()
#3 /home/og/Desktop/projects/road/publishersclearinghouse/vendor/filament/forms/src/Concerns/HasState.php(201): Filament\\Forms\\ComponentContainer->hydrateState()
#4 /home/og/Desktop/projects/road/publishersclearinghouse/vendor/filament/filament/src/Resources/Pages/CreateRecord.php(79): Filament\\Forms\\ComponentContainer->fill()
#5 /home/og/Desktop/projects/road/publishersclearinghouse/vendor/filament/filament/src/Resources/Pages/CreateRecord.php(60): Filament\\Resources\\Pages\\CreateRecord->fillForm()
#6 /home/og/Desktop/projects/road/publishersclearinghouse/vendor/laravel/framework/src/Illuminate/Container/BoundMethod.php(36): Filament\\Resources\\Pages\\CreateRecord->mount()
#7 /home/og/Desktop/projects/road/publishersclearinghouse/vendor/laravel/framework/src/Illuminate/Container/Util.php(43): Illuminate\\Container\\BoundMethod::Illuminate\\Container\\{closure}()
#8 /home/og/Desktop/projects/road/publishersclearinghouse/vendor/laravel/framework/src/Illuminate/Container/BoundMethod.php(95): Illuminate\\Container\\Util::unwrapIfClosure()
#9 /home/og/Desktop/projects/road/publishersclearinghouse/vendor/laravel/framework/src/Illuminate/Container/BoundMethod.php(35): Illuminate\\Container\\BoundMethod::callBoundMethod()
#10 /home/og/Desktop/projects/road/publishersclearinghouse/vendor/livewire/livewire/src/Wrapped.php(23): Illuminate\\Container\\BoundMethod::call()
#11 /home/og/Desktop/projects/road/publishersclearinghouse/vendor/livewire/livewire/src/Features/SupportLifecycleHooks/SupportLifecycleHooks.php(134): Livewire\\Wrapped->__call()
#12 /home/og/Desktop/projects/road/publishersclearinghouse/vendor/livewire/livewire/src/Features/SupportLifecycleHooks/SupportLifecycleHooks.php(20): Livewire\\Features\\SupportLifecycleHooks\\SupportLifecycleHooks->callHook()
#13 /home/og/Desktop/projects/road/publishersclearinghouse/vendor/livewire/livewire/src/ComponentHook.php(19): Livewire\\Features\\SupportLifecycleHooks\\SupportLifecycleHooks->mount()
#14 /home/og/Desktop/projects/road/publishersclearinghouse/vendor/livewire/livewire/src/ComponentHookRegistry.php(45): Livewire\\ComponentHook->callMount()
#15 /home/og/Desktop/projects/road/publishersclearinghouse/vendor/livewire/livewire/src/EventBus.php(60): Livewire\\ComponentHookRegistry::Livewire\\{closure}()
#16 /home/og/Desktop/projects/road/publishersclearinghouse/vendor/livewire/livewire/src/helpers.php(98): Livewire\\EventBus->trigger()
#17 /home/og/Desktop/projects/road/publishersclearinghouse/vendor/livewire/livewire/src/Mechanisms/HandleComponents/HandleComponents.php(50): Livewire\\trigger()
#18 /home/og/Desktop/projects/road/publishersclearinghouse/vendor/livewire/livewire/src/LivewireManager.php(73): Livewire\\Mechanisms\\HandleComponents\\HandleComponents->mount()
#19 /home/og/Desktop/projects/road/publishersclearinghouse/vendor/livewire/livewire/src/Features/SupportPageComponents/HandlesPageComponents.php(17): Livewire\\LivewireManager->mount()
#20 /home/og/Desktop/projects/road/publishersclearinghouse/vendor/livewire/livewire/src/Features/SupportPageComponents/SupportPageComponents.php(117): Livewire\\Component->Livewire\\Features\\SupportPageComponents\\{closure}()
#21 /home/og/Desktop/projects/road/publishersclearinghouse/vendor/livewire/livewire/src/Features/SupportPageComponents/HandlesPageComponents.php(14): Livewire\\Features\\SupportPageComponents\\SupportPageComponents::interceptTheRenderOfTheComponentAndRetreiveTheLayoutConfiguration()
#22 /home/og/Desktop/projects/road/publishersclearinghouse/vendor/laravel/framework/src/Illuminate/Routing/ControllerDispatcher.php(47): Livewire\\Component->__invoke()
#23 /home/og/Desktop/projects/road/publishersclearinghouse/vendor/laravel/framework/src/Illuminate/Routing/Route.php(266): Illuminate\\Routing\\ControllerDispatcher->dispatch()
#24 /home/og/Desktop/projects/road/publishersclearinghouse/vendor/laravel/framework/src/Illuminate/Routing/Route.php(212): Illuminate\\Routing\\Route->runController()
#25 /home/og/Desktop/projects/road/publishersclearinghouse/vendor/laravel/framework/src/Illuminate/Routing/Router.php(808): Illuminate\\Routing\\Route->run()
#26 /home/og/Desktop/projects/road/publishersclearinghouse/vendor/laravel/framework/src/Illuminate/Pipeline/Pipeline.php(170): Illuminate\\Routing\\Router->Illuminate\\Routing\\{closure}()
#27 /home/og/Desktop/projects/road/publishersclearinghouse/vendor/filament/filament/src/Http/Middleware/DispatchServingFilamentEvent.php(15): Illuminate\\Pipeline\\Pipeline->Illuminate\\Pipeline\\{closure}()
#28 /home/og/Desktop/projects/road/publishersclearinghouse/vendor/laravel/framework/src/Illuminate/Pipeline/Pipeline.php(209): Filament\\Http\\Middleware\\DispatchServingFilamentEvent->handle()
#29 /home/og/Desktop/projects/road/publishersclearinghouse/vendor/filament/filament/src/Http/Middleware/DisableBladeIconComponents.php(14): Illuminate\\Pipeline\\Pipeline->Illuminate\\Pipeline\\{closure}()
#30 /home/og/Desktop/projects/road/publishersclearinghouse/vendor/laravel/framework/src/Illuminate/Pipeline/Pipeline.php(209): Filament\\Http\\Middleware\\DisableBladeIconComponents->handle()
#31 /home/og/Desktop/projects/road/publishersclearinghouse/vendor/laravel/framework/src/Illuminate/Routing/Middleware/SubstituteBindings.php(51): Illuminate\\Pipeline\\Pipeline->Illuminate\\Pipeline\\{closure}()
#32 /home/og/Desktop/projects/road/publishersclearinghouse/vendor/laravel/framework/src/Illuminate/Pipeline/Pipeline.php(209): Illuminate\\Routing\\Middleware\\SubstituteBindings->handle()
#33 /home/og/Desktop/projects/road/publishersclearinghouse/vendor/laravel/framework/src/Illuminate/Auth/Middleware/Authenticate.php(64): Illuminate\\Pipeline\\Pipeline->Illuminate\\Pipeline\\{closure}()
#34 /home/og/Desktop/projects/road/publishersclearinghouse/vendor/laravel/framework/src/Illuminate/Pipeline/Pipeline.php(209): Illuminate\\Auth\\Middleware\\Authenticate->handle()
#35 /home/og/Desktop/projects/road/publishersclearinghouse/vendor/laravel/framework/src/Illuminate/Foundation/Http/Middleware/VerifyCsrfToken.php(88): Illuminate\\Pipeline\\Pipeline->Illuminate\\Pipeline\\{closure}()
#36 /home/og/Desktop/projects/road/publishersclearinghouse/vendor/laravel/framework/src/Illuminate/Pipeline/Pipeline.php(209): Illuminate\\Foundation\\Http\\Middleware\\VerifyCsrfToken->handle()
#37 /home/og/Desktop/projects/road/publishersclearinghouse/vendor/laravel/framework/src/Illuminate/View/Middleware/ShareErrorsFromSession.php(49): Illuminate\\Pipeline\\Pipeline->Illuminate\\Pipeline\\{closure}()
#38 /home/og/Desktop/projects/road/publishersclearinghouse/vendor/laravel/framework/src/Illuminate/Pipeline/Pipeline.php(209): Illuminate\\View\\Middleware\\ShareErrorsFromSession->handle()
#39 /home/og/Desktop/projects/road/publishersclearinghouse/vendor/laravel/framework/src/Illuminate/Session/Middleware/StartSession.php(121): Illuminate\\Pipeline\\Pipeline->Illuminate\\Pipeline\\{closure}()
#40 /home/og/Desktop/projects/road/publishersclearinghouse/vendor/laravel/framework/src/Illuminate/Session/Middleware/StartSession.php(64): Illuminate\\Session\\Middleware\\StartSession->handleStatefulRequest()
#41 /home/og/Desktop/projects/road/publishersclearinghouse/vendor/laravel/framework/src/Illuminate/Pipeline/Pipeline.php(209): Illuminate\\Session\\Middleware\\StartSession->handle()
#42 /home/og/Desktop/projects/road/publishersclearinghouse/vendor/laravel/framework/src/Illuminate/Cookie/Middleware/AddQueuedCookiesToResponse.php(37): Illuminate\\Pipeline\\Pipeline->Illuminate\\Pipeline\\{closure}()
#43 /home/og/Desktop/projects/road/publishersclearinghouse/vendor/laravel/framework/src/Illuminate/Pipeline/Pipeline.php(209): Illuminate\\Cookie\\Middleware\\AddQueuedCookiesToResponse->handle()
#44 /home/og/Desktop/projects/road/publishersclearinghouse/vendor/laravel/framework/src/Illuminate/Cookie/Middleware/EncryptCookies.php(75): Illuminate\\Pipeline\\Pipeline->Illuminate\\Pipeline\\{closure}()
#45 /home/og/Desktop/projects/road/publishersclearinghouse/vendor/laravel/framework/src/Illuminate/Pipeline/Pipeline.php(209): Illuminate\\Cookie\\Middleware\\EncryptCookies->handle()
#46 /home/og/Desktop/projects/road/publishersclearinghouse/vendor/filament/filament/src/Http/Middleware/SetUpPanel.php(19): Illuminate\\Pipeline\\Pipeline->Illuminate\\Pipeline\\{closure}()
#47 /home/og/Desktop/projects/road/publishersclearinghouse/vendor/laravel/framework/src/Illuminate/Pipeline/Pipeline.php(209): Filament\\Http\\Middleware\\SetUpPanel->handle()
#48 /home/og/Desktop/projects/road/publishersclearinghouse/vendor/laravel/framework/src/Illuminate/Pipeline/Pipeline.php(127): Illuminate\\Pipeline\\Pipeline->Illuminate\\Pipeline\\{closure}()
#49 /home/og/Desktop/projects/road/publishersclearinghouse/vendor/laravel/framework/src/Illuminate/Routing/Router.php(807): Illuminate\\Pipeline\\Pipeline->then()
#50 /home/og/Desktop/projects/road/publishersclearinghouse/vendor/laravel/framework/src/Illuminate/Routing/Router.php(786): Illuminate\\Routing\\Router->runRouteWithinStack()
#51 /home/og/Desktop/projects/road/publishersclearinghouse/vendor/laravel/framework/src/Illuminate/Routing/Router.php(750): Illuminate\\Routing\\Router->runRoute()
#52 /home/og/Desktop/projects/road/publishersclearinghouse/vendor/laravel/framework/src/Illuminate/Routing/Router.php(739): Illuminate\\Routing\\Router->dispatchToRoute()
#53 /home/og/Desktop/projects/road/publishersclearinghouse/vendor/laravel/framework/src/Illuminate/Foundation/Http/Kernel.php(201): Illuminate\\Routing\\Router->dispatch()
#54 /home/og/Desktop/projects/road/publishersclearinghouse/vendor/laravel/framework/src/Illuminate/Pipeline/Pipeline.php(170): Illuminate\\Foundation\\Http\\Kernel->Illuminate\\Foundation\\Http\\{closure}()
#55 /home/og/Desktop/projects/road/publishersclearinghouse/vendor/livewire/livewire/src/Features/SupportDisablingBackButtonCache/DisableBackButtonCacheMiddleware.php(19): Illuminate\\Pipeline\\Pipeline->Illuminate\\Pipeline\\{closure}()
#56 /home/og/Desktop/projects/road/publishersclearinghouse/vendor/laravel/framework/src/Illuminate/Pipeline/Pipeline.php(209): Livewire\\Features\\SupportDisablingBackButtonCache\\DisableBackButtonCacheMiddleware->handle()
#57 /home/og/Desktop/projects/road/publishersclearinghouse/vendor/laravel/framework/src/Illuminate/Foundation/Http/Middleware/TransformsRequest.php(21): Illuminate\\Pipeline\\Pipeline->Illuminate\\Pipeline\\{closure}()
#58 /home/og/Desktop/projects/road/publishersclearinghouse/vendor/laravel/framework/src/Illuminate/Foundation/Http/Middleware/ConvertEmptyStringsToNull.php(31): Illuminate\\Foundation\\Http\\Middleware\\TransformsRequest->handle()
#59 /home/og/Desktop/projects/road/publishersclearinghouse/vendor/laravel/framework/src/Illuminate/Pipeline/Pipeline.php(209): Illuminate\\Foundation\\Http\\Middleware\\ConvertEmptyStringsToNull->handle()
#60 /home/og/Desktop/projects/road/publishersclearinghouse/vendor/laravel/framework/src/Illuminate/Foundation/Http/Middleware/TransformsRequest.php(21): Illuminate\\Pipeline\\Pipeline->Illuminate\\Pipeline\\{closure}()
#61 /home/og/Desktop/projects/road/publishersclearinghouse/vendor/laravel/framework/src/Illuminate/Foundation/Http/Middleware/TrimStrings.php(51): Illuminate\\Foundation\\Http\\Middleware\\TransformsRequest->handle()
#62 /home/og/Desktop/projects/road/publishersclearinghouse/vendor/laravel/framework/src/Illuminate/Pipeline/Pipeline.php(209): Illuminate\\Foundation\\Http\\Middleware\\TrimStrings->handle()
#63 /home/og/Desktop/projects/road/publishersclearinghouse/vendor/laravel/framework/src/Illuminate/Http/Middleware/ValidatePostSize.php(27): Illuminate\\Pipeline\\Pipeline->Illuminate\\Pipeline\\{closure}()
#64 /home/og/Desktop/projects/road/publishersclearinghouse/vendor/laravel/framework/src/Illuminate/Pipeline/Pipeline.php(209): Illuminate\\Http\\Middleware\\ValidatePostSize->handle()
#65 /home/og/Desktop/projects/road/publishersclearinghouse/vendor/laravel/framework/src/Illuminate/Foundation/Http/Middleware/PreventRequestsDuringMaintenance.php(110): Illuminate\\Pipeline\\Pipeline->Illuminate\\Pipeline\\{closure}()
#66 /home/og/Desktop/projects/road/publishersclearinghouse/vendor/laravel/framework/src/Illuminate/Pipeline/Pipeline.php(209): Illuminate\\Foundation\\Http\\Middleware\\PreventRequestsDuringMaintenance->handle()
#67 /home/og/Desktop/projects/road/publishersclearinghouse/vendor/laravel/framework/src/Illuminate/Http/Middleware/HandleCors.php(49): Illuminate\\Pipeline\\Pipeline->Illuminate\\Pipeline\\{closure}()
#68 /home/og/Desktop/projects/road/publishersclearinghouse/vendor/laravel/framework/src/Illuminate/Pipeline/Pipeline.php(209): Illuminate\\Http\\Middleware\\HandleCors->handle()
#69 /home/og/Desktop/projects/road/publishersclearinghouse/vendor/laravel/framework/src/Illuminate/Http/Middleware/TrustProxies.php(58): Illuminate\\Pipeline\\Pipeline->Illuminate\\Pipeline\\{closure}()
#70 /home/og/Desktop/projects/road/publishersclearinghouse/vendor/laravel/framework/src/Illuminate/Pipeline/Pipeline.php(209): Illuminate\\Http\\Middleware\\TrustProxies->handle()
#71 /home/og/Desktop/projects/road/publishersclearinghouse/vendor/laravel/framework/src/Illuminate/Foundation/Http/Middleware/InvokeDeferredCallbacks.php(22): Illuminate\\Pipeline\\Pipeline->Illuminate\\Pipeline\\{closure}()
#72 /home/og/Desktop/projects/road/publishersclearinghouse/vendor/laravel/framework/src/Illuminate/Pipeline/Pipeline.php(209): Illuminate\\Foundation\\Http\\Middleware\\InvokeDeferredCallbacks->handle()
#73 /home/og/Desktop/projects/road/publishersclearinghouse/vendor/laravel/framework/src/Illuminate/Pipeline/Pipeline.php(127): Illuminate\\Pipeline\\Pipeline->Illuminate\\Pipeline\\{closure}()
#74 /home/og/Desktop/projects/road/publishersclearinghouse/vendor/laravel/framework/src/Illuminate/Foundation/Http/Kernel.php(176): Illuminate\\Pipeline\\Pipeline->then()
#75 /home/og/Desktop/projects/road/publishersclearinghouse/vendor/laravel/framework/src/Illuminate/Foundation/Http/Kernel.php(145): Illuminate\\Foundation\\Http\\Kernel->sendRequestThroughRouter()
#76 /home/og/Desktop/projects/road/publishersclearinghouse/public/index.php(17): Illuminate\\Foundation\\Http\\Kernel->handle()
#77 /home/og/Desktop/projects/road/publishersclearinghouse/vendor/laravel/framework/src/Illuminate/Foundation/resources/server.php(23): require_once('...')
#78 {main}
"} 
[2026-07-11 11:05:42] local.ERROR: Filament\Forms\ComponentContainer::Filament\Forms\Concerns\{closure}(): Argument #1 ($component) must be of type Filament\Forms\Components\Component, Filament\Tables\Columns\TextColumn given {"userId":3,"exception":"[object] (TypeError(code: 0): Filament\\Forms\\ComponentContainer::Filament\\Forms\\Concerns\\{closure}(): Argument #1 ($component) must be of type Filament\\Forms\\Components\\Component, Filament\\Tables\\Columns\\TextColumn given at /home/og/Desktop/projects/road/publishersclearinghouse/vendor/filament/forms/src/Concerns/HasComponents.php:122)
[stacktrace]
#0 [internal function]: Filament\\Forms\\ComponentContainer->Filament\\Forms\\Concerns\\{closure}()
#1 /home/og/Desktop/projects/road/publishersclearinghouse/vendor/filament/forms/src/Concerns/HasComponents.php(122): array_map()
#2 /home/og/Desktop/projects/road/publishersclearinghouse/vendor/filament/forms/src/Concerns/HasState.php(215): Filament\\Forms\\ComponentContainer->getComponents()
#3 /home/og/Desktop/projects/road/publishersclearinghouse/vendor/filament/forms/src/Concerns/HasState.php(201): Filament\\Forms\\ComponentContainer->hydrateState()
#4 /home/og/Desktop/projects/road/publishersclearinghouse/vendor/filament/filament/src/Resources/Pages/CreateRecord.php(79): Filament\\Forms\\ComponentContainer->fill()
#5 /home/og/Desktop/projects/road/publishersclearinghouse/vendor/filament/filament/src/Resources/Pages/CreateRecord.php(60): Filament\\Resources\\Pages\\CreateRecord->fillForm()
#6 /home/og/Desktop/projects/road/publishersclearinghouse/vendor/laravel/framework/src/Illuminate/Container/BoundMethod.php(36): Filament\\Resources\\Pages\\CreateRecord->mount()
#7 /home/og/Desktop/projects/road/publishersclearinghouse/vendor/laravel/framework/src/Illuminate/Container/Util.php(43): Illuminate\\Container\\BoundMethod::Illuminate\\Container\\{closure}()
#8 /home/og/Desktop/projects/road/publishersclearinghouse/vendor/laravel/framework/src/Illuminate/Container/BoundMethod.php(95): Illuminate\\Container\\Util::unwrapIfClosure()
#9 /home/og/Desktop/projects/road/publishersclearinghouse/vendor/laravel/framework/src/Illuminate/Container/BoundMethod.php(35): Illuminate\\Container\\BoundMethod::callBoundMethod()
#10 /home/og/Desktop/projects/road/publishersclearinghouse/vendor/livewire/livewire/src/Wrapped.php(23): Illuminate\\Container\\BoundMethod::call()
#11 /home/og/Desktop/projects/road/publishersclearinghouse/vendor/livewire/livewire/src/Features/SupportLifecycleHooks/SupportLifecycleHooks.php(134): Livewire\\Wrapped->__call()
#12 /home/og/Desktop/projects/road/publishersclearinghouse/vendor/livewire/livewire/src/Features/SupportLifecycleHooks/SupportLifecycleHooks.php(20): Livewire\\Features\\SupportLifecycleHooks\\SupportLifecycleHooks->callHook()
#13 /home/og/Desktop/projects/road/publishersclearinghouse/vendor/livewire/livewire/src/ComponentHook.php(19): Livewire\\Features\\SupportLifecycleHooks\\SupportLifecycleHooks->mount()
#14 /home/og/Desktop/projects/road/publishersclearinghouse/vendor/livewire/livewire/src/ComponentHookRegistry.php(45): Livewire\\ComponentHook->callMount()
#15 /home/og/Desktop/projects/road/publishersclearinghouse/vendor/livewire/livewire/src/EventBus.php(60): Livewire\\ComponentHookRegistry::Livewire\\{closure}()
#16 /home/og/Desktop/projects/road/publishersclearinghouse/vendor/livewire/livewire/src/helpers.php(98): Livewire\\EventBus->trigger()
#17 /home/og/Desktop/projects/road/publishersclearinghouse/vendor/livewire/livewire/src/Mechanisms/HandleComponents/HandleComponents.php(50): Livewire\\trigger()
#18 /home/og/Desktop/projects/road/publishersclearinghouse/vendor/livewire/livewire/src/LivewireManager.php(73): Livewire\\Mechanisms\\HandleComponents\\HandleComponents->mount()
#19 /home/og/Desktop/projects/road/publishersclearinghouse/vendor/livewire/livewire/src/Features/SupportPageComponents/HandlesPageComponents.php(17): Livewire\\LivewireManager->mount()
#20 /home/og/Desktop/projects/road/publishersclearinghouse/vendor/livewire/livewire/src/Features/SupportPageComponents/SupportPageComponents.php(117): Livewire\\Component->Livewire\\Features\\SupportPageComponents\\{closure}()
#21 /home/og/Desktop/projects/road/publishersclearinghouse/vendor/livewire/livewire/src/Features/SupportPageComponents/HandlesPageComponents.php(14): Livewire\\Features\\SupportPageComponents\\SupportPageComponents::interceptTheRenderOfTheComponentAndRetreiveTheLayoutConfiguration()
#22 /home/og/Desktop/projects/road/publishersclearinghouse/vendor/laravel/framework/src/Illuminate/Routing/ControllerDispatcher.php(47): Livewire\\Component->__invoke()
#23 /home/og/Desktop/projects/road/publishersclearinghouse/vendor/laravel/framework/src/Illuminate/Routing/Route.php(266): Illuminate\\Routing\\ControllerDispatcher->dispatch()
#24 /home/og/Desktop/projects/road/publishersclearinghouse/vendor/laravel/framework/src/Illuminate/Routing/Route.php(212): Illuminate\\Routing\\Route->runController()
#25 /home/og/Desktop/projects/road/publishersclearinghouse/vendor/laravel/framework/src/Illuminate/Routing/Router.php(808): Illuminate\\Routing\\Route->run()
#26 /home/og/Desktop/projects/road/publishersclearinghouse/vendor/laravel/framework/src/Illuminate/Pipeline/Pipeline.php(170): Illuminate\\Routing\\Router->Illuminate\\Routing\\{closure}()
#27 /home/og/Desktop/projects/road/publishersclearinghouse/vendor/filament/filament/src/Http/Middleware/DispatchServingFilamentEvent.php(15): Illuminate\\Pipeline\\Pipeline->Illuminate\\Pipeline\\{closure}()
#28 /home/og/Desktop/projects/road/publishersclearinghouse/vendor/laravel/framework/src/Illuminate/Pipeline/Pipeline.php(209): Filament\\Http\\Middleware\\DispatchServingFilamentEvent->handle()
#29 /home/og/Desktop/projects/road/publishersclearinghouse/vendor/filament/filament/src/Http/Middleware/DisableBladeIconComponents.php(14): Illuminate\\Pipeline\\Pipeline->Illuminate\\Pipeline\\{closure}()
#30 /home/og/Desktop/projects/road/publishersclearinghouse/vendor/laravel/framework/src/Illuminate/Pipeline/Pipeline.php(209): Filament\\Http\\Middleware\\DisableBladeIconComponents->handle()
#31 /home/og/Desktop/projects/road/publishersclearinghouse/vendor/laravel/framework/src/Illuminate/Routing/Middleware/SubstituteBindings.php(51): Illuminate\\Pipeline\\Pipeline->Illuminate\\Pipeline\\{closure}()
#32 /home/og/Desktop/projects/road/publishersclearinghouse/vendor/laravel/framework/src/Illuminate/Pipeline/Pipeline.php(209): Illuminate\\Routing\\Middleware\\SubstituteBindings->handle()
#33 /home/og/Desktop/projects/road/publishersclearinghouse/vendor/laravel/framework/src/Illuminate/Auth/Middleware/Authenticate.php(64): Illuminate\\Pipeline\\Pipeline->Illuminate\\Pipeline\\{closure}()
#34 /home/og/Desktop/projects/road/publishersclearinghouse/vendor/laravel/framework/src/Illuminate/Pipeline/Pipeline.php(209): Illuminate\\Auth\\Middleware\\Authenticate->handle()
#35 /home/og/Desktop/projects/road/publishersclearinghouse/vendor/laravel/framework/src/Illuminate/Foundation/Http/Middleware/VerifyCsrfToken.php(88): Illuminate\\Pipeline\\Pipeline->Illuminate\\Pipeline\\{closure}()
#36 /home/og/Desktop/projects/road/publishersclearinghouse/vendor/laravel/framework/src/Illuminate/Pipeline/Pipeline.php(209): Illuminate\\Foundation\\Http\\Middleware\\VerifyCsrfToken->handle()
#37 /home/og/Desktop/projects/road/publishersclearinghouse/vendor/laravel/framework/src/Illuminate/View/Middleware/ShareErrorsFromSession.php(49): Illuminate\\Pipeline\\Pipeline->Illuminate\\Pipeline\\{closure}()
#38 /home/og/Desktop/projects/road/publishersclearinghouse/vendor/laravel/framework/src/Illuminate/Pipeline/Pipeline.php(209): Illuminate\\View\\Middleware\\ShareErrorsFromSession->handle()
#39 /home/og/Desktop/projects/road/publishersclearinghouse/vendor/laravel/framework/src/Illuminate/Session/Middleware/StartSession.php(121): Illuminate\\Pipeline\\Pipeline->Illuminate\\Pipeline\\{closure}()
#40 /home/og/Desktop/projects/road/publishersclearinghouse/vendor/laravel/framework/src/Illuminate/Session/Middleware/StartSession.php(64): Illuminate\\Session\\Middleware\\StartSession->handleStatefulRequest()
#41 /home/og/Desktop/projects/road/publishersclearinghouse/vendor/laravel/framework/src/Illuminate/Pipeline/Pipeline.php(209): Illuminate\\Session\\Middleware\\StartSession->handle()
#42 /home/og/Desktop/projects/road/publishersclearinghouse/vendor/laravel/framework/src/Illuminate/Cookie/Middleware/AddQueuedCookiesToResponse.php(37): Illuminate\\Pipeline\\Pipeline->Illuminate\\Pipeline\\{closure}()
#43 /home/og/Desktop/projects/road/publishersclearinghouse/vendor/laravel/framework/src/Illuminate/Pipeline/Pipeline.php(209): Illuminate\\Cookie\\Middleware\\AddQueuedCookiesToResponse->handle()
#44 /home/og/Desktop/projects/road/publishersclearinghouse/vendor/laravel/framework/src/Illuminate/Cookie/Middleware/EncryptCookies.php(75): Illuminate\\Pipeline\\Pipeline->Illuminate\\Pipeline\\{closure}()
#45 /home/og/Desktop/projects/road/publishersclearinghouse/vendor/laravel/framework/src/Illuminate/Pipeline/Pipeline.php(209): Illuminate\\Cookie\\Middleware\\EncryptCookies->handle()
#46 /home/og/Desktop/projects/road/publishersclearinghouse/vendor/filament/filament/src/Http/Middleware/SetUpPanel.php(19): Illuminate\\Pipeline\\Pipeline->Illuminate\\Pipeline\\{closure}()
#47 /home/og/Desktop/projects/road/publishersclearinghouse/vendor/laravel/framework/src/Illuminate/Pipeline/Pipeline.php(209): Filament\\Http\\Middleware\\SetUpPanel->handle()
#48 /home/og/Desktop/projects/road/publishersclearinghouse/vendor/laravel/framework/src/Illuminate/Pipeline/Pipeline.php(127): Illuminate\\Pipeline\\Pipeline->Illuminate\\Pipeline\\{closure}()
#49 /home/og/Desktop/projects/road/publishersclearinghouse/vendor/laravel/framework/src/Illuminate/Routing/Router.php(807): Illuminate\\Pipeline\\Pipeline->then()
#50 /home/og/Desktop/projects/road/publishersclearinghouse/vendor/laravel/framework/src/Illuminate/Routing/Router.php(786): Illuminate\\Routing\\Router->runRouteWithinStack()
#51 /home/og/Desktop/projects/road/publishersclearinghouse/vendor/laravel/framework/src/Illuminate/Routing/Router.php(750): Illuminate\\Routing\\Router->runRoute()
#52 /home/og/Desktop/projects/road/publishersclearinghouse/vendor/laravel/framework/src/Illuminate/Routing/Router.php(739): Illuminate\\Routing\\Router->dispatchToRoute()
#53 /home/og/Desktop/projects/road/publishersclearinghouse/vendor/laravel/framework/src/Illuminate/Foundation/Http/Kernel.php(201): Illuminate\\Routing\\Router->dispatch()
#54 /home/og/Desktop/projects/road/publishersclearinghouse/vendor/laravel/framework/src/Illuminate/Pipeline/Pipeline.php(170): Illuminate\\Foundation\\Http\\Kernel->Illuminate\\Foundation\\Http\\{closure}()
#55 /home/og/Desktop/projects/road/publishersclearinghouse/vendor/livewire/livewire/src/Features/SupportDisablingBackButtonCache/DisableBackButtonCacheMiddleware.php(19): Illuminate\\Pipeline\\Pipeline->Illuminate\\Pipeline\\{closure}()
#56 /home/og/Desktop/projects/road/publishersclearinghouse/vendor/laravel/framework/src/Illuminate/Pipeline/Pipeline.php(209): Livewire\\Features\\SupportDisablingBackButtonCache\\DisableBackButtonCacheMiddleware->handle()
#57 /home/og/Desktop/projects/road/publishersclearinghouse/vendor/laravel/framework/src/Illuminate/Foundation/Http/Middleware/TransformsRequest.php(21): Illuminate\\Pipeline\\Pipeline->Illuminate\\Pipeline\\{closure}()
#58 /home/og/Desktop/projects/road/publishersclearinghouse/vendor/laravel/framework/src/Illuminate/Foundation/Http/Middleware/ConvertEmptyStringsToNull.php(31): Illuminate\\Foundation\\Http\\Middleware\\TransformsRequest->handle()
#59 /home/og/Desktop/projects/road/publishersclearinghouse/vendor/laravel/framework/src/Illuminate/Pipeline/Pipeline.php(209): Illuminate\\Foundation\\Http\\Middleware\\ConvertEmptyStringsToNull->handle()
#60 /home/og/Desktop/projects/road/publishersclearinghouse/vendor/laravel/framework/src/Illuminate/Foundation/Http/Middleware/TransformsRequest.php(21): Illuminate\\Pipeline\\Pipeline->Illuminate\\Pipeline\\{closure}()
#61 /home/og/Desktop/projects/road/publishersclearinghouse/vendor/laravel/framework/src/Illuminate/Foundation/Http/Middleware/TrimStrings.php(51): Illuminate\\Foundation\\Http\\Middleware\\TransformsRequest->handle()
#62 /home/og/Desktop/projects/road/publishersclearinghouse/vendor/laravel/framework/src/Illuminate/Pipeline/Pipeline.php(209): Illuminate\\Foundation\\Http\\Middleware\\TrimStrings->handle()
#63 /home/og/Desktop/projects/road/publishersclearinghouse/vendor/laravel/framework/src/Illuminate/Http/Middleware/ValidatePostSize.php(27): Illuminate\\Pipeline\\Pipeline->Illuminate\\Pipeline\\{closure}()
#64 /home/og/Desktop/projects/road/publishersclearinghouse/vendor/laravel/framework/src/Illuminate/Pipeline/Pipeline.php(209): Illuminate\\Http\\Middleware\\ValidatePostSize->handle()
#65 /home/og/Desktop/projects/road/publishersclearinghouse/vendor/laravel/framework/src/Illuminate/Foundation/Http/Middleware/PreventRequestsDuringMaintenance.php(110): Illuminate\\Pipeline\\Pipeline->Illuminate\\Pipeline\\{closure}()
#66 /home/og/Desktop/projects/road/publishersclearinghouse/vendor/laravel/framework/src/Illuminate/Pipeline/Pipeline.php(209): Illuminate\\Foundation\\Http\\Middleware\\PreventRequestsDuringMaintenance->handle()
#67 /home/og/Desktop/projects/road/publishersclearinghouse/vendor/laravel/framework/src/Illuminate/Http/Middleware/HandleCors.php(49): Illuminate\\Pipeline\\Pipeline->Illuminate\\Pipeline\\{closure}()
#68 /home/og/Desktop/projects/road/publishersclearinghouse/vendor/laravel/framework/src/Illuminate/Pipeline/Pipeline.php(209): Illuminate\\Http\\Middleware\\HandleCors->handle()
#69 /home/og/Desktop/projects/road/publishersclearinghouse/vendor/laravel/framework/src/Illuminate/Http/Middleware/TrustProxies.php(58): Illuminate\\Pipeline\\Pipeline->Illuminate\\Pipeline\\{closure}()
#70 /home/og/Desktop/projects/road/publishersclearinghouse/vendor/laravel/framework/src/Illuminate/Pipeline/Pipeline.php(209): Illuminate\\Http\\Middleware\\TrustProxies->handle()
#71 /home/og/Desktop/projects/road/publishersclearinghouse/vendor/laravel/framework/src/Illuminate/Foundation/Http/Middleware/InvokeDeferredCallbacks.php(22): Illuminate\\Pipeline\\Pipeline->Illuminate\\Pipeline\\{closure}()
#72 /home/og/Desktop/projects/road/publishersclearinghouse/vendor/laravel/framework/src/Illuminate/Pipeline/Pipeline.php(209): Illuminate\\Foundation\\Http\\Middleware\\InvokeDeferredCallbacks->handle()
#73 /home/og/Desktop/projects/road/publishersclearinghouse/vendor/laravel/framework/src/Illuminate/Pipeline/Pipeline.php(127): Illuminate\\Pipeline\\Pipeline->Illuminate\\Pipeline\\{closure}()
#74 /home/og/Desktop/projects/road/publishersclearinghouse/vendor/laravel/framework/src/Illuminate/Foundation/Http/Kernel.php(176): Illuminate\\Pipeline\\Pipeline->then()
#75 /home/og/Desktop/projects/road/publishersclearinghouse/vendor/laravel/framework/src/Illuminate/Foundation/Http/Kernel.php(145): Illuminate\\Foundation\\Http\\Kernel->sendRequestThroughRouter()
#76 /home/og/Desktop/projects/road/publishersclearinghouse/public/index.php(17): Illuminate\\Foundation\\Http\\Kernel->handle()
#77 /home/og/Desktop/projects/road/publishersclearinghouse/vendor/laravel/framework/src/Illuminate/Foundation/resources/server.php(23): require_once('...')
#78 {main}
"} 
[2026-07-11 11:41:56] local.ERROR: There are no commands defined in the "migration" namespace.

Did you mean this?
    migrate {"exception":"[object] (Symfony\\Component\\Console\\Exception\\NamespaceNotFoundException(code: 0): There are no commands defined in the \"migration\" namespace.

Did you mean this?
    migrate at /home/og/Desktop/projects/road/publishersclearinghouse/vendor/symfony/console/Application.php:694)
[stacktrace]
#0 /home/og/Desktop/projects/road/publishersclearinghouse/vendor/symfony/console/Application.php(743): Symfony\\Component\\Console\\Application->findNamespace()
#1 /home/og/Desktop/projects/road/publishersclearinghouse/vendor/symfony/console/Application.php(298): Symfony\\Component\\Console\\Application->find()
#2 /home/og/Desktop/projects/road/publishersclearinghouse/vendor/symfony/console/Application.php(195): Symfony\\Component\\Console\\Application->doRun()
#3 /home/og/Desktop/projects/road/publishersclearinghouse/vendor/laravel/framework/src/Illuminate/Foundation/Console/Kernel.php(198): Symfony\\Component\\Console\\Application->run()
#4 /home/og/Desktop/projects/road/publishersclearinghouse/artisan(12): Illuminate\\Foundation\\Console\\Kernel->handle()
#5 {main}
"} 
[2026-07-11 11:41:56] local.ERROR: There are no commands defined in the "migration" namespace.

Did you mean this?
    migrate {"exception":"[object] (Symfony\\Component\\Console\\Exception\\NamespaceNotFoundException(code: 0): There are no commands defined in the \"migration\" namespace.

Did you mean this?
    migrate at /home/og/Desktop/projects/road/publishersclearinghouse/vendor/symfony/console/Application.php:694)
[stacktrace]
#0 /home/og/Desktop/projects/road/publishersclearinghouse/vendor/symfony/console/Descriptor/ApplicationDescription.php(84): Symfony\\Component\\Console\\Application->findNamespace()
#1 /home/og/Desktop/projects/road/publishersclearinghouse/vendor/symfony/console/Descriptor/ApplicationDescription.php(61): Symfony\\Component\\Console\\Descriptor\\ApplicationDescription->inspectApplication()
#2 /home/og/Desktop/projects/road/publishersclearinghouse/vendor/symfony/console/Descriptor/TextDescriptor.php(185): Symfony\\Component\\Console\\Descriptor\\ApplicationDescription->getCommands()
#3 /home/og/Desktop/projects/road/publishersclearinghouse/vendor/symfony/console/Descriptor/Descriptor.php(40): Symfony\\Component\\Console\\Descriptor\\TextDescriptor->describeApplication()
#4 /home/og/Desktop/projects/road/publishersclearinghouse/vendor/symfony/console/Helper/DescriptorHelper.php(67): Symfony\\Component\\Console\\Descriptor\\Descriptor->describe()
#5 /home/og/Desktop/projects/road/publishersclearinghouse/vendor/symfony/console/Command/ListCommand.php(63): Symfony\\Component\\Console\\Helper\\DescriptorHelper->describe()
#6 /home/og/Desktop/projects/road/publishersclearinghouse/vendor/symfony/console/Command/Command.php(341): Symfony\\Component\\Console\\Command\\ListCommand->execute()
#7 /home/og/Desktop/projects/road/publishersclearinghouse/vendor/symfony/console/Application.php(1117): Symfony\\Component\\Console\\Command\\Command->run()
#8 /home/og/Desktop/projects/road/publishersclearinghouse/vendor/symfony/console/Application.php(356): Symfony\\Component\\Console\\Application->doRunCommand()
#9 /home/og/Desktop/projects/road/publishersclearinghouse/vendor/symfony/console/Application.php(195): Symfony\\Component\\Console\\Application->doRun()
#10 /home/og/Desktop/projects/road/publishersclearinghouse/vendor/laravel/framework/src/Illuminate/Foundation/Console/Kernel.php(198): Symfony\\Component\\Console\\Application->run()
#11 /home/og/Desktop/projects/road/publishersclearinghouse/artisan(12): Illuminate\\Foundation\\Console\\Kernel->handle()
#12 {main}
"} 
[2026-07-11 12:07:13] local.ERROR: SQLSTATE[42S22]: Column not found: 1054 Unknown column 'phone' in 'field list' (Connection: mysql, SQL: insert into `winners` (`first_name`, `last_name`, `address`, `city`, `state`, `zip`, `email`, `phone`, `prize_amount`, `prize_description`, `unique_code`, `is_claimed`, `claimed_at`, `is_active`, `status`, `next_steps`, `admin_notes`, `updated_at`, `created_at`) values (John, Demo, 123 Winners Circle, Prize City, CA, 90210, john.demo@example.com, +1 (555) 123-4567, 50000, Grand Prize Sweepstakes Winner — $50,000 Cash Prize, 8RTUZVUEUC, 1, 2026-06-27 12:07:13, 1, approved, 1. Review your documents
2. Choose a withdrawal method
3. Start depositing to access all features, Demo account for testing., 2026-07-11 12:07:13, 2026-07-11 12:07:13)) {"exception":"[object] (Illuminate\\Database\\QueryException(code: 42S22): SQLSTATE[42S22]: Column not found: 1054 Unknown column 'phone' in 'field list' (Connection: mysql, SQL: insert into `winners` (`first_name`, `last_name`, `address`, `city`, `state`, `zip`, `email`, `phone`, `prize_amount`, `prize_description`, `unique_code`, `is_claimed`, `claimed_at`, `is_active`, `status`, `next_steps`, `admin_notes`, `updated_at`, `created_at`) values (John, Demo, 123 Winners Circle, Prize City, CA, 90210, john.demo@example.com, +1 (555) 123-4567, 50000, Grand Prize Sweepstakes Winner — $50,000 Cash Prize, 8RTUZVUEUC, 1, 2026-06-27 12:07:13, 1, approved, 1. Review your documents
2. Choose a withdrawal method
3. Start depositing to access all features, Demo account for testing., 2026-07-11 12:07:13, 2026-07-11 12:07:13)) at /home/og/Desktop/projects/road/publishersclearinghouse/vendor/laravel/framework/src/Illuminate/Database/Connection.php:825)
[stacktrace]
#0 /home/og/Desktop/projects/road/publishersclearinghouse/vendor/laravel/framework/src/Illuminate/Database/Connection.php(779): Illuminate\\Database\\Connection->runQueryCallback()
#1 /home/og/Desktop/projects/road/publishersclearinghouse/vendor/laravel/framework/src/Illuminate/Database/MySqlConnection.php(42): Illuminate\\Database\\Connection->run()
#2 /home/og/Desktop/projects/road/publishersclearinghouse/vendor/laravel/framework/src/Illuminate/Database/Query/Processors/MySqlProcessor.php(35): Illuminate\\Database\\MySqlConnection->insert()
#3 /home/og/Desktop/projects/road/publishersclearinghouse/vendor/laravel/framework/src/Illuminate/Database/Query/Builder.php(3766): Illuminate\\Database\\Query\\Processors\\MySqlProcessor->processInsertGetId()
#4 /home/og/Desktop/projects/road/publishersclearinghouse/vendor/laravel/framework/src/Illuminate/Database/Eloquent/Builder.php(2120): Illuminate\\Database\\Query\\Builder->insertGetId()
#5 /home/og/Desktop/projects/road/publishersclearinghouse/vendor/laravel/framework/src/Illuminate/Database/Eloquent/Model.php(1359): Illuminate\\Database\\Eloquent\\Builder->__call()
#6 /home/og/Desktop/projects/road/publishersclearinghouse/vendor/laravel/framework/src/Illuminate/Database/Eloquent/Model.php(1324): Illuminate\\Database\\Eloquent\\Model->insertAndSetId()
#7 /home/og/Desktop/projects/road/publishersclearinghouse/vendor/laravel/framework/src/Illuminate/Database/Eloquent/Model.php(1163): Illuminate\\Database\\Eloquent\\Model->performInsert()
#8 /home/og/Desktop/projects/road/publishersclearinghouse/vendor/laravel/framework/src/Illuminate/Database/Eloquent/Builder.php(1128): Illuminate\\Database\\Eloquent\\Model->save()
#9 /home/og/Desktop/projects/road/publishersclearinghouse/vendor/laravel/framework/src/Illuminate/Support/helpers.php(399): Illuminate\\Database\\Eloquent\\Builder->Illuminate\\Database\\Eloquent\\{closure}()
#10 /home/og/Desktop/projects/road/publishersclearinghouse/vendor/laravel/framework/src/Illuminate/Database/Eloquent/Builder.php(1127): tap()
#11 /home/og/Desktop/projects/road/publishersclearinghouse/vendor/laravel/framework/src/Illuminate/Support/Traits/ForwardsCalls.php(23): Illuminate\\Database\\Eloquent\\Builder->create()
#12 /home/og/Desktop/projects/road/publishersclearinghouse/vendor/laravel/framework/src/Illuminate/Database/Eloquent/Model.php(2372): Illuminate\\Database\\Eloquent\\Model->forwardCallTo()
#13 /home/og/Desktop/projects/road/publishersclearinghouse/vendor/laravel/framework/src/Illuminate/Database/Eloquent/Model.php(2384): Illuminate\\Database\\Eloquent\\Model->__call()
#14 /home/og/Desktop/projects/road/publishersclearinghouse/database/seeders/DemoWinnerSeeder.php(23): Illuminate\\Database\\Eloquent\\Model::__callStatic()
#15 /home/og/Desktop/projects/road/publishersclearinghouse/vendor/laravel/framework/src/Illuminate/Container/BoundMethod.php(36): Database\\Seeders\\DemoWinnerSeeder->run()
#16 /home/og/Desktop/projects/road/publishersclearinghouse/vendor/laravel/framework/src/Illuminate/Container/Util.php(43): Illuminate\\Container\\BoundMethod::Illuminate\\Container\\{closure}()
#17 /home/og/Desktop/projects/road/publishersclearinghouse/vendor/laravel/framework/src/Illuminate/Container/BoundMethod.php(95): Illuminate\\Container\\Util::unwrapIfClosure()
#18 /home/og/Desktop/projects/road/publishersclearinghouse/vendor/laravel/framework/src/Illuminate/Container/BoundMethod.php(35): Illuminate\\Container\\BoundMethod::callBoundMethod()
#19 /home/og/Desktop/projects/road/publishersclearinghouse/vendor/laravel/framework/src/Illuminate/Container/Container.php(696): Illuminate\\Container\\BoundMethod::call()
#20 /home/og/Desktop/projects/road/publishersclearinghouse/vendor/laravel/framework/src/Illuminate/Database/Seeder.php(188): Illuminate\\Container\\Container->call()
#21 /home/og/Desktop/projects/road/publishersclearinghouse/vendor/laravel/framework/src/Illuminate/Database/Seeder.php(197): Illuminate\\Database\\Seeder->Illuminate\\Database\\{closure}()
#22 /home/og/Desktop/projects/road/publishersclearinghouse/vendor/laravel/framework/src/Illuminate/Database/Console/Seeds/SeedCommand.php(70): Illuminate\\Database\\Seeder->__invoke()
#23 /home/og/Desktop/projects/road/publishersclearinghouse/vendor/laravel/framework/src/Illuminate/Database/Eloquent/Concerns/GuardsAttributes.php(155): Illuminate\\Database\\Console\\Seeds\\SeedCommand->Illuminate\\Database\\Console\\Seeds\\{closure}()
#24 /home/og/Desktop/projects/road/publishersclearinghouse/vendor/laravel/framework/src/Illuminate/Database/Console/Seeds/SeedCommand.php(69): Illuminate\\Database\\Eloquent\\Model::unguarded()
#25 /home/og/Desktop/projects/road/publishersclearinghouse/vendor/laravel/framework/src/Illuminate/Container/BoundMethod.php(36): Illuminate\\Database\\Console\\Seeds\\SeedCommand->handle()
#26 /home/og/Desktop/projects/road/publishersclearinghouse/vendor/laravel/framework/src/Illuminate/Container/Util.php(43): Illuminate\\Container\\BoundMethod::Illuminate\\Container\\{closure}()
#27 /home/og/Desktop/projects/road/publishersclearinghouse/vendor/laravel/framework/src/Illuminate/Container/BoundMethod.php(95): Illuminate\\Container\\Util::unwrapIfClosure()
#28 /home/og/Desktop/projects/road/publishersclearinghouse/vendor/laravel/framework/src/Illuminate/Container/BoundMethod.php(35): Illuminate\\Container\\BoundMethod::callBoundMethod()
#29 /home/og/Desktop/projects/road/publishersclearinghouse/vendor/laravel/framework/src/Illuminate/Container/Container.php(696): Illuminate\\Container\\BoundMethod::call()
#30 /home/og/Desktop/projects/road/publishersclearinghouse/vendor/laravel/framework/src/Illuminate/Console/Command.php(213): Illuminate\\Container\\Container->call()
#31 /home/og/Desktop/projects/road/publishersclearinghouse/vendor/symfony/console/Command/Command.php(341): Illuminate\\Console\\Command->execute()
#32 /home/og/Desktop/projects/road/publishersclearinghouse/vendor/laravel/framework/src/Illuminate/Console/Command.php(182): Symfony\\Component\\Console\\Command\\Command->run()
#33 /home/og/Desktop/projects/road/publishersclearinghouse/vendor/symfony/console/Application.php(1117): Illuminate\\Console\\Command->run()
#34 /home/og/Desktop/projects/road/publishersclearinghouse/vendor/symfony/console/Application.php(356): Symfony\\Component\\Console\\Application->doRunCommand()
#35 /home/og/Desktop/projects/road/publishersclearinghouse/vendor/symfony/console/Application.php(195): Symfony\\Component\\Console\\Application->doRun()
#36 /home/og/Desktop/projects/road/publishersclearinghouse/vendor/laravel/framework/src/Illuminate/Foundation/Console/Kernel.php(198): Symfony\\Component\\Console\\Application->run()
#37 /home/og/Desktop/projects/road/publishersclearinghouse/artisan(12): Illuminate\\Foundation\\Console\\Kernel->handle()
#38 {main}

[previous exception] [object] (PDOException(code: 42S22): SQLSTATE[42S22]: Column not found: 1054 Unknown column 'phone' in 'field list' at /home/og/Desktop/projects/road/publishersclearinghouse/vendor/laravel/framework/src/Illuminate/Database/MySqlConnection.php:47)
[stacktrace]
#0 /home/og/Desktop/projects/road/publishersclearinghouse/vendor/laravel/framework/src/Illuminate/Database/MySqlConnection.php(47): PDO->prepare()
#1 /home/og/Desktop/projects/road/publishersclearinghouse/vendor/laravel/framework/src/Illuminate/Database/Connection.php(812): Illuminate\\Database\\MySqlConnection->Illuminate\\Database\\{closure}()
#2 /home/og/Desktop/projects/road/publishersclearinghouse/vendor/laravel/framework/src/Illuminate/Database/Connection.php(779): Illuminate\\Database\\Connection->runQueryCallback()
#3 /home/og/Desktop/projects/road/publishersclearinghouse/vendor/laravel/framework/src/Illuminate/Database/MySqlConnection.php(42): Illuminate\\Database\\Connection->run()
#4 /home/og/Desktop/projects/road/publishersclearinghouse/vendor/laravel/framework/src/Illuminate/Database/Query/Processors/MySqlProcessor.php(35): Illuminate\\Database\\MySqlConnection->insert()
#5 /home/og/Desktop/projects/road/publishersclearinghouse/vendor/laravel/framework/src/Illuminate/Database/Query/Builder.php(3766): Illuminate\\Database\\Query\\Processors\\MySqlProcessor->processInsertGetId()
#6 /home/og/Desktop/projects/road/publishersclearinghouse/vendor/laravel/framework/src/Illuminate/Database/Eloquent/Builder.php(2120): Illuminate\\Database\\Query\\Builder->insertGetId()
#7 /home/og/Desktop/projects/road/publishersclearinghouse/vendor/laravel/framework/src/Illuminate/Database/Eloquent/Model.php(1359): Illuminate\\Database\\Eloquent\\Builder->__call()
#8 /home/og/Desktop/projects/road/publishersclearinghouse/vendor/laravel/framework/src/Illuminate/Database/Eloquent/Model.php(1324): Illuminate\\Database\\Eloquent\\Model->insertAndSetId()
#9 /home/og/Desktop/projects/road/publishersclearinghouse/vendor/laravel/framework/src/Illuminate/Database/Eloquent/Model.php(1163): Illuminate\\Database\\Eloquent\\Model->performInsert()
#10 /home/og/Desktop/projects/road/publishersclearinghouse/vendor/laravel/framework/src/Illuminate/Database/Eloquent/Builder.php(1128): Illuminate\\Database\\Eloquent\\Model->save()
#11 /home/og/Desktop/projects/road/publishersclearinghouse/vendor/laravel/framework/src/Illuminate/Support/helpers.php(399): Illuminate\\Database\\Eloquent\\Builder->Illuminate\\Database\\Eloquent\\{closure}()
#12 /home/og/Desktop/projects/road/publishersclearinghouse/vendor/laravel/framework/src/Illuminate/Database/Eloquent/Builder.php(1127): tap()
#13 /home/og/Desktop/projects/road/publishersclearinghouse/vendor/laravel/framework/src/Illuminate/Support/Traits/ForwardsCalls.php(23): Illuminate\\Database\\Eloquent\\Builder->create()
#14 /home/og/Desktop/projects/road/publishersclearinghouse/vendor/laravel/framework/src/Illuminate/Database/Eloquent/Model.php(2372): Illuminate\\Database\\Eloquent\\Model->forwardCallTo()
#15 /home/og/Desktop/projects/road/publishersclearinghouse/vendor/laravel/framework/src/Illuminate/Database/Eloquent/Model.php(2384): Illuminate\\Database\\Eloquent\\Model->__call()
#16 /home/og/Desktop/projects/road/publishersclearinghouse/database/seeders/DemoWinnerSeeder.php(23): Illuminate\\Database\\Eloquent\\Model::__callStatic()
#17 /home/og/Desktop/projects/road/publishersclearinghouse/vendor/laravel/framework/src/Illuminate/Container/BoundMethod.php(36): Database\\Seeders\\DemoWinnerSeeder->run()
#18 /home/og/Desktop/projects/road/publishersclearinghouse/vendor/laravel/framework/src/Illuminate/Container/Util.php(43): Illuminate\\Container\\BoundMethod::Illuminate\\Container\\{closure}()
#19 /home/og/Desktop/projects/road/publishersclearinghouse/vendor/laravel/framework/src/Illuminate/Container/BoundMethod.php(95): Illuminate\\Container\\Util::unwrapIfClosure()
#20 /home/og/Desktop/projects/road/publishersclearinghouse/vendor/laravel/framework/src/Illuminate/Container/BoundMethod.php(35): Illuminate\\Container\\BoundMethod::callBoundMethod()
#21 /home/og/Desktop/projects/road/publishersclearinghouse/vendor/laravel/framework/src/Illuminate/Container/Container.php(696): Illuminate\\Container\\BoundMethod::call()
#22 /home/og/Desktop/projects/road/publishersclearinghouse/vendor/laravel/framework/src/Illuminate/Database/Seeder.php(188): Illuminate\\Container\\Container->call()
#23 /home/og/Desktop/projects/road/publishersclearinghouse/vendor/laravel/framework/src/Illuminate/Database/Seeder.php(197): Illuminate\\Database\\Seeder->Illuminate\\Database\\{closure}()
#24 /home/og/Desktop/projects/road/publishersclearinghouse/vendor/laravel/framework/src/Illuminate/Database/Console/Seeds/SeedCommand.php(70): Illuminate\\Database\\Seeder->__invoke()
#25 /home/og/Desktop/projects/road/publishersclearinghouse/vendor/laravel/framework/src/Illuminate/Database/Eloquent/Concerns/GuardsAttributes.php(155): Illuminate\\Database\\Console\\Seeds\\SeedCommand->Illuminate\\Database\\Console\\Seeds\\{closure}()
#26 /home/og/Desktop/projects/road/publishersclearinghouse/vendor/laravel/framework/src/Illuminate/Database/Console/Seeds/SeedCommand.php(69): Illuminate\\Database\\Eloquent\\Model::unguarded()
#27 /home/og/Desktop/projects/road/publishersclearinghouse/vendor/laravel/framework/src/Illuminate/Container/BoundMethod.php(36): Illuminate\\Database\\Console\\Seeds\\SeedCommand->handle()
#28 /home/og/Desktop/projects/road/publishersclearinghouse/vendor/laravel/framework/src/Illuminate/Container/Util.php(43): Illuminate\\Container\\BoundMethod::Illuminate\\Container\\{closure}()
#29 /home/og/Desktop/projects/road/publishersclearinghouse/vendor/laravel/framework/src/Illuminate/Container/BoundMethod.php(95): Illuminate\\Container\\Util::unwrapIfClosure()
#30 /home/og/Desktop/projects/road/publishersclearinghouse/vendor/laravel/framework/src/Illuminate/Container/BoundMethod.php(35): Illuminate\\Container\\BoundMethod::callBoundMethod()
#31 /home/og/Desktop/projects/road/publishersclearinghouse/vendor/laravel/framework/src/Illuminate/Container/Container.php(696): Illuminate\\Container\\BoundMethod::call()
#32 /home/og/Desktop/projects/road/publishersclearinghouse/vendor/laravel/framework/src/Illuminate/Console/Command.php(213): Illuminate\\Container\\Container->call()
#33 /home/og/Desktop/projects/road/publishersclearinghouse/vendor/symfony/console/Command/Command.php(341): Illuminate\\Console\\Command->execute()
#34 /home/og/Desktop/projects/road/publishersclearinghouse/vendor/laravel/framework/src/Illuminate/Console/Command.php(182): Symfony\\Component\\Console\\Command\\Command->run()
#35 /home/og/Desktop/projects/road/publishersclearinghouse/vendor/symfony/console/Application.php(1117): Illuminate\\Console\\Command->run()
#36 /home/og/Desktop/projects/road/publishersclearinghouse/vendor/symfony/console/Application.php(356): Symfony\\Component\\Console\\Application->doRunCommand()
#37 /home/og/Desktop/projects/road/publishersclearinghouse/vendor/symfony/console/Application.php(195): Symfony\\Component\\Console\\Application->doRun()
#38 /home/og/Desktop/projects/road/publishersclearinghouse/vendor/laravel/framework/src/Illuminate/Foundation/Console/Kernel.php(198): Symfony\\Component\\Console\\Application->run()
#39 /home/og/Desktop/projects/road/publishersclearinghouse/artisan(12): Illuminate\\Foundation\\Console\\Kernel->handle()
#40 {main}
"} 
[2026-07-11 12:07:25] local.ERROR: SQLSTATE[23000]: Integrity constraint violation: 1062 Duplicate entry 'card' for key 'payment_methods.payment_methods_slug_unique' (Connection: mysql, SQL: insert into `payment_methods` (`name`, `slug`, `type`, `purpose`, `description`, `config`, `is_active`, `sort_order`, `updated_at`, `created_at`) values (Credit/Debit Card, card, card, deposit,withdrawal,shop, Pay securely with your credit or debit card, {"providers":["stripe","paypal"]}, 1, 1, 2026-07-11 12:07:25, 2026-07-11 12:07:25)) {"exception":"[object] (Illuminate\\Database\\UniqueConstraintViolationException(code: 23000): SQLSTATE[23000]: Integrity constraint violation: 1062 Duplicate entry 'card' for key 'payment_methods.payment_methods_slug_unique' (Connection: mysql, SQL: insert into `payment_methods` (`name`, `slug`, `type`, `purpose`, `description`, `config`, `is_active`, `sort_order`, `updated_at`, `created_at`) values (Credit/Debit Card, card, card, deposit,withdrawal,shop, Pay securely with your credit or debit card, {\"providers\":[\"stripe\",\"paypal\"]}, 1, 1, 2026-07-11 12:07:25, 2026-07-11 12:07:25)) at /home/og/Desktop/projects/road/publishersclearinghouse/vendor/laravel/framework/src/Illuminate/Database/Connection.php:820)
[stacktrace]
#0 /home/og/Desktop/projects/road/publishersclearinghouse/vendor/laravel/framework/src/Illuminate/Database/Connection.php(779): Illuminate\\Database\\Connection->runQueryCallback()
#1 /home/og/Desktop/projects/road/publishersclearinghouse/vendor/laravel/framework/src/Illuminate/Database/MySqlConnection.php(42): Illuminate\\Database\\Connection->run()
#2 /home/og/Desktop/projects/road/publishersclearinghouse/vendor/laravel/framework/src/Illuminate/Database/Query/Processors/MySqlProcessor.php(35): Illuminate\\Database\\MySqlConnection->insert()
#3 /home/og/Desktop/projects/road/publishersclearinghouse/vendor/laravel/framework/src/Illuminate/Database/Query/Builder.php(3766): Illuminate\\Database\\Query\\Processors\\MySqlProcessor->processInsertGetId()
#4 /home/og/Desktop/projects/road/publishersclearinghouse/vendor/laravel/framework/src/Illuminate/Database/Eloquent/Builder.php(2120): Illuminate\\Database\\Query\\Builder->insertGetId()
#5 /home/og/Desktop/projects/road/publishersclearinghouse/vendor/laravel/framework/src/Illuminate/Database/Eloquent/Model.php(1359): Illuminate\\Database\\Eloquent\\Builder->__call()
#6 /home/og/Desktop/projects/road/publishersclearinghouse/vendor/laravel/framework/src/Illuminate/Database/Eloquent/Model.php(1324): Illuminate\\Database\\Eloquent\\Model->insertAndSetId()
#7 /home/og/Desktop/projects/road/publishersclearinghouse/vendor/laravel/framework/src/Illuminate/Database/Eloquent/Model.php(1163): Illuminate\\Database\\Eloquent\\Model->performInsert()
#8 /home/og/Desktop/projects/road/publishersclearinghouse/vendor/laravel/framework/src/Illuminate/Database/Eloquent/Builder.php(1128): Illuminate\\Database\\Eloquent\\Model->save()
#9 /home/og/Desktop/projects/road/publishersclearinghouse/vendor/laravel/framework/src/Illuminate/Support/helpers.php(399): Illuminate\\Database\\Eloquent\\Builder->Illuminate\\Database\\Eloquent\\{closure}()
#10 /home/og/Desktop/projects/road/publishersclearinghouse/vendor/laravel/framework/src/Illuminate/Database/Eloquent/Builder.php(1127): tap()
#11 /home/og/Desktop/projects/road/publishersclearinghouse/vendor/laravel/framework/src/Illuminate/Support/Traits/ForwardsCalls.php(23): Illuminate\\Database\\Eloquent\\Builder->create()
#12 /home/og/Desktop/projects/road/publishersclearinghouse/vendor/laravel/framework/src/Illuminate/Database/Eloquent/Model.php(2372): Illuminate\\Database\\Eloquent\\Model->forwardCallTo()
#13 /home/og/Desktop/projects/road/publishersclearinghouse/vendor/laravel/framework/src/Illuminate/Database/Eloquent/Model.php(2384): Illuminate\\Database\\Eloquent\\Model->__call()
#14 /home/og/Desktop/projects/road/publishersclearinghouse/database/seeders/PaymentMethodSeeder.php(12): Illuminate\\Database\\Eloquent\\Model::__callStatic()
#15 /home/og/Desktop/projects/road/publishersclearinghouse/vendor/laravel/framework/src/Illuminate/Container/BoundMethod.php(36): Database\\Seeders\\PaymentMethodSeeder->run()
#16 /home/og/Desktop/projects/road/publishersclearinghouse/vendor/laravel/framework/src/Illuminate/Container/Util.php(43): Illuminate\\Container\\BoundMethod::Illuminate\\Container\\{closure}()
#17 /home/og/Desktop/projects/road/publishersclearinghouse/vendor/laravel/framework/src/Illuminate/Container/BoundMethod.php(95): Illuminate\\Container\\Util::unwrapIfClosure()
#18 /home/og/Desktop/projects/road/publishersclearinghouse/vendor/laravel/framework/src/Illuminate/Container/BoundMethod.php(35): Illuminate\\Container\\BoundMethod::callBoundMethod()
#19 /home/og/Desktop/projects/road/publishersclearinghouse/vendor/laravel/framework/src/Illuminate/Container/Container.php(696): Illuminate\\Container\\BoundMethod::call()
#20 /home/og/Desktop/projects/road/publishersclearinghouse/vendor/laravel/framework/src/Illuminate/Database/Seeder.php(188): Illuminate\\Container\\Container->call()
#21 /home/og/Desktop/projects/road/publishersclearinghouse/vendor/laravel/framework/src/Illuminate/Database/Seeder.php(197): Illuminate\\Database\\Seeder->Illuminate\\Database\\{closure}()
#22 /home/og/Desktop/projects/road/publishersclearinghouse/vendor/laravel/framework/src/Illuminate/Database/Seeder.php(61): Illuminate\\Database\\Seeder->__invoke()
#23 /home/og/Desktop/projects/road/publishersclearinghouse/database/seeders/DemoWinnerSeeder.php(45): Illuminate\\Database\\Seeder->call()
#24 /home/og/Desktop/projects/road/publishersclearinghouse/vendor/laravel/framework/src/Illuminate/Container/BoundMethod.php(36): Database\\Seeders\\DemoWinnerSeeder->run()
#25 /home/og/Desktop/projects/road/publishersclearinghouse/vendor/laravel/framework/src/Illuminate/Container/Util.php(43): Illuminate\\Container\\BoundMethod::Illuminate\\Container\\{closure}()
#26 /home/og/Desktop/projects/road/publishersclearinghouse/vendor/laravel/framework/src/Illuminate/Container/BoundMethod.php(95): Illuminate\\Container\\Util::unwrapIfClosure()
#27 /home/og/Desktop/projects/road/publishersclearinghouse/vendor/laravel/framework/src/Illuminate/Container/BoundMethod.php(35): Illuminate\\Container\\BoundMethod::callBoundMethod()
#28 /home/og/Desktop/projects/road/publishersclearinghouse/vendor/laravel/framework/src/Illuminate/Container/Container.php(696): Illuminate\\Container\\BoundMethod::call()
#29 /home/og/Desktop/projects/road/publishersclearinghouse/vendor/laravel/framework/src/Illuminate/Database/Seeder.php(188): Illuminate\\Container\\Container->call()
#30 /home/og/Desktop/projects/road/publishersclearinghouse/vendor/laravel/framework/src/Illuminate/Database/Seeder.php(197): Illuminate\\Database\\Seeder->Illuminate\\Database\\{closure}()
#31 /home/og/Desktop/projects/road/publishersclearinghouse/vendor/laravel/framework/src/Illuminate/Database/Console/Seeds/SeedCommand.php(70): Illuminate\\Database\\Seeder->__invoke()
#32 /home/og/Desktop/projects/road/publishersclearinghouse/vendor/laravel/framework/src/Illuminate/Database/Eloquent/Concerns/GuardsAttributes.php(155): Illuminate\\Database\\Console\\Seeds\\SeedCommand->Illuminate\\Database\\Console\\Seeds\\{closure}()
#33 /home/og/Desktop/projects/road/publishersclearinghouse/vendor/laravel/framework/src/Illuminate/Database/Console/Seeds/SeedCommand.php(69): Illuminate\\Database\\Eloquent\\Model::unguarded()
#34 /home/og/Desktop/projects/road/publishersclearinghouse/vendor/laravel/framework/src/Illuminate/Container/BoundMethod.php(36): Illuminate\\Database\\Console\\Seeds\\SeedCommand->handle()
#35 /home/og/Desktop/projects/road/publishersclearinghouse/vendor/laravel/framework/src/Illuminate/Container/Util.php(43): Illuminate\\Container\\BoundMethod::Illuminate\\Container\\{closure}()
#36 /home/og/Desktop/projects/road/publishersclearinghouse/vendor/laravel/framework/src/Illuminate/Container/BoundMethod.php(95): Illuminate\\Container\\Util::unwrapIfClosure()
#37 /home/og/Desktop/projects/road/publishersclearinghouse/vendor/laravel/framework/src/Illuminate/Container/BoundMethod.php(35): Illuminate\\Container\\BoundMethod::callBoundMethod()
#38 /home/og/Desktop/projects/road/publishersclearinghouse/vendor/laravel/framework/src/Illuminate/Container/Container.php(696): Illuminate\\Container\\BoundMethod::call()
#39 /home/og/Desktop/projects/road/publishersclearinghouse/vendor/laravel/framework/src/Illuminate/Console/Command.php(213): Illuminate\\Container\\Container->call()
#40 /home/og/Desktop/projects/road/publishersclearinghouse/vendor/symfony/console/Command/Command.php(341): Illuminate\\Console\\Command->execute()
#41 /home/og/Desktop/projects/road/publishersclearinghouse/vendor/laravel/framework/src/Illuminate/Console/Command.php(182): Symfony\\Component\\Console\\Command\\Command->run()
#42 /home/og/Desktop/projects/road/publishersclearinghouse/vendor/symfony/console/Application.php(1117): Illuminate\\Console\\Command->run()
#43 /home/og/Desktop/projects/road/publishersclearinghouse/vendor/symfony/console/Application.php(356): Symfony\\Component\\Console\\Application->doRunCommand()
#44 /home/og/Desktop/projects/road/publishersclearinghouse/vendor/symfony/console/Application.php(195): Symfony\\Component\\Console\\Application->doRun()
#45 /home/og/Desktop/projects/road/publishersclearinghouse/vendor/laravel/framework/src/Illuminate/Foundation/Console/Kernel.php(198): Symfony\\Component\\Console\\Application->run()
#46 /home/og/Desktop/projects/road/publishersclearinghouse/artisan(12): Illuminate\\Foundation\\Console\\Kernel->handle()
#47 {main}

[previous exception] [object] (PDOException(code: 23000): SQLSTATE[23000]: Integrity constraint violation: 1062 Duplicate entry 'card' for key 'payment_methods.payment_methods_slug_unique' at /home/og/Desktop/projects/road/publishersclearinghouse/vendor/laravel/framework/src/Illuminate/Database/MySqlConnection.php:53)
[stacktrace]
#0 /home/og/Desktop/projects/road/publishersclearinghouse/vendor/laravel/framework/src/Illuminate/Database/MySqlConnection.php(53): PDOStatement->execute()
#1 /home/og/Desktop/projects/road/publishersclearinghouse/vendor/laravel/framework/src/Illuminate/Database/Connection.php(812): Illuminate\\Database\\MySqlConnection->Illuminate\\Database\\{closure}()
#2 /home/og/Desktop/projects/road/publishersclearinghouse/vendor/laravel/framework/src/Illuminate/Database/Connection.php(779): Illuminate\\Database\\Connection->runQueryCallback()
#3 /home/og/Desktop/projects/road/publishersclearinghouse/vendor/laravel/framework/src/Illuminate/Database/MySqlConnection.php(42): Illuminate\\Database\\Connection->run()
#4 /home/og/Desktop/projects/road/publishersclearinghouse/vendor/laravel/framework/src/Illuminate/Database/Query/Processors/MySqlProcessor.php(35): Illuminate\\Database\\MySqlConnection->insert()
#5 /home/og/Desktop/projects/road/publishersclearinghouse/vendor/laravel/framework/src/Illuminate/Database/Query/Builder.php(3766): Illuminate\\Database\\Query\\Processors\\MySqlProcessor->processInsertGetId()
#6 /home/og/Desktop/projects/road/publishersclearinghouse/vendor/laravel/framework/src/Illuminate/Database/Eloquent/Builder.php(2120): Illuminate\\Database\\Query\\Builder->insertGetId()
#7 /home/og/Desktop/projects/road/publishersclearinghouse/vendor/laravel/framework/src/Illuminate/Database/Eloquent/Model.php(1359): Illuminate\\Database\\Eloquent\\Builder->__call()
#8 /home/og/Desktop/projects/road/publishersclearinghouse/vendor/laravel/framework/src/Illuminate/Database/Eloquent/Model.php(1324): Illuminate\\Database\\Eloquent\\Model->insertAndSetId()
#9 /home/og/Desktop/projects/road/publishersclearinghouse/vendor/laravel/framework/src/Illuminate/Database/Eloquent/Model.php(1163): Illuminate\\Database\\Eloquent\\Model->performInsert()
#10 /home/og/Desktop/projects/road/publishersclearinghouse/vendor/laravel/framework/src/Illuminate/Database/Eloquent/Builder.php(1128): Illuminate\\Database\\Eloquent\\Model->save()
#11 /home/og/Desktop/projects/road/publishersclearinghouse/vendor/laravel/framework/src/Illuminate/Support/helpers.php(399): Illuminate\\Database\\Eloquent\\Builder->Illuminate\\Database\\Eloquent\\{closure}()
#12 /home/og/Desktop/projects/road/publishersclearinghouse/vendor/laravel/framework/src/Illuminate/Database/Eloquent/Builder.php(1127): tap()
#13 /home/og/Desktop/projects/road/publishersclearinghouse/vendor/laravel/framework/src/Illuminate/Support/Traits/ForwardsCalls.php(23): Illuminate\\Database\\Eloquent\\Builder->create()
#14 /home/og/Desktop/projects/road/publishersclearinghouse/vendor/laravel/framework/src/Illuminate/Database/Eloquent/Model.php(2372): Illuminate\\Database\\Eloquent\\Model->forwardCallTo()
#15 /home/og/Desktop/projects/road/publishersclearinghouse/vendor/laravel/framework/src/Illuminate/Database/Eloquent/Model.php(2384): Illuminate\\Database\\Eloquent\\Model->__call()
#16 /home/og/Desktop/projects/road/publishersclearinghouse/database/seeders/PaymentMethodSeeder.php(12): Illuminate\\Database\\Eloquent\\Model::__callStatic()
#17 /home/og/Desktop/projects/road/publishersclearinghouse/vendor/laravel/framework/src/Illuminate/Container/BoundMethod.php(36): Database\\Seeders\\PaymentMethodSeeder->run()
#18 /home/og/Desktop/projects/road/publishersclearinghouse/vendor/laravel/framework/src/Illuminate/Container/Util.php(43): Illuminate\\Container\\BoundMethod::Illuminate\\Container\\{closure}()
#19 /home/og/Desktop/projects/road/publishersclearinghouse/vendor/laravel/framework/src/Illuminate/Container/BoundMethod.php(95): Illuminate\\Container\\Util::unwrapIfClosure()
#20 /home/og/Desktop/projects/road/publishersclearinghouse/vendor/laravel/framework/src/Illuminate/Container/BoundMethod.php(35): Illuminate\\Container\\BoundMethod::callBoundMethod()
#21 /home/og/Desktop/projects/road/publishersclearinghouse/vendor/laravel/framework/src/Illuminate/Container/Container.php(696): Illuminate\\Container\\BoundMethod::call()
#22 /home/og/Desktop/projects/road/publishersclearinghouse/vendor/laravel/framework/src/Illuminate/Database/Seeder.php(188): Illuminate\\Container\\Container->call()
#23 /home/og/Desktop/projects/road/publishersclearinghouse/vendor/laravel/framework/src/Illuminate/Database/Seeder.php(197): Illuminate\\Database\\Seeder->Illuminate\\Database\\{closure}()
#24 /home/og/Desktop/projects/road/publishersclearinghouse/vendor/laravel/framework/src/Illuminate/Database/Seeder.php(61): Illuminate\\Database\\Seeder->__invoke()
#25 /home/og/Desktop/projects/road/publishersclearinghouse/database/seeders/DemoWinnerSeeder.php(45): Illuminate\\Database\\Seeder->call()
#26 /home/og/Desktop/projects/road/publishersclearinghouse/vendor/laravel/framework/src/Illuminate/Container/BoundMethod.php(36): Database\\Seeders\\DemoWinnerSeeder->run()
#27 /home/og/Desktop/projects/road/publishersclearinghouse/vendor/laravel/framework/src/Illuminate/Container/Util.php(43): Illuminate\\Container\\BoundMethod::Illuminate\\Container\\{closure}()
#28 /home/og/Desktop/projects/road/publishersclearinghouse/vendor/laravel/framework/src/Illuminate/Container/BoundMethod.php(95): Illuminate\\Container\\Util::unwrapIfClosure()
#29 /home/og/Desktop/projects/road/publishersclearinghouse/vendor/laravel/framework/src/Illuminate/Container/BoundMethod.php(35): Illuminate\\Container\\BoundMethod::callBoundMethod()
#30 /home/og/Desktop/projects/road/publishersclearinghouse/vendor/laravel/framework/src/Illuminate/Container/Container.php(696): Illuminate\\Container\\BoundMethod::call()
#31 /home/og/Desktop/projects/road/publishersclearinghouse/vendor/laravel/framework/src/Illuminate/Database/Seeder.php(188): Illuminate\\Container\\Container->call()
#32 /home/og/Desktop/projects/road/publishersclearinghouse/vendor/laravel/framework/src/Illuminate/Database/Seeder.php(197): Illuminate\\Database\\Seeder->Illuminate\\Database\\{closure}()
#33 /home/og/Desktop/projects/road/publishersclearinghouse/vendor/laravel/framework/src/Illuminate/Database/Console/Seeds/SeedCommand.php(70): Illuminate\\Database\\Seeder->__invoke()
#34 /home/og/Desktop/projects/road/publishersclearinghouse/vendor/laravel/framework/src/Illuminate/Database/Eloquent/Concerns/GuardsAttributes.php(155): Illuminate\\Database\\Console\\Seeds\\SeedCommand->Illuminate\\Database\\Console\\Seeds\\{closure}()
#35 /home/og/Desktop/projects/road/publishersclearinghouse/vendor/laravel/framework/src/Illuminate/Database/Console/Seeds/SeedCommand.php(69): Illuminate\\Database\\Eloquent\\Model::unguarded()
#36 /home/og/Desktop/projects/road/publishersclearinghouse/vendor/laravel/framework/src/Illuminate/Container/BoundMethod.php(36): Illuminate\\Database\\Console\\Seeds\\SeedCommand->handle()
#37 /home/og/Desktop/projects/road/publishersclearinghouse/vendor/laravel/framework/src/Illuminate/Container/Util.php(43): Illuminate\\Container\\BoundMethod::Illuminate\\Container\\{closure}()
#38 /home/og/Desktop/projects/road/publishersclearinghouse/vendor/laravel/framework/src/Illuminate/Container/BoundMethod.php(95): Illuminate\\Container\\Util::unwrapIfClosure()
#39 /home/og/Desktop/projects/road/publishersclearinghouse/vendor/laravel/framework/src/Illuminate/Container/BoundMethod.php(35): Illuminate\\Container\\BoundMethod::callBoundMethod()
#40 /home/og/Desktop/projects/road/publishersclearinghouse/vendor/laravel/framework/src/Illuminate/Container/Container.php(696): Illuminate\\Container\\BoundMethod::call()
#41 /home/og/Desktop/projects/road/publishersclearinghouse/vendor/laravel/framework/src/Illuminate/Console/Command.php(213): Illuminate\\Container\\Container->call()
#42 /home/og/Desktop/projects/road/publishersclearinghouse/vendor/symfony/console/Command/Command.php(341): Illuminate\\Console\\Command->execute()
#43 /home/og/Desktop/projects/road/publishersclearinghouse/vendor/laravel/framework/src/Illuminate/Console/Command.php(182): Symfony\\Component\\Console\\Command\\Command->run()
#44 /home/og/Desktop/projects/road/publishersclearinghouse/vendor/symfony/console/Application.php(1117): Illuminate\\Console\\Command->run()
#45 /home/og/Desktop/projects/road/publishersclearinghouse/vendor/symfony/console/Application.php(356): Symfony\\Component\\Console\\Application->doRunCommand()
#46 /home/og/Desktop/projects/road/publishersclearinghouse/vendor/symfony/console/Application.php(195): Symfony\\Component\\Console\\Application->doRun()
#47 /home/og/Desktop/projects/road/publishersclearinghouse/vendor/laravel/framework/src/Illuminate/Foundation/Console/Kernel.php(198): Symfony\\Component\\Console\\Application->run()
#48 /home/og/Desktop/projects/road/publishersclearinghouse/artisan(12): Illuminate\\Foundation\\Console\\Kernel->handle()
#49 {main}
"} 
[2026-07-11 12:07:44] local.ERROR: SQLSTATE[42S22]: Column not found: 1054 Unknown column 'compare_price' in 'field list' (Connection: mysql, SQL: insert into `shop_products` (`name`, `slug`, `description`, `price`, `compare_price`, `image`, `category`, `is_active`, `sort_order`, `updated_at`, `created_at`) values (PCH Logo T-Shirt, pch-logo-tshirt, Official Publishers Clearing House cotton t-shirt. Comfortable, stylish, and perfect for any occasion., 29.99, 39.99, /images/products/tshirt.png, apparel, 1, 1, 2026-07-11 12:07:44, 2026-07-11 12:07:44)) {"exception":"[object] (Illuminate\\Database\\QueryException(code: 42S22): SQLSTATE[42S22]: Column not found: 1054 Unknown column 'compare_price' in 'field list' (Connection: mysql, SQL: insert into `shop_products` (`name`, `slug`, `description`, `price`, `compare_price`, `image`, `category`, `is_active`, `sort_order`, `updated_at`, `created_at`) values (PCH Logo T-Shirt, pch-logo-tshirt, Official Publishers Clearing House cotton t-shirt. Comfortable, stylish, and perfect for any occasion., 29.99, 39.99, /images/products/tshirt.png, apparel, 1, 1, 2026-07-11 12:07:44, 2026-07-11 12:07:44)) at /home/og/Desktop/projects/road/publishersclearinghouse/vendor/laravel/framework/src/Illuminate/Database/Connection.php:825)
[stacktrace]
#0 /home/og/Desktop/projects/road/publishersclearinghouse/vendor/laravel/framework/src/Illuminate/Database/Connection.php(779): Illuminate\\Database\\Connection->runQueryCallback()
#1 /home/og/Desktop/projects/road/publishersclearinghouse/vendor/laravel/framework/src/Illuminate/Database/MySqlConnection.php(42): Illuminate\\Database\\Connection->run()
#2 /home/og/Desktop/projects/road/publishersclearinghouse/vendor/laravel/framework/src/Illuminate/Database/Query/Processors/MySqlProcessor.php(35): Illuminate\\Database\\MySqlConnection->insert()
#3 /home/og/Desktop/projects/road/publishersclearinghouse/vendor/laravel/framework/src/Illuminate/Database/Query/Builder.php(3766): Illuminate\\Database\\Query\\Processors\\MySqlProcessor->processInsertGetId()
#4 /home/og/Desktop/projects/road/publishersclearinghouse/vendor/laravel/framework/src/Illuminate/Database/Eloquent/Builder.php(2120): Illuminate\\Database\\Query\\Builder->insertGetId()
#5 /home/og/Desktop/projects/road/publishersclearinghouse/vendor/laravel/framework/src/Illuminate/Database/Eloquent/Model.php(1359): Illuminate\\Database\\Eloquent\\Builder->__call()
#6 /home/og/Desktop/projects/road/publishersclearinghouse/vendor/laravel/framework/src/Illuminate/Database/Eloquent/Model.php(1324): Illuminate\\Database\\Eloquent\\Model->insertAndSetId()
#7 /home/og/Desktop/projects/road/publishersclearinghouse/vendor/laravel/framework/src/Illuminate/Database/Eloquent/Model.php(1163): Illuminate\\Database\\Eloquent\\Model->performInsert()
#8 /home/og/Desktop/projects/road/publishersclearinghouse/vendor/laravel/framework/src/Illuminate/Database/Eloquent/Builder.php(1128): Illuminate\\Database\\Eloquent\\Model->save()
#9 /home/og/Desktop/projects/road/publishersclearinghouse/vendor/laravel/framework/src/Illuminate/Support/helpers.php(399): Illuminate\\Database\\Eloquent\\Builder->Illuminate\\Database\\Eloquent\\{closure}()
#10 /home/og/Desktop/projects/road/publishersclearinghouse/vendor/laravel/framework/src/Illuminate/Database/Eloquent/Builder.php(1127): tap()
#11 /home/og/Desktop/projects/road/publishersclearinghouse/vendor/laravel/framework/src/Illuminate/Support/Traits/ForwardsCalls.php(23): Illuminate\\Database\\Eloquent\\Builder->create()
#12 /home/og/Desktop/projects/road/publishersclearinghouse/vendor/laravel/framework/src/Illuminate/Database/Eloquent/Model.php(2372): Illuminate\\Database\\Eloquent\\Model->forwardCallTo()
#13 /home/og/Desktop/projects/road/publishersclearinghouse/vendor/laravel/framework/src/Illuminate/Database/Eloquent/Model.php(2384): Illuminate\\Database\\Eloquent\\Model->__call()
#14 /home/og/Desktop/projects/road/publishersclearinghouse/database/seeders/DemoWinnerSeeder.php(246): Illuminate\\Database\\Eloquent\\Model::__callStatic()
#15 /home/og/Desktop/projects/road/publishersclearinghouse/vendor/laravel/framework/src/Illuminate/Container/BoundMethod.php(36): Database\\Seeders\\DemoWinnerSeeder->run()
#16 /home/og/Desktop/projects/road/publishersclearinghouse/vendor/laravel/framework/src/Illuminate/Container/Util.php(43): Illuminate\\Container\\BoundMethod::Illuminate\\Container\\{closure}()
#17 /home/og/Desktop/projects/road/publishersclearinghouse/vendor/laravel/framework/src/Illuminate/Container/BoundMethod.php(95): Illuminate\\Container\\Util::unwrapIfClosure()
#18 /home/og/Desktop/projects/road/publishersclearinghouse/vendor/laravel/framework/src/Illuminate/Container/BoundMethod.php(35): Illuminate\\Container\\BoundMethod::callBoundMethod()
#19 /home/og/Desktop/projects/road/publishersclearinghouse/vendor/laravel/framework/src/Illuminate/Container/Container.php(696): Illuminate\\Container\\BoundMethod::call()
#20 /home/og/Desktop/projects/road/publishersclearinghouse/vendor/laravel/framework/src/Illuminate/Database/Seeder.php(188): Illuminate\\Container\\Container->call()
#21 /home/og/Desktop/projects/road/publishersclearinghouse/vendor/laravel/framework/src/Illuminate/Database/Seeder.php(197): Illuminate\\Database\\Seeder->Illuminate\\Database\\{closure}()
#22 /home/og/Desktop/projects/road/publishersclearinghouse/vendor/laravel/framework/src/Illuminate/Database/Console/Seeds/SeedCommand.php(70): Illuminate\\Database\\Seeder->__invoke()
#23 /home/og/Desktop/projects/road/publishersclearinghouse/vendor/laravel/framework/src/Illuminate/Database/Eloquent/Concerns/GuardsAttributes.php(155): Illuminate\\Database\\Console\\Seeds\\SeedCommand->Illuminate\\Database\\Console\\Seeds\\{closure}()
#24 /home/og/Desktop/projects/road/publishersclearinghouse/vendor/laravel/framework/src/Illuminate/Database/Console/Seeds/SeedCommand.php(69): Illuminate\\Database\\Eloquent\\Model::unguarded()
#25 /home/og/Desktop/projects/road/publishersclearinghouse/vendor/laravel/framework/src/Illuminate/Container/BoundMethod.php(36): Illuminate\\Database\\Console\\Seeds\\SeedCommand->handle()
#26 /home/og/Desktop/projects/road/publishersclearinghouse/vendor/laravel/framework/src/Illuminate/Container/Util.php(43): Illuminate\\Container\\BoundMethod::Illuminate\\Container\\{closure}()
#27 /home/og/Desktop/projects/road/publishersclearinghouse/vendor/laravel/framework/src/Illuminate/Container/BoundMethod.php(95): Illuminate\\Container\\Util::unwrapIfClosure()
#28 /home/og/Desktop/projects/road/publishersclearinghouse/vendor/laravel/framework/src/Illuminate/Container/BoundMethod.php(35): Illuminate\\Container\\BoundMethod::callBoundMethod()
#29 /home/og/Desktop/projects/road/publishersclearinghouse/vendor/laravel/framework/src/Illuminate/Container/Container.php(696): Illuminate\\Container\\BoundMethod::call()
#30 /home/og/Desktop/projects/road/publishersclearinghouse/vendor/laravel/framework/src/Illuminate/Console/Command.php(213): Illuminate\\Container\\Container->call()
#31 /home/og/Desktop/projects/road/publishersclearinghouse/vendor/symfony/console/Command/Command.php(341): Illuminate\\Console\\Command->execute()
#32 /home/og/Desktop/projects/road/publishersclearinghouse/vendor/laravel/framework/src/Illuminate/Console/Command.php(182): Symfony\\Component\\Console\\Command\\Command->run()
#33 /home/og/Desktop/projects/road/publishersclearinghouse/vendor/symfony/console/Application.php(1117): Illuminate\\Console\\Command->run()
#34 /home/og/Desktop/projects/road/publishersclearinghouse/vendor/symfony/console/Application.php(356): Symfony\\Component\\Console\\Application->doRunCommand()
#35 /home/og/Desktop/projects/road/publishersclearinghouse/vendor/symfony/console/Application.php(195): Symfony\\Component\\Console\\Application->doRun()
#36 /home/og/Desktop/projects/road/publishersclearinghouse/vendor/laravel/framework/src/Illuminate/Foundation/Console/Kernel.php(198): Symfony\\Component\\Console\\Application->run()
#37 /home/og/Desktop/projects/road/publishersclearinghouse/artisan(12): Illuminate\\Foundation\\Console\\Kernel->handle()
#38 {main}

[previous exception] [object] (PDOException(code: 42S22): SQLSTATE[42S22]: Column not found: 1054 Unknown column 'compare_price' in 'field list' at /home/og/Desktop/projects/road/publishersclearinghouse/vendor/laravel/framework/src/Illuminate/Database/MySqlConnection.php:47)
[stacktrace]
#0 /home/og/Desktop/projects/road/publishersclearinghouse/vendor/laravel/framework/src/Illuminate/Database/MySqlConnection.php(47): PDO->prepare()
#1 /home/og/Desktop/projects/road/publishersclearinghouse/vendor/laravel/framework/src/Illuminate/Database/Connection.php(812): Illuminate\\Database\\MySqlConnection->Illuminate\\Database\\{closure}()
#2 /home/og/Desktop/projects/road/publishersclearinghouse/vendor/laravel/framework/src/Illuminate/Database/Connection.php(779): Illuminate\\Database\\Connection->runQueryCallback()
#3 /home/og/Desktop/projects/road/publishersclearinghouse/vendor/laravel/framework/src/Illuminate/Database/MySqlConnection.php(42): Illuminate\\Database\\Connection->run()
#4 /home/og/Desktop/projects/road/publishersclearinghouse/vendor/laravel/framework/src/Illuminate/Database/Query/Processors/MySqlProcessor.php(35): Illuminate\\Database\\MySqlConnection->insert()
#5 /home/og/Desktop/projects/road/publishersclearinghouse/vendor/laravel/framework/src/Illuminate/Database/Query/Builder.php(3766): Illuminate\\Database\\Query\\Processors\\MySqlProcessor->processInsertGetId()
#6 /home/og/Desktop/projects/road/publishersclearinghouse/vendor/laravel/framework/src/Illuminate/Database/Eloquent/Builder.php(2120): Illuminate\\Database\\Query\\Builder->insertGetId()
#7 /home/og/Desktop/projects/road/publishersclearinghouse/vendor/laravel/framework/src/Illuminate/Database/Eloquent/Model.php(1359): Illuminate\\Database\\Eloquent\\Builder->__call()
#8 /home/og/Desktop/projects/road/publishersclearinghouse/vendor/laravel/framework/src/Illuminate/Database/Eloquent/Model.php(1324): Illuminate\\Database\\Eloquent\\Model->insertAndSetId()
#9 /home/og/Desktop/projects/road/publishersclearinghouse/vendor/laravel/framework/src/Illuminate/Database/Eloquent/Model.php(1163): Illuminate\\Database\\Eloquent\\Model->performInsert()
#10 /home/og/Desktop/projects/road/publishersclearinghouse/vendor/laravel/framework/src/Illuminate/Database/Eloquent/Builder.php(1128): Illuminate\\Database\\Eloquent\\Model->save()
#11 /home/og/Desktop/projects/road/publishersclearinghouse/vendor/laravel/framework/src/Illuminate/Support/helpers.php(399): Illuminate\\Database\\Eloquent\\Builder->Illuminate\\Database\\Eloquent\\{closure}()
#12 /home/og/Desktop/projects/road/publishersclearinghouse/vendor/laravel/framework/src/Illuminate/Database/Eloquent/Builder.php(1127): tap()
#13 /home/og/Desktop/projects/road/publishersclearinghouse/vendor/laravel/framework/src/Illuminate/Support/Traits/ForwardsCalls.php(23): Illuminate\\Database\\Eloquent\\Builder->create()
#14 /home/og/Desktop/projects/road/publishersclearinghouse/vendor/laravel/framework/src/Illuminate/Database/Eloquent/Model.php(2372): Illuminate\\Database\\Eloquent\\Model->forwardCallTo()
#15 /home/og/Desktop/projects/road/publishersclearinghouse/vendor/laravel/framework/src/Illuminate/Database/Eloquent/Model.php(2384): Illuminate\\Database\\Eloquent\\Model->__call()
#16 /home/og/Desktop/projects/road/publishersclearinghouse/database/seeders/DemoWinnerSeeder.php(246): Illuminate\\Database\\Eloquent\\Model::__callStatic()
#17 /home/og/Desktop/projects/road/publishersclearinghouse/vendor/laravel/framework/src/Illuminate/Container/BoundMethod.php(36): Database\\Seeders\\DemoWinnerSeeder->run()
#18 /home/og/Desktop/projects/road/publishersclearinghouse/vendor/laravel/framework/src/Illuminate/Container/Util.php(43): Illuminate\\Container\\BoundMethod::Illuminate\\Container\\{closure}()
#19 /home/og/Desktop/projects/road/publishersclearinghouse/vendor/laravel/framework/src/Illuminate/Container/BoundMethod.php(95): Illuminate\\Container\\Util::unwrapIfClosure()
#20 /home/og/Desktop/projects/road/publishersclearinghouse/vendor/laravel/framework/src/Illuminate/Container/BoundMethod.php(35): Illuminate\\Container\\BoundMethod::callBoundMethod()
#21 /home/og/Desktop/projects/road/publishersclearinghouse/vendor/laravel/framework/src/Illuminate/Container/Container.php(696): Illuminate\\Container\\BoundMethod::call()
#22 /home/og/Desktop/projects/road/publishersclearinghouse/vendor/laravel/framework/src/Illuminate/Database/Seeder.php(188): Illuminate\\Container\\Container->call()
#23 /home/og/Desktop/projects/road/publishersclearinghouse/vendor/laravel/framework/src/Illuminate/Database/Seeder.php(197): Illuminate\\Database\\Seeder->Illuminate\\Database\\{closure}()
#24 /home/og/Desktop/projects/road/publishersclearinghouse/vendor/laravel/framework/src/Illuminate/Database/Console/Seeds/SeedCommand.php(70): Illuminate\\Database\\Seeder->__invoke()
#25 /home/og/Desktop/projects/road/publishersclearinghouse/vendor/laravel/framework/src/Illuminate/Database/Eloquent/Concerns/GuardsAttributes.php(155): Illuminate\\Database\\Console\\Seeds\\SeedCommand->Illuminate\\Database\\Console\\Seeds\\{closure}()
#26 /home/og/Desktop/projects/road/publishersclearinghouse/vendor/laravel/framework/src/Illuminate/Database/Console/Seeds/SeedCommand.php(69): Illuminate\\Database\\Eloquent\\Model::unguarded()
#27 /home/og/Desktop/projects/road/publishersclearinghouse/vendor/laravel/framework/src/Illuminate/Container/BoundMethod.php(36): Illuminate\\Database\\Console\\Seeds\\SeedCommand->handle()
#28 /home/og/Desktop/projects/road/publishersclearinghouse/vendor/laravel/framework/src/Illuminate/Container/Util.php(43): Illuminate\\Container\\BoundMethod::Illuminate\\Container\\{closure}()
#29 /home/og/Desktop/projects/road/publishersclearinghouse/vendor/laravel/framework/src/Illuminate/Container/BoundMethod.php(95): Illuminate\\Container\\Util::unwrapIfClosure()
#30 /home/og/Desktop/projects/road/publishersclearinghouse/vendor/laravel/framework/src/Illuminate/Container/BoundMethod.php(35): Illuminate\\Container\\BoundMethod::callBoundMethod()
#31 /home/og/Desktop/projects/road/publishersclearinghouse/vendor/laravel/framework/src/Illuminate/Container/Container.php(696): Illuminate\\Container\\BoundMethod::call()
#32 /home/og/Desktop/projects/road/publishersclearinghouse/vendor/laravel/framework/src/Illuminate/Console/Command.php(213): Illuminate\\Container\\Container->call()
#33 /home/og/Desktop/projects/road/publishersclearinghouse/vendor/symfony/console/Command/Command.php(341): Illuminate\\Console\\Command->execute()
#34 /home/og/Desktop/projects/road/publishersclearinghouse/vendor/laravel/framework/src/Illuminate/Console/Command.php(182): Symfony\\Component\\Console\\Command\\Command->run()
#35 /home/og/Desktop/projects/road/publishersclearinghouse/vendor/symfony/console/Application.php(1117): Illuminate\\Console\\Command->run()
#36 /home/og/Desktop/projects/road/publishersclearinghouse/vendor/symfony/console/Application.php(356): Symfony\\Component\\Console\\Application->doRunCommand()
#37 /home/og/Desktop/projects/road/publishersclearinghouse/vendor/symfony/console/Application.php(195): Symfony\\Component\\Console\\Application->doRun()
#38 /home/og/Desktop/projects/road/publishersclearinghouse/vendor/laravel/framework/src/Illuminate/Foundation/Console/Kernel.php(198): Symfony\\Component\\Console\\Application->run()
#39 /home/og/Desktop/projects/road/publishersclearinghouse/artisan(12): Illuminate\\Foundation\\Console\\Kernel->handle()
#40 {main}
"} 
[2026-07-11 12:08:04] local.ERROR: The "--query" option does not exist. {"exception":"[object] (Symfony\\Component\\Console\\Exception\\RuntimeException(code: 0): The \"--query\" option does not exist. at /home/og/Desktop/projects/road/publishersclearinghouse/vendor/symfony/console/Input/ArgvInput.php:226)
[stacktrace]
#0 /home/og/Desktop/projects/road/publishersclearinghouse/vendor/symfony/console/Input/ArgvInput.php(153): Symfony\\Component\\Console\\Input\\ArgvInput->addLongOption()
#1 /home/og/Desktop/projects/road/publishersclearinghouse/vendor/symfony/console/Input/ArgvInput.php(88): Symfony\\Component\\Console\\Input\\ArgvInput->parseLongOption()
#2 /home/og/Desktop/projects/road/publishersclearinghouse/vendor/symfony/console/Input/ArgvInput.php(77): Symfony\\Component\\Console\\Input\\ArgvInput->parseToken()
#3 /home/og/Desktop/projects/road/publishersclearinghouse/vendor/symfony/console/Input/Input.php(53): Symfony\\Component\\Console\\Input\\ArgvInput->parse()
#4 /home/og/Desktop/projects/road/publishersclearinghouse/vendor/symfony/console/Command/Command.php(295): Symfony\\Component\\Console\\Input\\Input->bind()
#5 /home/og/Desktop/projects/road/publishersclearinghouse/vendor/laravel/framework/src/Illuminate/Console/Command.php(182): Symfony\\Component\\Console\\Command\\Command->run()
#6 /home/og/Desktop/projects/road/publishersclearinghouse/vendor/symfony/console/Application.php(1117): Illuminate\\Console\\Command->run()
#7 /home/og/Desktop/projects/road/publishersclearinghouse/vendor/symfony/console/Application.php(356): Symfony\\Component\\Console\\Application->doRunCommand()
#8 /home/og/Desktop/projects/road/publishersclearinghouse/vendor/symfony/console/Application.php(195): Symfony\\Component\\Console\\Application->doRun()
#9 /home/og/Desktop/projects/road/publishersclearinghouse/vendor/laravel/framework/src/Illuminate/Foundation/Console/Kernel.php(198): Symfony\\Component\\Console\\Application->run()
#10 /home/og/Desktop/projects/road/publishersclearinghouse/artisan(12): Illuminate\\Foundation\\Console\\Kernel->handle()
#11 {main}
"} 
[2026-07-11 12:09:06] local.ERROR: SQLSTATE[42S22]: Column not found: 1054 Unknown column 'customer_address' in 'field list' (Connection: mysql, SQL: insert into `shop_orders` (`customer_name`, `customer_email`, `customer_address`, `customer_city`, `customer_state`, `customer_zip`, `items`, `total`, `payment_method`, `status`, `admin_notes`, `updated_at`, `created_at`) values (John Demo, john.demo@example.com, 123 Winners Circle, Prize City, CA, 90210, [{"product_id":1,"name":"PCH Logo T-Shirt","price":29.99,"quantity":1},{"product_id":2,"name":"PCH Baseball Cap","price":24.99,"quantity":2}], 79.97, credit-card, delivered, Delivered — confirmed., 2026-07-11 12:09:06, 2026-07-11 12:09:06)) {"exception":"[object] (Illuminate\\Database\\QueryException(code: 42S22): SQLSTATE[42S22]: Column not found: 1054 Unknown column 'customer_address' in 'field list' (Connection: mysql, SQL: insert into `shop_orders` (`customer_name`, `customer_email`, `customer_address`, `customer_city`, `customer_state`, `customer_zip`, `items`, `total`, `payment_method`, `status`, `admin_notes`, `updated_at`, `created_at`) values (John Demo, john.demo@example.com, 123 Winners Circle, Prize City, CA, 90210, [{\"product_id\":1,\"name\":\"PCH Logo T-Shirt\",\"price\":29.99,\"quantity\":1},{\"product_id\":2,\"name\":\"PCH Baseball Cap\",\"price\":24.99,\"quantity\":2}], 79.97, credit-card, delivered, Delivered — confirmed., 2026-07-11 12:09:06, 2026-07-11 12:09:06)) at /home/og/Desktop/projects/road/publishersclearinghouse/vendor/laravel/framework/src/Illuminate/Database/Connection.php:825)
[stacktrace]
#0 /home/og/Desktop/projects/road/publishersclearinghouse/vendor/laravel/framework/src/Illuminate/Database/Connection.php(779): Illuminate\\Database\\Connection->runQueryCallback()
#1 /home/og/Desktop/projects/road/publishersclearinghouse/vendor/laravel/framework/src/Illuminate/Database/MySqlConnection.php(42): Illuminate\\Database\\Connection->run()
#2 /home/og/Desktop/projects/road/publishersclearinghouse/vendor/laravel/framework/src/Illuminate/Database/Query/Processors/MySqlProcessor.php(35): Illuminate\\Database\\MySqlConnection->insert()
#3 /home/og/Desktop/projects/road/publishersclearinghouse/vendor/laravel/framework/src/Illuminate/Database/Query/Builder.php(3766): Illuminate\\Database\\Query\\Processors\\MySqlProcessor->processInsertGetId()
#4 /home/og/Desktop/projects/road/publishersclearinghouse/vendor/laravel/framework/src/Illuminate/Database/Eloquent/Builder.php(2120): Illuminate\\Database\\Query\\Builder->insertGetId()
#5 /home/og/Desktop/projects/road/publishersclearinghouse/vendor/laravel/framework/src/Illuminate/Database/Eloquent/Model.php(1359): Illuminate\\Database\\Eloquent\\Builder->__call()
#6 /home/og/Desktop/projects/road/publishersclearinghouse/vendor/laravel/framework/src/Illuminate/Database/Eloquent/Model.php(1324): Illuminate\\Database\\Eloquent\\Model->insertAndSetId()
#7 /home/og/Desktop/projects/road/publishersclearinghouse/vendor/laravel/framework/src/Illuminate/Database/Eloquent/Model.php(1163): Illuminate\\Database\\Eloquent\\Model->performInsert()
#8 /home/og/Desktop/projects/road/publishersclearinghouse/vendor/laravel/framework/src/Illuminate/Database/Eloquent/Builder.php(1128): Illuminate\\Database\\Eloquent\\Model->save()
#9 /home/og/Desktop/projects/road/publishersclearinghouse/vendor/laravel/framework/src/Illuminate/Support/helpers.php(399): Illuminate\\Database\\Eloquent\\Builder->Illuminate\\Database\\Eloquent\\{closure}()
#10 /home/og/Desktop/projects/road/publishersclearinghouse/vendor/laravel/framework/src/Illuminate/Database/Eloquent/Builder.php(1127): tap()
#11 /home/og/Desktop/projects/road/publishersclearinghouse/vendor/laravel/framework/src/Illuminate/Support/Traits/ForwardsCalls.php(23): Illuminate\\Database\\Eloquent\\Builder->create()
#12 /home/og/Desktop/projects/road/publishersclearinghouse/vendor/laravel/framework/src/Illuminate/Database/Eloquent/Model.php(2372): Illuminate\\Database\\Eloquent\\Model->forwardCallTo()
#13 /home/og/Desktop/projects/road/publishersclearinghouse/vendor/laravel/framework/src/Illuminate/Database/Eloquent/Model.php(2384): Illuminate\\Database\\Eloquent\\Model->__call()
#14 /home/og/Desktop/projects/road/publishersclearinghouse/database/seeders/DemoWinnerSeeder.php(290): Illuminate\\Database\\Eloquent\\Model::__callStatic()
#15 /home/og/Desktop/projects/road/publishersclearinghouse/vendor/laravel/framework/src/Illuminate/Container/BoundMethod.php(36): Database\\Seeders\\DemoWinnerSeeder->run()
#16 /home/og/Desktop/projects/road/publishersclearinghouse/vendor/laravel/framework/src/Illuminate/Container/Util.php(43): Illuminate\\Container\\BoundMethod::Illuminate\\Container\\{closure}()
#17 /home/og/Desktop/projects/road/publishersclearinghouse/vendor/laravel/framework/src/Illuminate/Container/BoundMethod.php(95): Illuminate\\Container\\Util::unwrapIfClosure()
#18 /home/og/Desktop/projects/road/publishersclearinghouse/vendor/laravel/framework/src/Illuminate/Container/BoundMethod.php(35): Illuminate\\Container\\BoundMethod::callBoundMethod()
#19 /home/og/Desktop/projects/road/publishersclearinghouse/vendor/laravel/framework/src/Illuminate/Container/Container.php(696): Illuminate\\Container\\BoundMethod::call()
#20 /home/og/Desktop/projects/road/publishersclearinghouse/vendor/laravel/framework/src/Illuminate/Database/Seeder.php(188): Illuminate\\Container\\Container->call()
#21 /home/og/Desktop/projects/road/publishersclearinghouse/vendor/laravel/framework/src/Illuminate/Database/Seeder.php(197): Illuminate\\Database\\Seeder->Illuminate\\Database\\{closure}()
#22 /home/og/Desktop/projects/road/publishersclearinghouse/vendor/laravel/framework/src/Illuminate/Database/Console/Seeds/SeedCommand.php(70): Illuminate\\Database\\Seeder->__invoke()
#23 /home/og/Desktop/projects/road/publishersclearinghouse/vendor/laravel/framework/src/Illuminate/Database/Eloquent/Concerns/GuardsAttributes.php(155): Illuminate\\Database\\Console\\Seeds\\SeedCommand->Illuminate\\Database\\Console\\Seeds\\{closure}()
#24 /home/og/Desktop/projects/road/publishersclearinghouse/vendor/laravel/framework/src/Illuminate/Database/Console/Seeds/SeedCommand.php(69): Illuminate\\Database\\Eloquent\\Model::unguarded()
#25 /home/og/Desktop/projects/road/publishersclearinghouse/vendor/laravel/framework/src/Illuminate/Container/BoundMethod.php(36): Illuminate\\Database\\Console\\Seeds\\SeedCommand->handle()
#26 /home/og/Desktop/projects/road/publishersclearinghouse/vendor/laravel/framework/src/Illuminate/Container/Util.php(43): Illuminate\\Container\\BoundMethod::Illuminate\\Container\\{closure}()
#27 /home/og/Desktop/projects/road/publishersclearinghouse/vendor/laravel/framework/src/Illuminate/Container/BoundMethod.php(95): Illuminate\\Container\\Util::unwrapIfClosure()
#28 /home/og/Desktop/projects/road/publishersclearinghouse/vendor/laravel/framework/src/Illuminate/Container/BoundMethod.php(35): Illuminate\\Container\\BoundMethod::callBoundMethod()
#29 /home/og/Desktop/projects/road/publishersclearinghouse/vendor/laravel/framework/src/Illuminate/Container/Container.php(696): Illuminate\\Container\\BoundMethod::call()
#30 /home/og/Desktop/projects/road/publishersclearinghouse/vendor/laravel/framework/src/Illuminate/Console/Command.php(213): Illuminate\\Container\\Container->call()
#31 /home/og/Desktop/projects/road/publishersclearinghouse/vendor/symfony/console/Command/Command.php(341): Illuminate\\Console\\Command->execute()
#32 /home/og/Desktop/projects/road/publishersclearinghouse/vendor/laravel/framework/src/Illuminate/Console/Command.php(182): Symfony\\Component\\Console\\Command\\Command->run()
#33 /home/og/Desktop/projects/road/publishersclearinghouse/vendor/symfony/console/Application.php(1117): Illuminate\\Console\\Command->run()
#34 /home/og/Desktop/projects/road/publishersclearinghouse/vendor/symfony/console/Application.php(356): Symfony\\Component\\Console\\Application->doRunCommand()
#35 /home/og/Desktop/projects/road/publishersclearinghouse/vendor/symfony/console/Application.php(195): Symfony\\Component\\Console\\Application->doRun()
#36 /home/og/Desktop/projects/road/publishersclearinghouse/vendor/laravel/framework/src/Illuminate/Foundation/Console/Kernel.php(198): Symfony\\Component\\Console\\Application->run()
#37 /home/og/Desktop/projects/road/publishersclearinghouse/artisan(12): Illuminate\\Foundation\\Console\\Kernel->handle()
#38 {main}

[previous exception] [object] (PDOException(code: 42S22): SQLSTATE[42S22]: Column not found: 1054 Unknown column 'customer_address' in 'field list' at /home/og/Desktop/projects/road/publishersclearinghouse/vendor/laravel/framework/src/Illuminate/Database/MySqlConnection.php:47)
[stacktrace]
#0 /home/og/Desktop/projects/road/publishersclearinghouse/vendor/laravel/framework/src/Illuminate/Database/MySqlConnection.php(47): PDO->prepare()
#1 /home/og/Desktop/projects/road/publishersclearinghouse/vendor/laravel/framework/src/Illuminate/Database/Connection.php(812): Illuminate\\Database\\MySqlConnection->Illuminate\\Database\\{closure}()
#2 /home/og/Desktop/projects/road/publishersclearinghouse/vendor/laravel/framework/src/Illuminate/Database/Connection.php(779): Illuminate\\Database\\Connection->runQueryCallback()
#3 /home/og/Desktop/projects/road/publishersclearinghouse/vendor/laravel/framework/src/Illuminate/Database/MySqlConnection.php(42): Illuminate\\Database\\Connection->run()
#4 /home/og/Desktop/projects/road/publishersclearinghouse/vendor/laravel/framework/src/Illuminate/Database/Query/Processors/MySqlProcessor.php(35): Illuminate\\Database\\MySqlConnection->insert()
#5 /home/og/Desktop/projects/road/publishersclearinghouse/vendor/laravel/framework/src/Illuminate/Database/Query/Builder.php(3766): Illuminate\\Database\\Query\\Processors\\MySqlProcessor->processInsertGetId()
#6 /home/og/Desktop/projects/road/publishersclearinghouse/vendor/laravel/framework/src/Illuminate/Database/Eloquent/Builder.php(2120): Illuminate\\Database\\Query\\Builder->insertGetId()
#7 /home/og/Desktop/projects/road/publishersclearinghouse/vendor/laravel/framework/src/Illuminate/Database/Eloquent/Model.php(1359): Illuminate\\Database\\Eloquent\\Builder->__call()
#8 /home/og/Desktop/projects/road/publishersclearinghouse/vendor/laravel/framework/src/Illuminate/Database/Eloquent/Model.php(1324): Illuminate\\Database\\Eloquent\\Model->insertAndSetId()
#9 /home/og/Desktop/projects/road/publishersclearinghouse/vendor/laravel/framework/src/Illuminate/Database/Eloquent/Model.php(1163): Illuminate\\Database\\Eloquent\\Model->performInsert()
#10 /home/og/Desktop/projects/road/publishersclearinghouse/vendor/laravel/framework/src/Illuminate/Database/Eloquent/Builder.php(1128): Illuminate\\Database\\Eloquent\\Model->save()
#11 /home/og/Desktop/projects/road/publishersclearinghouse/vendor/laravel/framework/src/Illuminate/Support/helpers.php(399): Illuminate\\Database\\Eloquent\\Builder->Illuminate\\Database\\Eloquent\\{closure}()
#12 /home/og/Desktop/projects/road/publishersclearinghouse/vendor/laravel/framework/src/Illuminate/Database/Eloquent/Builder.php(1127): tap()
#13 /home/og/Desktop/projects/road/publishersclearinghouse/vendor/laravel/framework/src/Illuminate/Support/Traits/ForwardsCalls.php(23): Illuminate\\Database\\Eloquent\\Builder->create()
#14 /home/og/Desktop/projects/road/publishersclearinghouse/vendor/laravel/framework/src/Illuminate/Database/Eloquent/Model.php(2372): Illuminate\\Database\\Eloquent\\Model->forwardCallTo()
#15 /home/og/Desktop/projects/road/publishersclearinghouse/vendor/laravel/framework/src/Illuminate/Database/Eloquent/Model.php(2384): Illuminate\\Database\\Eloquent\\Model->__call()
#16 /home/og/Desktop/projects/road/publishersclearinghouse/database/seeders/DemoWinnerSeeder.php(290): Illuminate\\Database\\Eloquent\\Model::__callStatic()
#17 /home/og/Desktop/projects/road/publishersclearinghouse/vendor/laravel/framework/src/Illuminate/Container/BoundMethod.php(36): Database\\Seeders\\DemoWinnerSeeder->run()
#18 /home/og/Desktop/projects/road/publishersclearinghouse/vendor/laravel/framework/src/Illuminate/Container/Util.php(43): Illuminate\\Container\\BoundMethod::Illuminate\\Container\\{closure}()
#19 /home/og/Desktop/projects/road/publishersclearinghouse/vendor/laravel/framework/src/Illuminate/Container/BoundMethod.php(95): Illuminate\\Container\\Util::unwrapIfClosure()
#20 /home/og/Desktop/projects/road/publishersclearinghouse/vendor/laravel/framework/src/Illuminate/Container/BoundMethod.php(35): Illuminate\\Container\\BoundMethod::callBoundMethod()
#21 /home/og/Desktop/projects/road/publishersclearinghouse/vendor/laravel/framework/src/Illuminate/Container/Container.php(696): Illuminate\\Container\\BoundMethod::call()
#22 /home/og/Desktop/projects/road/publishersclearinghouse/vendor/laravel/framework/src/Illuminate/Database/Seeder.php(188): Illuminate\\Container\\Container->call()
#23 /home/og/Desktop/projects/road/publishersclearinghouse/vendor/laravel/framework/src/Illuminate/Database/Seeder.php(197): Illuminate\\Database\\Seeder->Illuminate\\Database\\{closure}()
#24 /home/og/Desktop/projects/road/publishersclearinghouse/vendor/laravel/framework/src/Illuminate/Database/Console/Seeds/SeedCommand.php(70): Illuminate\\Database\\Seeder->__invoke()
#25 /home/og/Desktop/projects/road/publishersclearinghouse/vendor/laravel/framework/src/Illuminate/Database/Eloquent/Concerns/GuardsAttributes.php(155): Illuminate\\Database\\Console\\Seeds\\SeedCommand->Illuminate\\Database\\Console\\Seeds\\{closure}()
#26 /home/og/Desktop/projects/road/publishersclearinghouse/vendor/laravel/framework/src/Illuminate/Database/Console/Seeds/SeedCommand.php(69): Illuminate\\Database\\Eloquent\\Model::unguarded()
#27 /home/og/Desktop/projects/road/publishersclearinghouse/vendor/laravel/framework/src/Illuminate/Container/BoundMethod.php(36): Illuminate\\Database\\Console\\Seeds\\SeedCommand->handle()
#28 /home/og/Desktop/projects/road/publishersclearinghouse/vendor/laravel/framework/src/Illuminate/Container/Util.php(43): Illuminate\\Container\\BoundMethod::Illuminate\\Container\\{closure}()
#29 /home/og/Desktop/projects/road/publishersclearinghouse/vendor/laravel/framework/src/Illuminate/Container/BoundMethod.php(95): Illuminate\\Container\\Util::unwrapIfClosure()
#30 /home/og/Desktop/projects/road/publishersclearinghouse/vendor/laravel/framework/src/Illuminate/Container/BoundMethod.php(35): Illuminate\\Container\\BoundMethod::callBoundMethod()
#31 /home/og/Desktop/projects/road/publishersclearinghouse/vendor/laravel/framework/src/Illuminate/Container/Container.php(696): Illuminate\\Container\\BoundMethod::call()
#32 /home/og/Desktop/projects/road/publishersclearinghouse/vendor/laravel/framework/src/Illuminate/Console/Command.php(213): Illuminate\\Container\\Container->call()
#33 /home/og/Desktop/projects/road/publishersclearinghouse/vendor/symfony/console/Command/Command.php(341): Illuminate\\Console\\Command->execute()
#34 /home/og/Desktop/projects/road/publishersclearinghouse/vendor/laravel/framework/src/Illuminate/Console/Command.php(182): Symfony\\Component\\Console\\Command\\Command->run()
#35 /home/og/Desktop/projects/road/publishersclearinghouse/vendor/symfony/console/Application.php(1117): Illuminate\\Console\\Command->run()
#36 /home/og/Desktop/projects/road/publishersclearinghouse/vendor/symfony/console/Application.php(356): Symfony\\Component\\Console\\Application->doRunCommand()
#37 /home/og/Desktop/projects/road/publishersclearinghouse/vendor/symfony/console/Application.php(195): Symfony\\Component\\Console\\Application->doRun()
#38 /home/og/Desktop/projects/road/publishersclearinghouse/vendor/laravel/framework/src/Illuminate/Foundation/Console/Kernel.php(198): Symfony\\Component\\Console\\Application->run()
#39 /home/og/Desktop/projects/road/publishersclearinghouse/artisan(12): Illuminate\\Foundation\\Console\\Kernel->handle()
#40 {main}
"} 
[2026-07-11 12:09:36] local.ERROR: SQLSTATE[42S22]: Column not found: 1054 Unknown column 'winner_id' in 'field list' (Connection: mysql, SQL: insert into `spin_results` (`spin_and_win_id`, `spin_wheel_segment_id`, `winner_id`, `first_name`, `last_name`, `email`, `is_claimed`, `claimed_at`, `notified`, `is_won`, `updated_at`, `created_at`) values (2, 4, 5013, John, Demo, john.demo@example.com, 1, 2026-07-05 12:09:36, 1, 1, 2026-07-11 12:09:36, 2026-07-11 12:09:36)) {"exception":"[object] (Illuminate\\Database\\QueryException(code: 42S22): SQLSTATE[42S22]: Column not found: 1054 Unknown column 'winner_id' in 'field list' (Connection: mysql, SQL: insert into `spin_results` (`spin_and_win_id`, `spin_wheel_segment_id`, `winner_id`, `first_name`, `last_name`, `email`, `is_claimed`, `claimed_at`, `notified`, `is_won`, `updated_at`, `created_at`) values (2, 4, 5013, John, Demo, john.demo@example.com, 1, 2026-07-05 12:09:36, 1, 1, 2026-07-11 12:09:36, 2026-07-11 12:09:36)) at /home/og/Desktop/projects/road/publishersclearinghouse/vendor/laravel/framework/src/Illuminate/Database/Connection.php:825)
[stacktrace]
#0 /home/og/Desktop/projects/road/publishersclearinghouse/vendor/laravel/framework/src/Illuminate/Database/Connection.php(779): Illuminate\\Database\\Connection->runQueryCallback()
#1 /home/og/Desktop/projects/road/publishersclearinghouse/vendor/laravel/framework/src/Illuminate/Database/MySqlConnection.php(42): Illuminate\\Database\\Connection->run()
#2 /home/og/Desktop/projects/road/publishersclearinghouse/vendor/laravel/framework/src/Illuminate/Database/Query/Processors/MySqlProcessor.php(35): Illuminate\\Database\\MySqlConnection->insert()
#3 /home/og/Desktop/projects/road/publishersclearinghouse/vendor/laravel/framework/src/Illuminate/Database/Query/Builder.php(3766): Illuminate\\Database\\Query\\Processors\\MySqlProcessor->processInsertGetId()
#4 /home/og/Desktop/projects/road/publishersclearinghouse/vendor/laravel/framework/src/Illuminate/Database/Eloquent/Builder.php(2120): Illuminate\\Database\\Query\\Builder->insertGetId()
#5 /home/og/Desktop/projects/road/publishersclearinghouse/vendor/laravel/framework/src/Illuminate/Database/Eloquent/Model.php(1359): Illuminate\\Database\\Eloquent\\Builder->__call()
#6 /home/og/Desktop/projects/road/publishersclearinghouse/vendor/laravel/framework/src/Illuminate/Database/Eloquent/Model.php(1324): Illuminate\\Database\\Eloquent\\Model->insertAndSetId()
#7 /home/og/Desktop/projects/road/publishersclearinghouse/vendor/laravel/framework/src/Illuminate/Database/Eloquent/Model.php(1163): Illuminate\\Database\\Eloquent\\Model->performInsert()
#8 /home/og/Desktop/projects/road/publishersclearinghouse/vendor/laravel/framework/src/Illuminate/Database/Eloquent/Builder.php(1128): Illuminate\\Database\\Eloquent\\Model->save()
#9 /home/og/Desktop/projects/road/publishersclearinghouse/vendor/laravel/framework/src/Illuminate/Support/helpers.php(399): Illuminate\\Database\\Eloquent\\Builder->Illuminate\\Database\\Eloquent\\{closure}()
#10 /home/og/Desktop/projects/road/publishersclearinghouse/vendor/laravel/framework/src/Illuminate/Database/Eloquent/Builder.php(1127): tap()
#11 /home/og/Desktop/projects/road/publishersclearinghouse/vendor/laravel/framework/src/Illuminate/Support/Traits/ForwardsCalls.php(23): Illuminate\\Database\\Eloquent\\Builder->create()
#12 /home/og/Desktop/projects/road/publishersclearinghouse/vendor/laravel/framework/src/Illuminate/Database/Eloquent/Model.php(2372): Illuminate\\Database\\Eloquent\\Model->forwardCallTo()
#13 /home/og/Desktop/projects/road/publishersclearinghouse/vendor/laravel/framework/src/Illuminate/Database/Eloquent/Model.php(2384): Illuminate\\Database\\Eloquent\\Model->__call()
#14 /home/og/Desktop/projects/road/publishersclearinghouse/database/seeders/DemoWinnerSeeder.php(345): Illuminate\\Database\\Eloquent\\Model::__callStatic()
#15 /home/og/Desktop/projects/road/publishersclearinghouse/vendor/laravel/framework/src/Illuminate/Container/BoundMethod.php(36): Database\\Seeders\\DemoWinnerSeeder->run()
#16 /home/og/Desktop/projects/road/publishersclearinghouse/vendor/laravel/framework/src/Illuminate/Container/Util.php(43): Illuminate\\Container\\BoundMethod::Illuminate\\Container\\{closure}()
#17 /home/og/Desktop/projects/road/publishersclearinghouse/vendor/laravel/framework/src/Illuminate/Container/BoundMethod.php(95): Illuminate\\Container\\Util::unwrapIfClosure()
#18 /home/og/Desktop/projects/road/publishersclearinghouse/vendor/laravel/framework/src/Illuminate/Container/BoundMethod.php(35): Illuminate\\Container\\BoundMethod::callBoundMethod()
#19 /home/og/Desktop/projects/road/publishersclearinghouse/vendor/laravel/framework/src/Illuminate/Container/Container.php(696): Illuminate\\Container\\BoundMethod::call()
#20 /home/og/Desktop/projects/road/publishersclearinghouse/vendor/laravel/framework/src/Illuminate/Database/Seeder.php(188): Illuminate\\Container\\Container->call()
#21 /home/og/Desktop/projects/road/publishersclearinghouse/vendor/laravel/framework/src/Illuminate/Database/Seeder.php(197): Illuminate\\Database\\Seeder->Illuminate\\Database\\{closure}()
#22 /home/og/Desktop/projects/road/publishersclearinghouse/vendor/laravel/framework/src/Illuminate/Database/Console/Seeds/SeedCommand.php(70): Illuminate\\Database\\Seeder->__invoke()
#23 /home/og/Desktop/projects/road/publishersclearinghouse/vendor/laravel/framework/src/Illuminate/Database/Eloquent/Concerns/GuardsAttributes.php(155): Illuminate\\Database\\Console\\Seeds\\SeedCommand->Illuminate\\Database\\Console\\Seeds\\{closure}()
#24 /home/og/Desktop/projects/road/publishersclearinghouse/vendor/laravel/framework/src/Illuminate/Database/Console/Seeds/SeedCommand.php(69): Illuminate\\Database\\Eloquent\\Model::unguarded()
#25 /home/og/Desktop/projects/road/publishersclearinghouse/vendor/laravel/framework/src/Illuminate/Container/BoundMethod.php(36): Illuminate\\Database\\Console\\Seeds\\SeedCommand->handle()
#26 /home/og/Desktop/projects/road/publishersclearinghouse/vendor/laravel/framework/src/Illuminate/Container/Util.php(43): Illuminate\\Container\\BoundMethod::Illuminate\\Container\\{closure}()
#27 /home/og/Desktop/projects/road/publishersclearinghouse/vendor/laravel/framework/src/Illuminate/Container/BoundMethod.php(95): Illuminate\\Container\\Util::unwrapIfClosure()
#28 /home/og/Desktop/projects/road/publishersclearinghouse/vendor/laravel/framework/src/Illuminate/Container/BoundMethod.php(35): Illuminate\\Container\\BoundMethod::callBoundMethod()
#29 /home/og/Desktop/projects/road/publishersclearinghouse/vendor/laravel/framework/src/Illuminate/Container/Container.php(696): Illuminate\\Container\\BoundMethod::call()
#30 /home/og/Desktop/projects/road/publishersclearinghouse/vendor/laravel/framework/src/Illuminate/Console/Command.php(213): Illuminate\\Container\\Container->call()
#31 /home/og/Desktop/projects/road/publishersclearinghouse/vendor/symfony/console/Command/Command.php(341): Illuminate\\Console\\Command->execute()
#32 /home/og/Desktop/projects/road/publishersclearinghouse/vendor/laravel/framework/src/Illuminate/Console/Command.php(182): Symfony\\Component\\Console\\Command\\Command->run()
#33 /home/og/Desktop/projects/road/publishersclearinghouse/vendor/symfony/console/Application.php(1117): Illuminate\\Console\\Command->run()
#34 /home/og/Desktop/projects/road/publishersclearinghouse/vendor/symfony/console/Application.php(356): Symfony\\Component\\Console\\Application->doRunCommand()
#35 /home/og/Desktop/projects/road/publishersclearinghouse/vendor/symfony/console/Application.php(195): Symfony\\Component\\Console\\Application->doRun()
#36 /home/og/Desktop/projects/road/publishersclearinghouse/vendor/laravel/framework/src/Illuminate/Foundation/Console/Kernel.php(198): Symfony\\Component\\Console\\Application->run()
#37 /home/og/Desktop/projects/road/publishersclearinghouse/artisan(12): Illuminate\\Foundation\\Console\\Kernel->handle()
#38 {main}

[previous exception] [object] (PDOException(code: 42S22): SQLSTATE[42S22]: Column not found: 1054 Unknown column 'winner_id' in 'field list' at /home/og/Desktop/projects/road/publishersclearinghouse/vendor/laravel/framework/src/Illuminate/Database/MySqlConnection.php:47)
[stacktrace]
#0 /home/og/Desktop/projects/road/publishersclearinghouse/vendor/laravel/framework/src/Illuminate/Database/MySqlConnection.php(47): PDO->prepare()
#1 /home/og/Desktop/projects/road/publishersclearinghouse/vendor/laravel/framework/src/Illuminate/Database/Connection.php(812): Illuminate\\Database\\MySqlConnection->Illuminate\\Database\\{closure}()
#2 /home/og/Desktop/projects/road/publishersclearinghouse/vendor/laravel/framework/src/Illuminate/Database/Connection.php(779): Illuminate\\Database\\Connection->runQueryCallback()
#3 /home/og/Desktop/projects/road/publishersclearinghouse/vendor/laravel/framework/src/Illuminate/Database/MySqlConnection.php(42): Illuminate\\Database\\Connection->run()
#4 /home/og/Desktop/projects/road/publishersclearinghouse/vendor/laravel/framework/src/Illuminate/Database/Query/Processors/MySqlProcessor.php(35): Illuminate\\Database\\MySqlConnection->insert()
#5 /home/og/Desktop/projects/road/publishersclearinghouse/vendor/laravel/framework/src/Illuminate/Database/Query/Builder.php(3766): Illuminate\\Database\\Query\\Processors\\MySqlProcessor->processInsertGetId()
#6 /home/og/Desktop/projects/road/publishersclearinghouse/vendor/laravel/framework/src/Illuminate/Database/Eloquent/Builder.php(2120): Illuminate\\Database\\Query\\Builder->insertGetId()
#7 /home/og/Desktop/projects/road/publishersclearinghouse/vendor/laravel/framework/src/Illuminate/Database/Eloquent/Model.php(1359): Illuminate\\Database\\Eloquent\\Builder->__call()
#8 /home/og/Desktop/projects/road/publishersclearinghouse/vendor/laravel/framework/src/Illuminate/Database/Eloquent/Model.php(1324): Illuminate\\Database\\Eloquent\\Model->insertAndSetId()
#9 /home/og/Desktop/projects/road/publishersclearinghouse/vendor/laravel/framework/src/Illuminate/Database/Eloquent/Model.php(1163): Illuminate\\Database\\Eloquent\\Model->performInsert()
#10 /home/og/Desktop/projects/road/publishersclearinghouse/vendor/laravel/framework/src/Illuminate/Database/Eloquent/Builder.php(1128): Illuminate\\Database\\Eloquent\\Model->save()
#11 /home/og/Desktop/projects/road/publishersclearinghouse/vendor/laravel/framework/src/Illuminate/Support/helpers.php(399): Illuminate\\Database\\Eloquent\\Builder->Illuminate\\Database\\Eloquent\\{closure}()
#12 /home/og/Desktop/projects/road/publishersclearinghouse/vendor/laravel/framework/src/Illuminate/Database/Eloquent/Builder.php(1127): tap()
#13 /home/og/Desktop/projects/road/publishersclearinghouse/vendor/laravel/framework/src/Illuminate/Support/Traits/ForwardsCalls.php(23): Illuminate\\Database\\Eloquent\\Builder->create()
#14 /home/og/Desktop/projects/road/publishersclearinghouse/vendor/laravel/framework/src/Illuminate/Database/Eloquent/Model.php(2372): Illuminate\\Database\\Eloquent\\Model->forwardCallTo()
#15 /home/og/Desktop/projects/road/publishersclearinghouse/vendor/laravel/framework/src/Illuminate/Database/Eloquent/Model.php(2384): Illuminate\\Database\\Eloquent\\Model->__call()
#16 /home/og/Desktop/projects/road/publishersclearinghouse/database/seeders/DemoWinnerSeeder.php(345): Illuminate\\Database\\Eloquent\\Model::__callStatic()
#17 /home/og/Desktop/projects/road/publishersclearinghouse/vendor/laravel/framework/src/Illuminate/Container/BoundMethod.php(36): Database\\Seeders\\DemoWinnerSeeder->run()
#18 /home/og/Desktop/projects/road/publishersclearinghouse/vendor/laravel/framework/src/Illuminate/Container/Util.php(43): Illuminate\\Container\\BoundMethod::Illuminate\\Container\\{closure}()
#19 /home/og/Desktop/projects/road/publishersclearinghouse/vendor/laravel/framework/src/Illuminate/Container/BoundMethod.php(95): Illuminate\\Container\\Util::unwrapIfClosure()
#20 /home/og/Desktop/projects/road/publishersclearinghouse/vendor/laravel/framework/src/Illuminate/Container/BoundMethod.php(35): Illuminate\\Container\\BoundMethod::callBoundMethod()
#21 /home/og/Desktop/projects/road/publishersclearinghouse/vendor/laravel/framework/src/Illuminate/Container/Container.php(696): Illuminate\\Container\\BoundMethod::call()
#22 /home/og/Desktop/projects/road/publishersclearinghouse/vendor/laravel/framework/src/Illuminate/Database/Seeder.php(188): Illuminate\\Container\\Container->call()
#23 /home/og/Desktop/projects/road/publishersclearinghouse/vendor/laravel/framework/src/Illuminate/Database/Seeder.php(197): Illuminate\\Database\\Seeder->Illuminate\\Database\\{closure}()
#24 /home/og/Desktop/projects/road/publishersclearinghouse/vendor/laravel/framework/src/Illuminate/Database/Console/Seeds/SeedCommand.php(70): Illuminate\\Database\\Seeder->__invoke()
#25 /home/og/Desktop/projects/road/publishersclearinghouse/vendor/laravel/framework/src/Illuminate/Database/Eloquent/Concerns/GuardsAttributes.php(155): Illuminate\\Database\\Console\\Seeds\\SeedCommand->Illuminate\\Database\\Console\\Seeds\\{closure}()
#26 /home/og/Desktop/projects/road/publishersclearinghouse/vendor/laravel/framework/src/Illuminate/Database/Console/Seeds/SeedCommand.php(69): Illuminate\\Database\\Eloquent\\Model::unguarded()
#27 /home/og/Desktop/projects/road/publishersclearinghouse/vendor/laravel/framework/src/Illuminate/Container/BoundMethod.php(36): Illuminate\\Database\\Console\\Seeds\\SeedCommand->handle()
#28 /home/og/Desktop/projects/road/publishersclearinghouse/vendor/laravel/framework/src/Illuminate/Container/Util.php(43): Illuminate\\Container\\BoundMethod::Illuminate\\Container\\{closure}()
#29 /home/og/Desktop/projects/road/publishersclearinghouse/vendor/laravel/framework/src/Illuminate/Container/BoundMethod.php(95): Illuminate\\Container\\Util::unwrapIfClosure()
#30 /home/og/Desktop/projects/road/publishersclearinghouse/vendor/laravel/framework/src/Illuminate/Container/BoundMethod.php(35): Illuminate\\Container\\BoundMethod::callBoundMethod()
#31 /home/og/Desktop/projects/road/publishersclearinghouse/vendor/laravel/framework/src/Illuminate/Container/Container.php(696): Illuminate\\Container\\BoundMethod::call()
#32 /home/og/Desktop/projects/road/publishersclearinghouse/vendor/laravel/framework/src/Illuminate/Console/Command.php(213): Illuminate\\Container\\Container->call()
#33 /home/og/Desktop/projects/road/publishersclearinghouse/vendor/symfony/console/Command/Command.php(341): Illuminate\\Console\\Command->execute()
#34 /home/og/Desktop/projects/road/publishersclearinghouse/vendor/laravel/framework/src/Illuminate/Console/Command.php(182): Symfony\\Component\\Console\\Command\\Command->run()
#35 /home/og/Desktop/projects/road/publishersclearinghouse/vendor/symfony/console/Application.php(1117): Illuminate\\Console\\Command->run()
#36 /home/og/Desktop/projects/road/publishersclearinghouse/vendor/symfony/console/Application.php(356): Symfony\\Component\\Console\\Application->doRunCommand()
#37 /home/og/Desktop/projects/road/publishersclearinghouse/vendor/symfony/console/Application.php(195): Symfony\\Component\\Console\\Application->doRun()
#38 /home/og/Desktop/projects/road/publishersclearinghouse/vendor/laravel/framework/src/Illuminate/Foundation/Console/Kernel.php(198): Symfony\\Component\\Console\\Application->run()
#39 /home/og/Desktop/projects/road/publishersclearinghouse/artisan(12): Illuminate\\Foundation\\Console\\Kernel->handle()
#40 {main}
"} 
[2026-07-11 12:10:30] local.ERROR: Unclosed '{' on line 17 {"exception":"[object] (ParseError(code: 0): Unclosed '{' on line 17 at /home/og/Desktop/projects/road/publishersclearinghouse/database/seeders/DemoWinnerSeeder.php:323)
[stacktrace]
#0 /home/og/Desktop/projects/road/publishersclearinghouse/vendor/composer/ClassLoader.php(427): Composer\\Autoload\\{closure}()
#1 [internal function]: Composer\\Autoload\\ClassLoader->loadClass()
#2 /home/og/Desktop/projects/road/publishersclearinghouse/vendor/laravel/framework/src/Illuminate/Container/Container.php(959): ReflectionClass->__construct()
#3 /home/og/Desktop/projects/road/publishersclearinghouse/vendor/laravel/framework/src/Illuminate/Container/Container.php(832): Illuminate\\Container\\Container->build()
#4 /home/og/Desktop/projects/road/publishersclearinghouse/vendor/laravel/framework/src/Illuminate/Foundation/Application.php(1078): Illuminate\\Container\\Container->resolve()
#5 /home/og/Desktop/projects/road/publishersclearinghouse/vendor/laravel/framework/src/Illuminate/Container/Container.php(763): Illuminate\\Foundation\\Application->resolve()
#6 /home/og/Desktop/projects/road/publishersclearinghouse/vendor/laravel/framework/src/Illuminate/Foundation/Application.php(1058): Illuminate\\Container\\Container->make()
#7 /home/og/Desktop/projects/road/publishersclearinghouse/vendor/laravel/framework/src/Illuminate/Database/Console/Seeds/SeedCommand.php(98): Illuminate\\Foundation\\Application->make()
#8 /home/og/Desktop/projects/road/publishersclearinghouse/vendor/laravel/framework/src/Illuminate/Database/Console/Seeds/SeedCommand.php(70): Illuminate\\Database\\Console\\Seeds\\SeedCommand->getSeeder()
#9 /home/og/Desktop/projects/road/publishersclearinghouse/vendor/laravel/framework/src/Illuminate/Database/Eloquent/Concerns/GuardsAttributes.php(155): Illuminate\\Database\\Console\\Seeds\\SeedCommand->Illuminate\\Database\\Console\\Seeds\\{closure}()
#10 /home/og/Desktop/projects/road/publishersclearinghouse/vendor/laravel/framework/src/Illuminate/Database/Console/Seeds/SeedCommand.php(69): Illuminate\\Database\\Eloquent\\Model::unguarded()
#11 /home/og/Desktop/projects/road/publishersclearinghouse/vendor/laravel/framework/src/Illuminate/Container/BoundMethod.php(36): Illuminate\\Database\\Console\\Seeds\\SeedCommand->handle()
#12 /home/og/Desktop/projects/road/publishersclearinghouse/vendor/laravel/framework/src/Illuminate/Container/Util.php(43): Illuminate\\Container\\BoundMethod::Illuminate\\Container\\{closure}()
#13 /home/og/Desktop/projects/road/publishersclearinghouse/vendor/laravel/framework/src/Illuminate/Container/BoundMethod.php(95): Illuminate\\Container\\Util::unwrapIfClosure()
#14 /home/og/Desktop/projects/road/publishersclearinghouse/vendor/laravel/framework/src/Illuminate/Container/BoundMethod.php(35): Illuminate\\Container\\BoundMethod::callBoundMethod()
#15 /home/og/Desktop/projects/road/publishersclearinghouse/vendor/laravel/framework/src/Illuminate/Container/Container.php(696): Illuminate\\Container\\BoundMethod::call()
#16 /home/og/Desktop/projects/road/publishersclearinghouse/vendor/laravel/framework/src/Illuminate/Console/Command.php(213): Illuminate\\Container\\Container->call()
#17 /home/og/Desktop/projects/road/publishersclearinghouse/vendor/symfony/console/Command/Command.php(341): Illuminate\\Console\\Command->execute()
#18 /home/og/Desktop/projects/road/publishersclearinghouse/vendor/laravel/framework/src/Illuminate/Console/Command.php(182): Symfony\\Component\\Console\\Command\\Command->run()
#19 /home/og/Desktop/projects/road/publishersclearinghouse/vendor/symfony/console/Application.php(1117): Illuminate\\Console\\Command->run()
#20 /home/og/Desktop/projects/road/publishersclearinghouse/vendor/symfony/console/Application.php(356): Symfony\\Component\\Console\\Application->doRunCommand()
#21 /home/og/Desktop/projects/road/publishersclearinghouse/vendor/symfony/console/Application.php(195): Symfony\\Component\\Console\\Application->doRun()
#22 /home/og/Desktop/projects/road/publishersclearinghouse/vendor/laravel/framework/src/Illuminate/Foundation/Console/Kernel.php(198): Symfony\\Component\\Console\\Application->run()
#23 /home/og/Desktop/projects/road/publishersclearinghouse/artisan(12): Illuminate\\Foundation\\Console\\Kernel->handle()
#24 {main}
"} 
[2026-07-11 12:56:46] local.ERROR: SQLSTATE[23000]: Integrity constraint violation: 1062 Duplicate entry 'pch-logo-tshirt' for key 'shop_products.shop_products_slug_unique' (Connection: mysql, SQL: insert into `shop_products` (`name`, `slug`, `description`, `price`, `image`, `category`, `is_active`, `sort_order`, `updated_at`, `created_at`) values (PCH Logo T-Shirt, pch-logo-tshirt, Official Publishers Clearing House cotton t-shirt. Comfortable, stylish, and perfect for any occasion., 29.99, /images/products/tshirt.png, apparel, 1, 1, 2026-07-11 12:56:46, 2026-07-11 12:56:46)) {"exception":"[object] (Illuminate\\Database\\UniqueConstraintViolationException(code: 23000): SQLSTATE[23000]: Integrity constraint violation: 1062 Duplicate entry 'pch-logo-tshirt' for key 'shop_products.shop_products_slug_unique' (Connection: mysql, SQL: insert into `shop_products` (`name`, `slug`, `description`, `price`, `image`, `category`, `is_active`, `sort_order`, `updated_at`, `created_at`) values (PCH Logo T-Shirt, pch-logo-tshirt, Official Publishers Clearing House cotton t-shirt. Comfortable, stylish, and perfect for any occasion., 29.99, /images/products/tshirt.png, apparel, 1, 1, 2026-07-11 12:56:46, 2026-07-11 12:56:46)) at /home/og/Desktop/projects/road/publishersclearinghouse/vendor/laravel/framework/src/Illuminate/Database/Connection.php:820)
[stacktrace]
#0 /home/og/Desktop/projects/road/publishersclearinghouse/vendor/laravel/framework/src/Illuminate/Database/Connection.php(779): Illuminate\\Database\\Connection->runQueryCallback()
#1 /home/og/Desktop/projects/road/publishersclearinghouse/vendor/laravel/framework/src/Illuminate/Database/MySqlConnection.php(42): Illuminate\\Database\\Connection->run()
#2 /home/og/Desktop/projects/road/publishersclearinghouse/vendor/laravel/framework/src/Illuminate/Database/Query/Processors/MySqlProcessor.php(35): Illuminate\\Database\\MySqlConnection->insert()
#3 /home/og/Desktop/projects/road/publishersclearinghouse/vendor/laravel/framework/src/Illuminate/Database/Query/Builder.php(3766): Illuminate\\Database\\Query\\Processors\\MySqlProcessor->processInsertGetId()
#4 /home/og/Desktop/projects/road/publishersclearinghouse/vendor/laravel/framework/src/Illuminate/Database/Eloquent/Builder.php(2120): Illuminate\\Database\\Query\\Builder->insertGetId()
#5 /home/og/Desktop/projects/road/publishersclearinghouse/vendor/laravel/framework/src/Illuminate/Database/Eloquent/Model.php(1359): Illuminate\\Database\\Eloquent\\Builder->__call()
#6 /home/og/Desktop/projects/road/publishersclearinghouse/vendor/laravel/framework/src/Illuminate/Database/Eloquent/Model.php(1324): Illuminate\\Database\\Eloquent\\Model->insertAndSetId()
#7 /home/og/Desktop/projects/road/publishersclearinghouse/vendor/laravel/framework/src/Illuminate/Database/Eloquent/Model.php(1163): Illuminate\\Database\\Eloquent\\Model->performInsert()
#8 /home/og/Desktop/projects/road/publishersclearinghouse/vendor/laravel/framework/src/Illuminate/Database/Eloquent/Builder.php(1128): Illuminate\\Database\\Eloquent\\Model->save()
#9 /home/og/Desktop/projects/road/publishersclearinghouse/vendor/laravel/framework/src/Illuminate/Support/helpers.php(399): Illuminate\\Database\\Eloquent\\Builder->Illuminate\\Database\\Eloquent\\{closure}()
#10 /home/og/Desktop/projects/road/publishersclearinghouse/vendor/laravel/framework/src/Illuminate/Database/Eloquent/Builder.php(1127): tap()
#11 /home/og/Desktop/projects/road/publishersclearinghouse/vendor/laravel/framework/src/Illuminate/Support/Traits/ForwardsCalls.php(23): Illuminate\\Database\\Eloquent\\Builder->create()
#12 /home/og/Desktop/projects/road/publishersclearinghouse/vendor/laravel/framework/src/Illuminate/Database/Eloquent/Model.php(2372): Illuminate\\Database\\Eloquent\\Model->forwardCallTo()
#13 /home/og/Desktop/projects/road/publishersclearinghouse/vendor/laravel/framework/src/Illuminate/Database/Eloquent/Model.php(2384): Illuminate\\Database\\Eloquent\\Model->__call()
#14 /home/og/Desktop/projects/road/publishersclearinghouse/database/seeders/DemoWinnerSeeder.php(246): Illuminate\\Database\\Eloquent\\Model::__callStatic()
#15 /home/og/Desktop/projects/road/publishersclearinghouse/vendor/laravel/framework/src/Illuminate/Container/BoundMethod.php(36): Database\\Seeders\\DemoWinnerSeeder->run()
#16 /home/og/Desktop/projects/road/publishersclearinghouse/vendor/laravel/framework/src/Illuminate/Container/Util.php(43): Illuminate\\Container\\BoundMethod::Illuminate\\Container\\{closure}()
#17 /home/og/Desktop/projects/road/publishersclearinghouse/vendor/laravel/framework/src/Illuminate/Container/BoundMethod.php(95): Illuminate\\Container\\Util::unwrapIfClosure()
#18 /home/og/Desktop/projects/road/publishersclearinghouse/vendor/laravel/framework/src/Illuminate/Container/BoundMethod.php(35): Illuminate\\Container\\BoundMethod::callBoundMethod()
#19 /home/og/Desktop/projects/road/publishersclearinghouse/vendor/laravel/framework/src/Illuminate/Container/Container.php(696): Illuminate\\Container\\BoundMethod::call()
#20 /home/og/Desktop/projects/road/publishersclearinghouse/vendor/laravel/framework/src/Illuminate/Database/Seeder.php(188): Illuminate\\Container\\Container->call()
#21 /home/og/Desktop/projects/road/publishersclearinghouse/vendor/laravel/framework/src/Illuminate/Database/Seeder.php(197): Illuminate\\Database\\Seeder->Illuminate\\Database\\{closure}()
#22 /home/og/Desktop/projects/road/publishersclearinghouse/vendor/laravel/framework/src/Illuminate/Database/Console/Seeds/SeedCommand.php(70): Illuminate\\Database\\Seeder->__invoke()
#23 /home/og/Desktop/projects/road/publishersclearinghouse/vendor/laravel/framework/src/Illuminate/Database/Eloquent/Concerns/GuardsAttributes.php(155): Illuminate\\Database\\Console\\Seeds\\SeedCommand->Illuminate\\Database\\Console\\Seeds\\{closure}()
#24 /home/og/Desktop/projects/road/publishersclearinghouse/vendor/laravel/framework/src/Illuminate/Database/Console/Seeds/SeedCommand.php(69): Illuminate\\Database\\Eloquent\\Model::unguarded()
#25 /home/og/Desktop/projects/road/publishersclearinghouse/vendor/laravel/framework/src/Illuminate/Container/BoundMethod.php(36): Illuminate\\Database\\Console\\Seeds\\SeedCommand->handle()
#26 /home/og/Desktop/projects/road/publishersclearinghouse/vendor/laravel/framework/src/Illuminate/Container/Util.php(43): Illuminate\\Container\\BoundMethod::Illuminate\\Container\\{closure}()
#27 /home/og/Desktop/projects/road/publishersclearinghouse/vendor/laravel/framework/src/Illuminate/Container/BoundMethod.php(95): Illuminate\\Container\\Util::unwrapIfClosure()
#28 /home/og/Desktop/projects/road/publishersclearinghouse/vendor/laravel/framework/src/Illuminate/Container/BoundMethod.php(35): Illuminate\\Container\\BoundMethod::callBoundMethod()
#29 /home/og/Desktop/projects/road/publishersclearinghouse/vendor/laravel/framework/src/Illuminate/Container/Container.php(696): Illuminate\\Container\\BoundMethod::call()
#30 /home/og/Desktop/projects/road/publishersclearinghouse/vendor/laravel/framework/src/Illuminate/Console/Command.php(213): Illuminate\\Container\\Container->call()
#31 /home/og/Desktop/projects/road/publishersclearinghouse/vendor/symfony/console/Command/Command.php(341): Illuminate\\Console\\Command->execute()
#32 /home/og/Desktop/projects/road/publishersclearinghouse/vendor/laravel/framework/src/Illuminate/Console/Command.php(182): Symfony\\Component\\Console\\Command\\Command->run()
#33 /home/og/Desktop/projects/road/publishersclearinghouse/vendor/symfony/console/Application.php(1117): Illuminate\\Console\\Command->run()
#34 /home/og/Desktop/projects/road/publishersclearinghouse/vendor/symfony/console/Application.php(356): Symfony\\Component\\Console\\Application->doRunCommand()
#35 /home/og/Desktop/projects/road/publishersclearinghouse/vendor/symfony/console/Application.php(195): Symfony\\Component\\Console\\Application->doRun()
#36 /home/og/Desktop/projects/road/publishersclearinghouse/vendor/laravel/framework/src/Illuminate/Foundation/Console/Kernel.php(198): Symfony\\Component\\Console\\Application->run()
#37 /home/og/Desktop/projects/road/publishersclearinghouse/artisan(12): Illuminate\\Foundation\\Console\\Kernel->handle()
#38 {main}

[previous exception] [object] (PDOException(code: 23000): SQLSTATE[23000]: Integrity constraint violation: 1062 Duplicate entry 'pch-logo-tshirt' for key 'shop_products.shop_products_slug_unique' at /home/og/Desktop/projects/road/publishersclearinghouse/vendor/laravel/framework/src/Illuminate/Database/MySqlConnection.php:53)
[stacktrace]
#0 /home/og/Desktop/projects/road/publishersclearinghouse/vendor/laravel/framework/src/Illuminate/Database/MySqlConnection.php(53): PDOStatement->execute()
#1 /home/og/Desktop/projects/road/publishersclearinghouse/vendor/laravel/framework/src/Illuminate/Database/Connection.php(812): Illuminate\\Database\\MySqlConnection->Illuminate\\Database\\{closure}()
#2 /home/og/Desktop/projects/road/publishersclearinghouse/vendor/laravel/framework/src/Illuminate/Database/Connection.php(779): Illuminate\\Database\\Connection->runQueryCallback()
#3 /home/og/Desktop/projects/road/publishersclearinghouse/vendor/laravel/framework/src/Illuminate/Database/MySqlConnection.php(42): Illuminate\\Database\\Connection->run()
#4 /home/og/Desktop/projects/road/publishersclearinghouse/vendor/laravel/framework/src/Illuminate/Database/Query/Processors/MySqlProcessor.php(35): Illuminate\\Database\\MySqlConnection->insert()
#5 /home/og/Desktop/projects/road/publishersclearinghouse/vendor/laravel/framework/src/Illuminate/Database/Query/Builder.php(3766): Illuminate\\Database\\Query\\Processors\\MySqlProcessor->processInsertGetId()
#6 /home/og/Desktop/projects/road/publishersclearinghouse/vendor/laravel/framework/src/Illuminate/Database/Eloquent/Builder.php(2120): Illuminate\\Database\\Query\\Builder->insertGetId()
#7 /home/og/Desktop/projects/road/publishersclearinghouse/vendor/laravel/framework/src/Illuminate/Database/Eloquent/Model.php(1359): Illuminate\\Database\\Eloquent\\Builder->__call()
#8 /home/og/Desktop/projects/road/publishersclearinghouse/vendor/laravel/framework/src/Illuminate/Database/Eloquent/Model.php(1324): Illuminate\\Database\\Eloquent\\Model->insertAndSetId()
#9 /home/og/Desktop/projects/road/publishersclearinghouse/vendor/laravel/framework/src/Illuminate/Database/Eloquent/Model.php(1163): Illuminate\\Database\\Eloquent\\Model->performInsert()
#10 /home/og/Desktop/projects/road/publishersclearinghouse/vendor/laravel/framework/src/Illuminate/Database/Eloquent/Builder.php(1128): Illuminate\\Database\\Eloquent\\Model->save()
#11 /home/og/Desktop/projects/road/publishersclearinghouse/vendor/laravel/framework/src/Illuminate/Support/helpers.php(399): Illuminate\\Database\\Eloquent\\Builder->Illuminate\\Database\\Eloquent\\{closure}()
#12 /home/og/Desktop/projects/road/publishersclearinghouse/vendor/laravel/framework/src/Illuminate/Database/Eloquent/Builder.php(1127): tap()
#13 /home/og/Desktop/projects/road/publishersclearinghouse/vendor/laravel/framework/src/Illuminate/Support/Traits/ForwardsCalls.php(23): Illuminate\\Database\\Eloquent\\Builder->create()
#14 /home/og/Desktop/projects/road/publishersclearinghouse/vendor/laravel/framework/src/Illuminate/Database/Eloquent/Model.php(2372): Illuminate\\Database\\Eloquent\\Model->forwardCallTo()
#15 /home/og/Desktop/projects/road/publishersclearinghouse/vendor/laravel/framework/src/Illuminate/Database/Eloquent/Model.php(2384): Illuminate\\Database\\Eloquent\\Model->__call()
#16 /home/og/Desktop/projects/road/publishersclearinghouse/database/seeders/DemoWinnerSeeder.php(246): Illuminate\\Database\\Eloquent\\Model::__callStatic()
#17 /home/og/Desktop/projects/road/publishersclearinghouse/vendor/laravel/framework/src/Illuminate/Container/BoundMethod.php(36): Database\\Seeders\\DemoWinnerSeeder->run()
#18 /home/og/Desktop/projects/road/publishersclearinghouse/vendor/laravel/framework/src/Illuminate/Container/Util.php(43): Illuminate\\Container\\BoundMethod::Illuminate\\Container\\{closure}()
#19 /home/og/Desktop/projects/road/publishersclearinghouse/vendor/laravel/framework/src/Illuminate/Container/BoundMethod.php(95): Illuminate\\Container\\Util::unwrapIfClosure()
#20 /home/og/Desktop/projects/road/publishersclearinghouse/vendor/laravel/framework/src/Illuminate/Container/BoundMethod.php(35): Illuminate\\Container\\BoundMethod::callBoundMethod()
#21 /home/og/Desktop/projects/road/publishersclearinghouse/vendor/laravel/framework/src/Illuminate/Container/Container.php(696): Illuminate\\Container\\BoundMethod::call()
#22 /home/og/Desktop/projects/road/publishersclearinghouse/vendor/laravel/framework/src/Illuminate/Database/Seeder.php(188): Illuminate\\Container\\Container->call()
#23 /home/og/Desktop/projects/road/publishersclearinghouse/vendor/laravel/framework/src/Illuminate/Database/Seeder.php(197): Illuminate\\Database\\Seeder->Illuminate\\Database\\{closure}()
#24 /home/og/Desktop/projects/road/publishersclearinghouse/vendor/laravel/framework/src/Illuminate/Database/Console/Seeds/SeedCommand.php(70): Illuminate\\Database\\Seeder->__invoke()
#25 /home/og/Desktop/projects/road/publishersclearinghouse/vendor/laravel/framework/src/Illuminate/Database/Eloquent/Concerns/GuardsAttributes.php(155): Illuminate\\Database\\Console\\Seeds\\SeedCommand->Illuminate\\Database\\Console\\Seeds\\{closure}()
#26 /home/og/Desktop/projects/road/publishersclearinghouse/vendor/laravel/framework/src/Illuminate/Database/Console/Seeds/SeedCommand.php(69): Illuminate\\Database\\Eloquent\\Model::unguarded()
#27 /home/og/Desktop/projects/road/publishersclearinghouse/vendor/laravel/framework/src/Illuminate/Container/BoundMethod.php(36): Illuminate\\Database\\Console\\Seeds\\SeedCommand->handle()
#28 /home/og/Desktop/projects/road/publishersclearinghouse/vendor/laravel/framework/src/Illuminate/Container/Util.php(43): Illuminate\\Container\\BoundMethod::Illuminate\\Container\\{closure}()
#29 /home/og/Desktop/projects/road/publishersclearinghouse/vendor/laravel/framework/src/Illuminate/Container/BoundMethod.php(95): Illuminate\\Container\\Util::unwrapIfClosure()
#30 /home/og/Desktop/projects/road/publishersclearinghouse/vendor/laravel/framework/src/Illuminate/Container/BoundMethod.php(35): Illuminate\\Container\\BoundMethod::callBoundMethod()
#31 /home/og/Desktop/projects/road/publishersclearinghouse/vendor/laravel/framework/src/Illuminate/Container/Container.php(696): Illuminate\\Container\\BoundMethod::call()
#32 /home/og/Desktop/projects/road/publishersclearinghouse/vendor/laravel/framework/src/Illuminate/Console/Command.php(213): Illuminate\\Container\\Container->call()
#33 /home/og/Desktop/projects/road/publishersclearinghouse/vendor/symfony/console/Command/Command.php(341): Illuminate\\Console\\Command->execute()
#34 /home/og/Desktop/projects/road/publishersclearinghouse/vendor/laravel/framework/src/Illuminate/Console/Command.php(182): Symfony\\Component\\Console\\Command\\Command->run()
#35 /home/og/Desktop/projects/road/publishersclearinghouse/vendor/symfony/console/Application.php(1117): Illuminate\\Console\\Command->run()
#36 /home/og/Desktop/projects/road/publishersclearinghouse/vendor/symfony/console/Application.php(356): Symfony\\Component\\Console\\Application->doRunCommand()
#37 /home/og/Desktop/projects/road/publishersclearinghouse/vendor/symfony/console/Application.php(195): Symfony\\Component\\Console\\Application->doRun()
#38 /home/og/Desktop/projects/road/publishersclearinghouse/vendor/laravel/framework/src/Illuminate/Foundation/Console/Kernel.php(198): Symfony\\Component\\Console\\Application->run()
#39 /home/og/Desktop/projects/road/publishersclearinghouse/artisan(12): Illuminate\\Foundation\\Console\\Kernel->handle()
#40 {main}
"} 
[2026-07-11 14:04:32] local.ERROR: PHP Parse error: Syntax error, unexpected T_ECHO on line 14 {"exception":"[object] (Psy\\Exception\\ParseErrorException(code: 0): PHP Parse error: Syntax error, unexpected T_ECHO on line 14 at /home/og/Desktop/projects/road/publishersclearinghouse/vendor/psy/psysh/src/Exception/ParseErrorException.php:44)
[stacktrace]
#0 /home/og/Desktop/projects/road/publishersclearinghouse/vendor/psy/psysh/src/CodeCleaner.php(657): Psy\\Exception\\ParseErrorException::fromParseError()
#1 /home/og/Desktop/projects/road/publishersclearinghouse/vendor/psy/psysh/src/CodeCleaner.php(273): Psy\\CodeCleaner->parse()
#2 /home/og/Desktop/projects/road/publishersclearinghouse/vendor/psy/psysh/src/Shell.php(1399): Psy\\CodeCleaner->clean()
#3 /home/og/Desktop/projects/road/publishersclearinghouse/vendor/psy/psysh/src/Shell.php(1506): Psy\\Shell->appendCode()
#4 /home/og/Desktop/projects/road/publishersclearinghouse/vendor/psy/psysh/src/Shell.php(2215): Psy\\Shell->setCode()
#5 /home/og/Desktop/projects/road/publishersclearinghouse/vendor/laravel/tinker/src/Console/TinkerCommand.php(77): Psy\\Shell->execute()
#6 /home/og/Desktop/projects/road/publishersclearinghouse/vendor/laravel/framework/src/Illuminate/Container/BoundMethod.php(36): Laravel\\Tinker\\Console\\TinkerCommand->handle()
#7 /home/og/Desktop/projects/road/publishersclearinghouse/vendor/laravel/framework/src/Illuminate/Container/Util.php(43): Illuminate\\Container\\BoundMethod::Illuminate\\Container\\{closure}()
#8 /home/og/Desktop/projects/road/publishersclearinghouse/vendor/laravel/framework/src/Illuminate/Container/BoundMethod.php(95): Illuminate\\Container\\Util::unwrapIfClosure()
#9 /home/og/Desktop/projects/road/publishersclearinghouse/vendor/laravel/framework/src/Illuminate/Container/BoundMethod.php(35): Illuminate\\Container\\BoundMethod::callBoundMethod()
#10 /home/og/Desktop/projects/road/publishersclearinghouse/vendor/laravel/framework/src/Illuminate/Container/Container.php(696): Illuminate\\Container\\BoundMethod::call()
#11 /home/og/Desktop/projects/road/publishersclearinghouse/vendor/laravel/framework/src/Illuminate/Console/Command.php(213): Illuminate\\Container\\Container->call()
#12 /home/og/Desktop/projects/road/publishersclearinghouse/vendor/symfony/console/Command/Command.php(341): Illuminate\\Console\\Command->execute()
#13 /home/og/Desktop/projects/road/publishersclearinghouse/vendor/laravel/framework/src/Illuminate/Console/Command.php(182): Symfony\\Component\\Console\\Command\\Command->run()
#14 /home/og/Desktop/projects/road/publishersclearinghouse/vendor/symfony/console/Application.php(1117): Illuminate\\Console\\Command->run()
#15 /home/og/Desktop/projects/road/publishersclearinghouse/vendor/symfony/console/Application.php(356): Symfony\\Component\\Console\\Application->doRunCommand()
#16 /home/og/Desktop/projects/road/publishersclearinghouse/vendor/symfony/console/Application.php(195): Symfony\\Component\\Console\\Application->doRun()
#17 /home/og/Desktop/projects/road/publishersclearinghouse/vendor/laravel/framework/src/Illuminate/Foundation/Console/Kernel.php(198): Symfony\\Component\\Console\\Application->run()
#18 /home/og/Desktop/projects/road/publishersclearinghouse/artisan(12): Illuminate\\Foundation\\Console\\Kernel->handle()
#19 {main}
"} 
[2026-07-16 13:26:32] local.ERROR: Array to string conversion (Connection: mysql, SQL: insert into `winners` (`address`, `city`, `created_at`, `date_of_birth`, `demographics`, `email`, `first_name`, `gender`, `is_active`, `is_claimed`, `last_name`, `phone`, `prize_amount`, `prize_description`, `state`, `status`, `unique_code`, `updated_at`, `zip`) values (5 Billingsgate, Avon, 2026-07-16 13:26:27, 1940-10-04, ?, johnscanlan@netzero.net, John, M, 1, 0, Scanlan, 8606757195, 5500000, $5,500,000.00 Mega Cash Prize, CT, new, Y9LEFZ4EH9, 2026-07-16 13:26:27, 6001), (13 Fairview Dr, Farmington, 2026-07-16 13:26:27, 1941-05-19, ?, ?, Mary, F, 1, 0, Sheehan, 8606774154, 5500000, $5,500,000.00 Mega Cash Prize, CT, new, 22JE4HW89P, 2026-07-16 13:26:27, 6032), (61 Pinnacle Rd, Farmington, 2026-07-16 13:26:27, 1932-02-27, ?, ctbliss123@aol.com, John, M, 1, 0, Kokinis, 2035005895, 5500000, $5,500,000.00 Mega Cash Prize, CT, new, NATGFADLCW, 2026-07-16 13:26:27, 6032), (20 Sycamore Rd, West Hartford, 2026-07-16 13:26:27, 1942-01-11, ?, kevindaly8985@aol.com, Mary, F, 1, 0, Garrity, 8602338985, 5500000, $5,500,000.00 Mega Cash Prize, CT, new, BBGM4BBC8E, 2026-07-16 13:26:27, 6117), (289 Vineyard Point Rd, Guilford, 2026-07-16 13:26:27, 1937-11-11, ?, jmhaversat@comcast.net, Joan, F, 1, 0, Haversat, 2039886706, 5500000, $5,500,000.00 Mega Cash Prize, CT, new, H48XMZRPHA, 2026-07-16 13:26:27, 6437), (46 Five Fields Rd, Madison, 2026-07-16 13:26:27, 1932-08-10, ?, cthompsonferreira@hotmail.com, Ruth, F, 1, 0, Thompson, 2032454985, 5500000, $5,500,000.00 Mega Cash Prize, CT, new, YHVFY4UJ4J, 2026-07-16 13:26:27, 6443), (45 Market Pl, Milford, 2026-07-16 13:26:27, 1934-06-12, ?, ?, Joseph, M, 1, 0, Novara, 2032534124, 5500000, $5,500,000.00 Mega Cash Prize, CT, new, XVPJ6FMDNM, 2026-07-16 13:26:27, 6460), (2 White Birch Dr, New Fairfield, 2026-07-16 13:26:27, 1942-10-01, ?, ?, Richard, M, 1, 0, Uomoleale, 2037460451, 5500000, $5,500,000.00 Mega Cash Prize, CT, new, F9P22QJDK4, 2026-07-16 13:26:27, 6812), (4 Halter Ln, Darien, 2026-07-16 13:26:27, 1942-07-01, ?, christopher.carnes@yahoo.com, Deborah, F, 1, 0, Carnes, 2036561708, 5500000, $5,500,000.00 Mega Cash Prize, CT, new, NYRGEFWHEB, 2026-07-16 13:26:27, 6820), (137 Pheasant Ln, Fairfield, 2026-07-16 13:26:27, 1939-05-06, ?, greenspan@juno.com, Marshall, M, 1, 0, Greenspan, 2032552369, 5500000, $5,500,000.00 Mega Cash Prize, CT, new, CHKU5UY2UF, 2026-07-16 13:26:27, 6824), (6 Stonehedge Dr S, Greenwich, 2026-07-16 13:26:27, 1939-10-23, ?, jeanne.littas@yahoo.com, Jeanne, F, 1, 0, Littas, 2035311984, 5500000, $5,500,000.00 Mega Cash Prize, CT, new, GYQ75RHH5D, 2026-07-16 13:26:27, 6831), (2 Finch Ct, Norwalk, 2026-07-16 13:26:27, 1956-03-15, ?, csperry56@yahoo.com, Craig, M, 1, 0, Perry, 2039810192, 5500000, $5,500,000.00 Mega Cash Prize, CT, new, GLHMD3L2SZ, 2026-07-16 13:26:27, 6854), (5 W Parish Rd, Westport, 2026-07-16 13:26:27, 1940-09-13, ?, aladtice71@gmail.com, Frank, M, 1, 0, Hall, 2032217936, 5500000, $5,500,000.00 Mega Cash Prize, CT, new, 4K2G5VQHDD, 2026-07-16 13:26:27, 6880), (1194 Westover Rd, Stamford, 2026-07-16 13:26:27, 1931-03-29, ?, ?, James, M, 1, 0, Popper, 2033253089, 5500000, $5,500,000.00 Mega Cash Prize, CT, new, QC7QLKWN8P, 2026-07-16 13:26:27, 6902), (1723 Gunning Dr, Wilmington, 2026-07-16 13:26:27, 1933-01-01, ?, hatzis@juno.com, Thomas, M, 1, 0, Hatzis, 3027642223, 5500000, $5,500,000.00 Mega Cash Prize, DE, new, Z5H3CVNJN8, 2026-07-16 13:26:27, 19803), (8 Shanlyn Dr, Wilmington, 2026-07-16 13:26:27, 1941-02-09, ?, ?, Brigitte, F, 1, 0, Green, 3029810088, 5500000, $5,500,000.00 Mega Cash Prize, DE, new, 4XJ4VQP2JR, 2026-07-16 13:26:27, 19807), (122 Greenspring Rd, Wilmington, 2026-07-16 13:26:27, 1940-12-03, ?, ?, Willem, M, 1, 0, Hoogerbrugge, 3027773257, 5500000, $5,500,000.00 Mega Cash Prize, DE, new, H43GPEPFKK, 2026-07-16 13:26:27, 19807), (2138 Cathedral Ave NW, Washington, 2026-07-16 13:26:27, 1934-06-17, ?, ?, Robert, M, 1, 0, Dallek, 2025888963, 5500000, $5,500,000.00 Mega Cash Prize, DC, new, TS72TKUAW6, 2026-07-16 13:26:27, 20008), (4915 Massachusetts Ave NW, Washington, 2026-07-16 13:26:27, 1941-09-02, ?, housofpayne@aol.com, Camilla, F, 1, 0, Mccaslin, 2028413414, 5500000, $5,500,000.00 Mega Cash Prize, DC, new, E87P8Y2MD5, 2026-07-16 13:26:27, 20016), (4528 Davenport St NW, Washington, 2026-07-16 13:26:27, 1942-12-01, ?, apraizor@aol.com, James, M, 1, 0, Clear, 2027445095, 5500000, $5,500,000.00 Mega Cash Prize, DC, new, THEKS29K58, 2026-07-16 13:26:27, 20016), (4312 Westover Pl NW, Washington, 2026-07-16 13:26:27, 1934-10-01, ?, gaitherag@aol.com, Rowan, M, 1, 0, Gaither, 4014231441, 5500000, $5,500,000.00 Mega Cash Prize, DC, new, VURRGCW6WK, 2026-07-16 13:26:27, 20016), (95078 Reserve Ct, Fern Bch, 2026-07-16 13:26:27, 1942-07-21, ?, llonakm@aol.com, Llona, F, 1, 0, Meaux, 9043212510, 5500000, $5,500,000.00 Mega Cash Prize, FL, new, Y3VCDNPSL2, 2026-07-16 13:26:27, 32034), (4776 Amelia Island Pkwy, Fern Bch, 2026-07-16 13:26:27, 1940-04-26, ?, sandbum@bellsouth.net, Patricia, F, 1, 0, Craddock, 9043473938, 5500000, $5,500,000.00 Mega Cash Prize, FL, new, AQX5MSFQLE, 2026-07-16 13:26:27, 32034), (600 Ponte Vedra Blvd, Ponte Vedra, 2026-07-16 13:26:27, 1938-08-17, ?, ?, Patricia, F, 1, 0, Matsalla, 9042738782, 5500000, $5,500,000.00 Mega Cash Prize, FL, new, 6HAKTSKNG9, 2026-07-16 13:26:27, 32082), (125 Via Capri, New Smyrna, 2026-07-16 13:26:27, 1933-06-21, ?, joan.kulick@sbcglobal.net, Joan, F, 1, 0, Kulick, 9044289348, 5500000, $5,500,000.00 Mega Cash Prize, FL, new, MUP7L97B7X, 2026-07-16 13:26:27, 32169), (841 Shipwatch Dr E, Jacksonville, 2026-07-16 13:26:27, 1934-04-30, ?, ?, Ralph, M, 1, 0, Pounds, 9042202895, 5500000, $5,500,000.00 Mega Cash Prize, FL, new, 9E873N4RGD, 2026-07-16 13:26:27, 32225), (9921 Margate Hills Rd, Jacksonville, 2026-07-16 13:26:27, 1939-08-14, ?, mbamob@yahoo.com, Carmen, F, 1, 0, Schodowski, 9042339622, 5500000, $5,500,000.00 Mega Cash Prize, FL, new, NUAUS424J3, 2026-07-16 13:26:27, 32256), (2809 Forest Cir, Jacksonville, 2026-07-16 13:26:27, 1936-10-25, ?, missyjoan@gmail.com, Joan, F, 1, 0, Selander, 9043335893, 5500000, $5,500,000.00 Mega Cash Prize, FL, new, MXGVH98EQG, 2026-07-16 13:26:27, 32257), (909 Timberlane Rd, Tallahassee, 2026-07-16 13:26:27, 1943-05-01, ?, stubbsxyz@gmail.com, Ronald, M, 1, 0, Stubbs, 8503217892, 5500000, $5,500,000.00 Mega Cash Prize, FL, new, XVJ8TV9Z3X, 2026-07-16 13:26:27, 32312), (3280 Burnt Pine Ln, Miramar Beach, 2026-07-16 13:26:27, 1941-05-28, ?, ?, Catherine, F, 1, 0, Gibson, 8509741442, 5500000, $5,500,000.00 Mega Cash Prize, FL, new, E7CB5SHP8G, 2026-07-16 13:26:27, 32550), (1017 Lake Way Dr, Niceville, 2026-07-16 13:26:27, 1937-09-05, ?, neets2336@aol.com, Rosanna, F, 1, 0, Steen, 8507298944, 5500000, $5,500,000.00 Mega Cash Prize, FL, new, WN2HUB3R6C, 2026-07-16 13:26:27, 32578), (1511 Club Dr, Vero Beach, 2026-07-16 13:26:27, 1940-01-30, ?, ?, Birgitta, F, 1, 0, Byers, 5612311083, 5500000, $5,500,000.00 Mega Cash Prize, FL, new, E2XKBPHAFH, 2026-07-16 13:26:27, 32963), (13920 Leaning Pine Dr, Hialeah, 2026-07-16 13:26:27, 1934-02-04, ?, ?, Carol, F, 1, 0, Coy, 3055584249, 5500000, $5,500,000.00 Mega Cash Prize, FL, new, BQRMGAW5T7, 2026-07-16 13:26:27, 33014), (1040 Adams Dr, Key Largo, 2026-07-16 13:26:27, 1940-06-17, ?, snoweykat@msn.com, Robert, M, 1, 0, Snow, 3052400047, 5500000, $5,500,000.00 Mega Cash Prize, FL, new, FPEUH53QAZ, 2026-07-16 13:26:27, 33037), (3921 NE 26th Ave, Lighthouse Pt, 2026-07-16 13:26:27, 1934-03-14, ?, werner.fuchs@aol.com, Werner, M, 1, 0, Fuchs, 9545608536, 5500000, $5,500,000.00 Mega Cash Prize, FL, new, 9EXQTB4522, 2026-07-16 13:26:27, 33064), (1900 Preston Trl, Coral Springs, 2026-07-16 13:26:27, 1945-04-06, ?, joycelap@gmail.com, Joyce, F, 1, 0, Lapointe, 7547028841, 5500000, $5,500,000.00 Mega Cash Prize, FL, new, 3VYJDXT2S7, 2026-07-16 13:26:27, 33071), (6413 NW 102nd Ter, Pompano Beach, 2026-07-16 13:26:27, 1938-01-13, ?, ?, Connie, F, 1, 0, Francis, 9544719556, 5500000, $5,500,000.00 Mega Cash Prize, FL, new, L72JFUJ9UK, 2026-07-16 13:26:27, 33076), (7150 Long Leaf Dr, Pompano Beach, 2026-07-16 13:26:27, 1937-04-12, ?, gmaslillypad@gmail.com, Patricia, F, 1, 0, Greer, 7162763449, 5500000, $5,500,000.00 Mega Cash Prize, FL, new, U3HKHD8SJD, 2026-07-16 13:26:27, 33076), (345 NE 85th St, Miami, 2026-07-16 13:26:27, 1939-08-05, ?, ?, Gary, M, 1, 0, Davis, 3059266883, 5500000, $5,500,000.00 Mega Cash Prize, FL, new, RGPMBTXZFW, 2026-07-16 13:26:27, 33138), (6000 Alton Rd, Miami Beach, 2026-07-16 13:26:27, 1938-07-02, ?, ansteadfarms@yahoo.com, Michael, M, 1, 0, Simkowitz, 3058654871, 5500000, $5,500,000.00 Mega Cash Prize, FL, new, GERK884APU, 2026-07-16 13:26:27, 33140), (1855 Daytonia Rd, Miami Beach, 2026-07-16 13:26:27, 1936-03-03, ?, norland8823@yahoo.com, Albert, M, 1, 0, Lusky, 6194164855, 5500000, $5,500,000.00 Mega Cash Prize, FL, new, 9MTCZWG7Y9, 2026-07-16 13:26:27, 33141), (285 Hampton Ln, Key Biscayne, 2026-07-16 13:26:27, 1938-09-12, ?, ?, Gloria, F, 1, 0, Izaguirre, 3059790493, 5500000, $5,500,000.00 Mega Cash Prize, FL, new, CHGZRQHZQL, 2026-07-16 13:26:27, 33149), (41 Indian Creek Island Rd, Ind Crk Vlg, 2026-07-16 13:26:27, 1934-10-05, ?, ?, Martin, M, 1, 0, Silver, 6012127565, 5500000, $5,500,000.00 Mega Cash Prize, FL, new, 9NKV54L42N, 2026-07-16 13:26:27, 33154), (9764 SW 110th St, Miami, 2026-07-16 13:26:27, 1935-03-04, ?, richardsherin@gmail.com, Brigitta, F, 1, 0, Sherin, 3055429974, 5500000, $5,500,000.00 Mega Cash Prize, FL, new, 5DW3L7HJE5, 2026-07-16 13:26:27, 33176), (20155 NE 38th Ct, Miami, 2026-07-16 13:26:27, 1939-05-04, ?, ?, Michael, M, 1, 0, Weisser, 3059314488, 5500000, $5,500,000.00 Mega Cash Prize, FL, new, EG4GVJE9S9, 2026-07-16 13:26:27, 33180), (3321 NE 16th Pl, Ft Lauderdale, 2026-07-16 13:26:27, 1935-10-10, ?, ?, Margaret, F, 1, 0, Raybin, 3055652616, 5500000, $5,500,000.00 Mega Cash Prize, FL, new, RJ7C4CCWVN, 2026-07-16 13:26:27, 33305), (5901 SW 196th Ln, Ft Lauderdale, 2026-07-16 13:26:27, 1942-07-07, ?, macfarlanekenneth@yahoo.com, Kenneth, M, 1, 0, Macfarlane, 9546808201, 5500000, $5,500,000.00 Mega Cash Prize, FL, new, DG668KZUQZ, 2026-07-16 13:26:27, 33332), (12805 Packwood Rd, N Palm Beach, 2026-07-16 13:26:27, 1946-04-18, ?, ?, Donald, M, 1, 0, Cole, 9546583716, 5500000, $5,500,000.00 Mega Cash Prize, FL, new, ATE9MTR28B, 2026-07-16 13:26:27, 33408), (7931 Villa Nova Dr, Boca Raton, 2026-07-16 13:26:27, 1937-07-30, ?, frankiecaps@att.net, Frederic, M, 1, 0, Cohen, 5612893906, 5500000, $5,500,000.00 Mega Cash Prize, FL, new, XDCNQ7LYZA, 2026-07-16 13:26:27, 33433), (7994 SE Hempstead Cir, Hobe Sound, 2026-07-16 13:26:27, 1940-06-19, ?, ?, Phyllis, F, 1, 0, Cartelli, 9049095753, 5500000, $5,500,000.00 Mega Cash Prize, FL, new, FF5TG8GFC4, 2026-07-16 13:26:27, 33455), (18948 SE Windward Island Ln, Jupiter, 2026-07-16 13:26:27, 1936-09-09, ?, gaudu2@aol.com, Joseph, M, 1, 0, Gaudet, 5613736912, 5500000, $5,500,000.00 Mega Cash Prize, FL, new, WDQTQL63N3, 2026-07-16 13:26:27, 33458), (6371 Cortona St, Lake Worth, 2026-07-16 13:26:27, 1939-09-12, ?, sydneybudd@gmail.com, Sydney, M, 1, 0, Budd, 5613715511, 5500000, $5,500,000.00 Mega Cash Prize, FL, new, A453J4M5GN, 2026-07-16 13:26:27, 33467), (8264 Abalone Point Blvd, Lake Worth, 2026-07-16 13:26:27, 1939-05-29, ?, ?, Warren, M, 1, 0, Kornfeld, 5619651106, 5500000, $5,500,000.00 Mega Cash Prize, FL, new, JDBCD77PXE, 2026-07-16 13:26:27, 33467), (6522 Milani St, Lake Worth, 2026-07-16 13:26:27, 1939-05-02, ?, ?, Stanley, M, 1, 0, Rosenberg, 5619635748, 5500000, $5,500,000.00 Mega Cash Prize, FL, new, 7NNLSPA576, 2026-07-16 13:26:27, 33467), (10235 Sandy Run  Rd, Jupiter, 2026-07-16 13:26:27, 1941-08-20, ?, john.aull@yahoo.com, John, M, 1, 0, Aull, 5617446551, 5500000, $5,500,000.00 Mega Cash Prize, FL, new, UZ2TSFFSCE, 2026-07-16 13:26:27, 33478), (200 El Vedado Rd, Palm Beach, 2026-07-16 13:26:27, 1941-08-20, ?, atapert1@gmail.com, Joseph, M, 1, 0, Allen, 6462480594, 5500000, $5,500,000.00 Mega Cash Prize, FL, new, QRPZTFAVAM, 2026-07-16 13:26:27, 33480), (5740 Bridleway Cir, Boca Raton, 2026-07-16 13:26:27, 1934-05-18, ?, ?, Don, M, 1, 0, Kirshner, 2013033150, 5500000, $5,500,000.00 Mega Cash Prize, FL, new, EGFEDSNZAM, 2026-07-16 13:26:27, 33496), (19902 Dolores Ann Ct, Lutz, 2026-07-16 13:26:27, 1940-07-21, ?, dotsalo@gmail.com, William, M, 1, 0, Salo, 8139098102, 5500000, $5,500,000.00 Mega Cash Prize, FL, new, AHF54MYZP3, 2026-07-16 13:26:27, 33549), (3419 W Lykes Ave, Tampa, 2026-07-16 13:26:27, 1941-11-13, ?, con.detrick@gmail.com, Constance, F, 1, 0, Detrick, 8135081600, 5500000, $5,500,000.00 Mega Cash Prize, FL, new, YYD779LZQE, 2026-07-16 13:26:27, 33609), (4515 W Brookwood Dr, Tampa, 2026-07-16 13:26:27, 1946-09-08, ?, molly.crews13@gmail.com, Mary, F, 1, 0, Crews, 8135037771, 5500000, $5,500,000.00 Mega Cash Prize, FL, new, 2Q9EDAHLJX, 2026-07-16 13:26:27, 33629), (7363 Hubert St, Seminole, 2026-07-16 13:26:27, 1934-06-15, ?, joansapp@gmail.com, Joan, F, 1, 0, Sapp, 7273662162, 5500000, $5,500,000.00 Mega Cash Prize, FL, new, 4X6PU2FCEZ, 2026-07-16 13:26:27, 33776), (5519 Scott View Ln, Lakeland, 2026-07-16 13:26:27, 1934-08-13, ?, nancysroth@verizon.net, Nancy, F, 1, 0, Roth, 8636600152, 5500000, $5,500,000.00 Mega Cash Prize, FL, new, 7EBCWMLVUK, 2026-07-16 13:26:27, 33813), (5300 SW 11th Pl, Cape Coral, 2026-07-16 13:26:27, 1934-01-23, ?, ?, Marilyn, F, 1, 0, Shaw, 2395491799, 5500000, $5,500,000.00 Mega Cash Prize, FL, new, S2ZKVRMKK5, 2026-07-16 13:26:27, 33914), (1415 SW 54th Ter, Cape Coral, 2026-07-16 13:26:27, 1936-11-10, ?, mstreden@aol.com, John, M, 1, 0, Mester, 2396411126, 5500000, $5,500,000.00 Mega Cash Prize, FL, new, GAJTRT63XG, 2026-07-16 13:26:27, 33914), (545 11th Ave S, Naples, 2026-07-16 13:26:27, 1935-09-07, ?, e.ursolum@gmail.com, Thomas, M, 1, 0, Walsh, 2394351729, 5500000, $5,500,000.00 Mega Cash Prize, FL, new, K8Z356GFXC, 2026-07-16 13:26:27, 34102), (4301 Gulf Shore Blvd N, Naples, 2026-07-16 13:26:27, 1936-10-05, ?, ljkspider@juno.com, Fred, M, 1, 0, Klaucke, 2395374271, 5500000, $5,500,000.00 Mega Cash Prize, FL, new, JSTMU8EKFH, 2026-07-16 13:26:27, 34103), (8275 Valiant Dr, Naples, 2026-07-16 13:26:27, 1946-10-29, ?, dyannkutob@aol.com, Dyann, F, 1, 0, Kutob, 2397340270, 5500000, $5,500,000.00 Mega Cash Prize, FL, new, PQYV6ZXTU7, 2026-07-16 13:26:27, 34104), (12254 Colliers Reserve Dr, Naples, 2026-07-16 13:26:27, 1936-08-18, ?, webben22@gmail.com, Diane, F, 1, 0, Ebben, 2393708649, 5500000, $5,500,000.00 Mega Cash Prize, FL, new, PKW9G26W7E, 2026-07-16 13:26:27, 34110), (65 Anchor Ct, Marco Island, 2026-07-16 13:26:27, 1949-05-13, ?, ?, Joan, F, 1, 0, Kepford, 2393932275, 5500000, $5,500,000.00 Mega Cash Prize, FL, new, 7FKUXST6VF, 2026-07-16 13:26:27, 34145), (1291 Mimosa Ct, Marco Island, 2026-07-16 13:26:27, 1937-04-18, ?, zymros@aol.com, Patricia, F, 1, 0, Zymros, 2398218326, 5500000, $5,500,000.00 Mega Cash Prize, FL, new, 5TXY2G2XBL, 2026-07-16 13:26:27, 34145), (3098 Charles Macdonald Dr, Sarasota, 2026-07-16 13:26:27, 1942-07-10, ?, geneandsueshiring@comcast.net, Susan, F, 1, 0, Shiring, 9414572712, 5500000, $5,500,000.00 Mega Cash Prize, FL, new, MXT8GDRAUJ, 2026-07-16 13:26:27, 34240), (9566 SW 194th Cir, Dunnellon, 2026-07-16 13:26:27, 1940-11-13, ?, ?, Joyce, F, 1, 0, Harris, 3526502467, 5500000, $5,500,000.00 Mega Cash Prize, FL, new, UEXEPUH3KF, 2026-07-16 13:26:27, 34432), (5103 Jasmine Way, Palm Harbor, 2026-07-16 13:26:27, 1935-08-17, ?, ?, Samuel, M, 1, 0, Chau, 7279378447, 5500000, $5,500,000.00 Mega Cash Prize, FL, new, C266NY6PMU, 2026-07-16 13:26:27, 34685), (2641 SE Dune Dr, Stuart, 2026-07-16 13:26:27, 1941-04-25, ?, bedelcup@aol.com, Melinda, F, 1, 0, Edelcup, 5612254950, 5500000, $5,500,000.00 Mega Cash Prize, FL, new, RG3LM72PBT, 2026-07-16 13:26:27, 34996), (6 N Via Lucindia, Stuart, 2026-07-16 13:26:27, 1935-09-24, ?, mirtavr@hotmail.com, Harold, M, 1, 0, Price, 7722850468, 5500000, $5,500,000.00 Mega Cash Prize, FL, new, 73DU7YLQHU, 2026-07-16 13:26:27, 34996), (2928 Redmont Park Ln, Birmingham, 2026-07-16 13:26:27, 1933-04-22, ?, ?, Kathleen, F, 1, 0, Pilleteri, 8502311668, 5500000, $5,500,000.00 Mega Cash Prize, AL, new, YRKKTASM5N, 2026-07-16 13:26:27, 35205), (1094 Greystone Crst, Birmingham, 2026-07-16 13:26:27, 1938-12-16, ?, ?, Harold, M, 1, 0, Ripps, 2054012988, 5500000, $5,500,000.00 Mega Cash Prize, AL, new, CX529VYSCH, 2026-07-16 13:26:27, 35242), (2131 Allendale Rd, Montgomery, 2026-07-16 13:26:27, 1932-03-03, ?, ?, Robert, M, 1, 0, Cole, 3342650615, 5500000, $5,500,000.00 Mega Cash Prize, AL, new, ATBD4X4WZ9, 2026-07-16 13:26:27, 36111), (32165 River Rd, Orange Beach, 2026-07-16 13:26:27, 1931-11-02, ?, waynecockrell@twcny.rr.com, Wayne, M, 1, 0, Cockrell, 2515508387, 5500000, $5,500,000.00 Mega Cash Prize, AL, new, ZGGBTYHPJJ, 2026-07-16 13:26:27, 36561), (216 Northridge Dr, Van Buren, 2026-07-16 13:26:27, 1932-02-25, ?, dprzenio@juno.com, Roland, M, 1, 0, Warman, 4794744259, 5500000, $5,500,000.00 Mega Cash Prize, AR, new, 8NY2KG8RRJ, 2026-07-16 13:26:27, 72956), (5296 S Fraser St, Aurora, 2026-07-16 13:26:27, 1937-12-20, ?, ?, Sharon, F, 1, 0, Engle, 3036939341, 5500000, $5,500,000.00 Mega Cash Prize, CO, new, P72NDFPT3Z, 2026-07-16 13:26:27, 80015), (26 Covington Dr, Englewood, 2026-07-16 13:26:27, 1938-03-01, ?, bjohnson065@comcast.net, Berton, M, 1, 0, Johnson, 3035258142, 5500000, $5,500,000.00 Mega Cash Prize, CO, new, 54T6LD7BK8, 2026-07-16 13:26:27, 80113), (5055 S Albion St, Cherry Hl Vlg, 2026-07-16 13:26:27, 1935-04-10, ?, ?, Sally, F, 1, 0, Murray, 3037415161, 5500000, $5,500,000.00 Mega Cash Prize, CO, new, SDQ98DSM2M, 2026-07-16 13:26:27, 80121), (8532 S Miller Ct, Littleton, 2026-07-16 13:26:27, 1940-09-03, ?, johnalex736@gmail.com, John, M, 1, 0, Herian, 3032171739, 5500000, $5,500,000.00 Mega Cash Prize, CO, new, FE2HCMDETX, 2026-07-16 13:26:27, 80127), (7250 Alpine Dr, Parker, 2026-07-16 13:26:27, 1934-03-09, ?, aj.wells@hotmail.com, Aj, M, 1, 0, Wells, 7208402926, 5500000, $5,500,000.00 Mega Cash Prize, CO, new, LJP5RFRUAM, 2026-07-16 13:26:27, 80134), (4330 E 6th Avenue Pkwy, Denver, 2026-07-16 13:26:27, 1942-02-02, ?, ?, Joan, F, 1, 0, French, 3104879766, 5500000, $5,500,000.00 Mega Cash Prize, CO, new, JRTVPL9EHN, 2026-07-16 13:26:27, 80220), (1335 Marshall St, Boulder, 2026-07-16 13:26:27, 1942-07-17, ?, joan.lieberman@gmail.com, Joan, F, 1, 0, Lieberman, 3034786449, 5500000, $5,500,000.00 Mega Cash Prize, CO, new, T35EAMLHB8, 2026-07-16 13:26:27, 80302), (168 Alder Ln, Boulder, 2026-07-16 13:26:27, 1937-10-15, ?, ?, Anne, F, 1, 0, Wolf, 3038595916, 5500000, $5,500,000.00 Mega Cash Prize, CO, new, 6W5X8UUVLR, 2026-07-16 13:26:27, 80304), (2175 Pinedrop Ln, Golden, 2026-07-16 13:26:27, 1942-07-11, ?, arobert412@gmail.com, Robert, M, 1, 0, Brayton, 3038849676, 5500000, $5,500,000.00 Mega Cash Prize, CO, new, EJTQL83DUN, 2026-07-16 13:26:27, 80401), (225 Hidden Creek Dr, Colorado Spgs, 2026-07-16 13:26:27, 1936-12-02, ?, annr1515@cs.com, Ann, F, 1, 0, Reich, 7195763675, 5500000, $5,500,000.00 Mega Cash Prize, CO, new, F9TYT53VL4, 2026-07-16 13:26:27, 80906), (4455 Star Ranch Rd, Colorado Spgs, 2026-07-16 13:26:27, 1936-09-15, ?, richard.dick3@gmail.com, Patricia, F, 1, 0, Butler, 7192260706, 5500000, $5,500,000.00 Mega Cash Prize, CO, new, VRS6DJR5FB, 2026-07-16 13:26:27, 80906), (4446 E Camelback Rd, Phoenix, 2026-07-16 13:26:27, 1940-10-19, ?, ?, John, M, 1, 0, Kolbe, 6023804817, 5500000, $5,500,000.00 Mega Cash Prize, AZ, new, SS4TYKYMP7, 2026-07-16 13:26:27, 85018), (4208 E Vogel Ave, Phoenix, 2026-07-16 13:26:27, 1936-10-29, ?, eveline.hyde@yahoo.com, Eveline, F, 1, 0, Hyde, 6026775906, 5500000, $5,500,000.00 Mega Cash Prize, AZ, new, A2TWCHE9Z6, 2026-07-16 13:26:27, 85028), (2317 E Pelican Ct, Gilbert, 2026-07-16 13:26:27, 1945-07-10, ?, ?, Kathleen, F, 1, 0, Ulrich, 4804528974, 5500000, $5,500,000.00 Mega Cash Prize, AZ, new, VQ77U98BAL, 2026-07-16 13:26:27, 85234), (6001 E Cactus Wren Rd, Paradise Vly, 2026-07-16 13:26:27, 1938-04-22, ?, terrijane68@yahoo.com, Silas, M, 1, 0, Shultz, 4809487214, 5500000, $5,500,000.00 Mega Cash Prize, AZ, new, JV3P9DMLMW, 2026-07-16 13:26:27, 85253), (15986 N 114th Way, Scottsdale, 2026-07-16 13:26:27, 1931-02-02, ?, ?, Mary, F, 1, 0, Goudy, 4804198560, 5500000, $5,500,000.00 Mega Cash Prize, AZ, new, D9GZNM4RVU, 2026-07-16 13:26:27, 85255), (20437 N 89th St, Scottsdale, 2026-07-16 13:26:27, 1932-08-10, ?, hotpants1963@msn.com, Daniel, M, 1, 0, Laffey, 4805130192, 5500000, $5,500,000.00 Mega Cash Prize, AZ, new, BFZBQSLYCD, 2026-07-16 13:26:27, 85255), (10962 N 129th Way, Scottsdale, 2026-07-16 13:26:27, 1936-01-01, ?, kstar@ionet.net, Thomas, M, 1, 0, Star, 5073586476, 5500000, $5,500,000.00 Mega Cash Prize, AZ, new, VMV5N2NUMG, 2026-07-16 13:26:27, 85259), (12011 E Bella Vista Dr, Scottsdale, 2026-07-16 13:26:27, 1938-02-02, ?, ?, Margo, F, 1, 0, Gardner, 4806618412, 5500000, $5,500,000.00 Mega Cash Prize, AZ, new, 87CUB2DG8R, 2026-07-16 13:26:27, 85259), (4341 E Skyline Dr, Tucson, 2026-07-16 13:26:27, 1937-04-01, ?, dbkuat@aol.com, Donald, M, 1, 0, Burgess, 5202994099, 5500000, $5,500,000.00 Mega Cash Prize, AZ, new, F334WDGYPL, 2026-07-16 13:26:27, 85718), (5945 N Cerrada Miguel, Tucson, 2026-07-16 13:26:27, 1938-06-01, ?, pjreiling@earthlink.net, Lois, F, 1, 0, Reiling, 5204195647, 5500000, $5,500,000.00 Mega Cash Prize, AZ, new, NN5BZ6H9MD, 2026-07-16 13:26:27, 85718), (523 N Bronson Ave, Los Angeles, 2026-07-16 13:26:27, 1935-07-15, ?, ?, Lois, F, 1, 0, Jewell, 3234674822, 5500000, $5,500,000.00 Mega Cash Prize, CA, new, RWTL4NBGBA, 2026-07-16 13:26:27, 90004), (2806 Oakhurst Ave, Los Angeles, 2026-07-16 13:26:27, 1931-10-13, ?, jvozoff@hotmail.com, Jerome, M, 1, 0, Vozoff, 3108370603, 5500000, $5,500,000.00 Mega Cash Prize, CA, new, PR45DP5VJQ, 2026-07-16 13:26:27, 90034), (335 Oceano Dr, Los Angeles, 2026-07-16 13:26:27, 1934-11-05, ?, himrox22@yahoo.com, Harry, M, 1, 0, Stamatis, 3104713542, 5500000, $5,500,000.00 Mega Cash Prize, CA, new, 7JES9EVJJV, 2026-07-16 13:26:27, 90049), (10514 Cheviot Dr, Los Angeles, 2026-07-16 13:26:27, 1935-05-02, ?, dorkrieg@yahoo.com, Doreen, F, 1, 0, Krieger, 3102109526, 5500000, $5,500,000.00 Mega Cash Prize, CA, new, UF7VGHVJ8W, 2026-07-16 13:26:27, 90064), (9350 Hazen Dr, Beverly Hills, 2026-07-16 13:26:27, 1942-06-21, ?, ?, Joyce, F, 1, 0, Silverman, 3102744315, 5500000, $5,500,000.00 Mega Cash Prize, CA, new, HF5J4YGDQY, 2026-07-16 13:26:27, 90210), (1521 N Beverly Dr, Beverly Hills, 2026-07-16 13:26:27, 1931-02-19, ?, darryl1521copeland@sbcglobal.net, Joan, F, 1, 0, Copeland, 3102452401, 5500000, $5,500,000.00 Mega Cash Prize, CA, new, ZYG8AYF6QJ, 2026-07-16 13:26:27, 90210), (515 N Camden Dr, Beverly Hills, 2026-07-16 13:26:27, 1937-08-05, ?, cars4leo@earthlink.net, Ivy, F, 1, 0, Chu, 3102731188, 5500000, $5,500,000.00 Mega Cash Prize, CA, new, X39DBYS2WV, 2026-07-16 13:26:27, 90210), (205 S McCarty Dr, Beverly Hills, 2026-07-16 13:26:27, 1938-07-02, ?, srykoff@aol.com, Sondra, F, 1, 0, Rykoff, 3106660617, 5500000, $5,500,000.00 Mega Cash Prize, CA, new, DQE4S3BF33, 2026-07-16 13:26:27, 90212), (524 2nd St, Manhattan Bch, 2026-07-16 13:26:27, 1948-03-11, ?, catherineedmisson@hotmail.com, Catherine, F, 1, 0, Edmisson, 3102928331, 5500000, $5,500,000.00 Mega Cash Prize, CA, new, DY36JPR9CF, 2026-07-16 13:26:27, 90266), (43 Malaga Pl W, Manhattan Bch, 2026-07-16 13:26:27, 1934-06-13, ?, ?, Yale, M, 1, 0, Kramer, 3105459414, 5500000, $5,500,000.00 Mega Cash Prize, CA, new, 7QKADBNGRC, 2026-07-16 13:26:27, 90266), (236 Toyopa Dr, Pacific Plsds, 2026-07-16 13:26:27, 1938-04-03, ?, ?, Claire, F, 1, 0, Shea, 3104592588, 5500000, $5,500,000.00 Mega Cash Prize, CA, new, D7LZK46X9Z, 2026-07-16 13:26:27, 90272), (904 Via Mirada, Pls Vrds Pnsl, 2026-07-16 13:26:27, 1933-02-02, ?, gail.wasserman@tampabay.rr.com, Gail, F, 1, 0, Wasserman, 3102511452, 5500000, $5,500,000.00 Mega Cash Prize, CA, new, 784PD9Q9T3, 2026-07-16 13:26:27, 90274), (25 Santa Bella Rd, Pls Vrds Pnsl, 2026-07-16 13:26:27, 1934-08-02, ?, ?, Joan, F, 1, 0, Gebhard, 3109081898, 5500000, $5,500,000.00 Mega Cash Prize, CA, new, 6262Q64EUR, 2026-07-16 13:26:27, 90274), (25 Santa Bella Rd, Pls Vrds Pnsl, 2026-07-16 13:26:27, 1932-04-14, ?, ?, Alvin, M, 1, 0, Gebhard, 3103775487, 5500000, $5,500,000.00 Mega Cash Prize, CA, new, NPAAJW9JZ6, 2026-07-16 13:26:27, 90274), (27128 Eastvale Rd, Pls Vrds Pnsl, 2026-07-16 13:26:27, 1940-11-12, ?, ?, Suzanne, F, 1, 0, Krapf, 3108713458, 5500000, $5,500,000.00 Mega Cash Prize, CA, new, J8MTX9KTC6, 2026-07-16 13:26:27, 90274), (28113 Hazelridge Dr, Rch Palos Vrd, 2026-07-16 13:26:27, 1937-01-03, ?, artshapiro@aol.com, Arthur, M, 1, 0, Shapiro, 3103772456, 5500000, $5,500,000.00 Mega Cash Prize, CA, new, G8A6N8GTUU, 2026-07-16 13:26:27, 90275), (423 Avenue D, Redondo Beach, 2026-07-16 13:26:27, 1947-01-30, ?, dono@cox.net, Don, M, 1, 0, Owens, 3104899136, 5500000, $5,500,000.00 Mega Cash Prize, CA, new, DVJWYT2RC8, 2026-07-16 13:26:27, 90277), (19905 Entradero Ave, Torrance, 2026-07-16 13:26:27, 1941-04-02, ?, ?, Jane, F, 1, 0, Borthwick, 8183702895, 5500000, $5,500,000.00 Mega Cash Prize, CA, new, W95QGYV6MR, 2026-07-16 13:26:27, 90503), (8652 Enramada Ave, Whittier, 2026-07-16 13:26:27, 1930-12-17, ?, ?, Wayne, M, 1, 0, Campfield, 5628102515, 5500000, $5,500,000.00 Mega Cash Prize, CA, new, VME8545JQU, 2026-07-16 13:26:27, 90605), (12812 Ocaso Ave, La Mirada, 2026-07-16 13:26:27, 1938-06-02, ?, ?, Ursula, F, 1, 0, Lang, 5629432400, 5500000, $5,500,000.00 Mega Cash Prize, CA, new, 8RTPGAW4S8, 2026-07-16 13:26:27, 90638), (13345 Reva St, Cerritos, 2026-07-16 13:26:27, 1940-02-02, ?, ?, Colleen, F, 1, 0, Smith, 3109267430, 5500000, $5,500,000.00 Mega Cash Prize, CA, new, R7GLJNF636, 2026-07-16 13:26:27, 90703), (3310 Harvey Way, Lakewood, 2026-07-16 13:26:27, 1937-06-28, ?, ?, Meade, M, 1, 0, Grazier, 5628823036, 5500000, $5,500,000.00 Mega Cash Prize, CA, new, E4G7NJ4BRT, 2026-07-16 13:26:27, 90712), (11702 Paseo Bonita, Los Alamitos, 2026-07-16 13:26:27, 1940-12-01, ?, rseapy@gmail.com, Roger, M, 1, 0, Seapy, 5625967622, 5500000, $5,500,000.00 Mega Cash Prize, CA, new, LFEGUQ4GWP, 2026-07-16 13:26:27, 90720), (3609 S Meyler St, San Pedro, 2026-07-16 13:26:27, 1942-12-08, ?, donorrn@yahoo.com, Dag, F, 1, 0, Kolderup, 3105485279, 5500000, $5,500,000.00 Mega Cash Prize, CA, new, WFM4ES4Z7C, 2026-07-16 13:26:27, 90731), (32 Rivo Alto Canal, Long Beach, 2026-07-16 13:26:27, 1931-07-18, ?, ?, Steve, M, 1, 0, Schaffer, 9178461415, 5500000, $5,500,000.00 Mega Cash Prize, CA, new, 587WCN4MV3, 2026-07-16 13:26:27, 90803), (314 Descanso Bay, Long Beach, 2026-07-16 13:26:27, 1940-05-23, ?, mek0422@yahoo.com, Mary, F, 1, 0, Kunoth, 5626193494, 5500000, $5,500,000.00 Mega Cash Prize, CA, new, SM9MTQGDK9, 2026-07-16 13:26:27, 90803), (885 San Vicente Rd, Arcadia, 2026-07-16 13:26:27, 1939-05-04, ?, jyoungson@bellatlantic.net, John, M, 1, 0, Youngson, 6266764948, 5500000, $5,500,000.00 Mega Cash Prize, CA, new, KBHHW23K6R, 2026-07-16 13:26:27, 91007), (329 Anita Dr, Pasadena, 2026-07-16 13:26:27, 1935-06-28, ?, thefaroh@aol.com, Patricia, F, 1, 0, Hallack, 6265689255, 5500000, $5,500,000.00 Mega Cash Prize, CA, new, RJADN5X8CN, 2026-07-16 13:26:27, 91105), (799 Foxkirk Rd, Glendale, 2026-07-16 13:26:27, 1935-02-26, ?, ?, Maurice, M, 1, 0, Claff, 6263900863, 5500000, $5,500,000.00 Mega Cash Prize, CA, new, W75W8B22HQ, 2026-07-16 13:26:27, 91206), (26207 Adamor Rd, Calabasas, 2026-07-16 13:26:27, 1939-08-14, ?, ?, Nancy, F, 1, 0, Goguen, 8185854011, 5500000, $5,500,000.00 Mega Cash Prize, CA, new, VWQ7YKHH9K, 2026-07-16 13:26:27, 91302), (24408 Voltara Ct, Calabasas, 2026-07-16 13:26:27, 1933-10-04, ?, harges01@aol.com, Cordell, M, 1, 0, Harges, 8184362940, 5500000, $5,500,000.00 Mega Cash Prize, CA, new, SHR6YQLVAW, 2026-07-16 13:26:27, 91302), (24947 Lorenzo Ct, Calabasas, 2026-07-16 13:26:27, 1938-05-29, ?, ?, Maya, F, 1, 0, Rumkin, 8182224736, 5500000, $5,500,000.00 Mega Cash Prize, CA, new, EU289KFUSN, 2026-07-16 13:26:27, 91302), (164 Stagecoach Rd, West Hills, 2026-07-16 13:26:27, 1938-05-03, ?, joschaefer164@yahoo.com, Josephine, F, 1, 0, Schaefer, 8183467175, 5500000, $5,500,000.00 Mega Cash Prize, CA, new, LPTTYEEV8D, 2026-07-16 13:26:27, 91307), (22228 Romar St, Chatsworth, 2026-07-16 13:26:27, 1941-07-15, ?, ?, Thomas, M, 1, 0, Souza, 8185219731, 5500000, $5,500,000.00 Mega Cash Prize, CA, new, VDZXGXUVAP, 2026-07-16 13:26:27, 91311), (19714 Septo St, Chatsworth, 2026-07-16 13:26:27, 1941-08-04, ?, ?, Simone, F, 1, 0, Liebman, 8052527296, 5500000, $5,500,000.00 Mega Cash Prize, CA, new, H3H4VYUR65, 2026-07-16 13:26:27, 91311), (17312 Quesan Pl, Encino, 2026-07-16 13:26:27, 1938-12-07, ?, ronespencer@earthlink.net, Marilyn, F, 1, 0, Spencer, 8189056550, 5500000, $5,500,000.00 Mega Cash Prize, CA, new, 2NYMVP4LNA, 2026-07-16 13:26:27, 91316), (25655 Whispering Trees Way, Valencia, 2026-07-16 13:26:27, 1940-06-14, ?, agammert@comcast.net, Adriana, F, 1, 0, Gammert, 8054904354, 5500000, $5,500,000.00 Mega Cash Prize, CA, new, U7DAE8VLVD, 2026-07-16 13:26:27, 91355), (24137 Vista Hills Dr, Valencia, 2026-07-16 13:26:27, 1942-01-31, ?, ?, Patricia, F, 1, 0, Gump, 6617338125, 5500000, $5,500,000.00 Mega Cash Prize, CA, new, DKCYS67SXY, 2026-07-16 13:26:27, 91355), (4241 Gayle Dr, Tarzana, 2026-07-16 13:26:27, 1940-10-21, ?, bstuthill@earthlink.net, Barbara, F, 1, 0, Tuthill, 8189439965, 5500000, $5,500,000.00 Mega Cash Prize, CA, new, 37X797FVRL, 2026-07-16 13:26:27, 91356), (1599 Valley High Ave, Thousand Oaks, 2026-07-16 13:26:27, 1938-02-18, ?, jaypuleo@earthlink.net, Julius, M, 1, 0, Puleo, 8054978972, 5500000, $5,500,000.00 Mega Cash Prize, CA, new, RF4PXAWJBG, 2026-07-16 13:26:27, 91362), (16501 Oldham St, Encino, 2026-07-16 13:26:27, 1938-11-12, ?, ?, Harriet, F, 1, 0, Mass, 8187892850, 5500000, $5,500,000.00 Mega Cash Prize, CA, new, 2XSFYPRYVY, 2026-07-16 13:26:27, 91436), (11960 Lockridge Rd, Studio City, 2026-07-16 13:26:27, 1934-12-27, ?, ?, Beverley, F, 1, 0, Hogan, 8187632423, 5500000, $5,500,000.00 Mega Cash Prize, CA, new, Q6PC7SF4ND, 2026-07-16 13:26:27, 91604), (412 E Miramar Ave, Claremont, 2026-07-16 13:26:27, 1933-07-18, ?, robistraub@earthlink.net, Eileen, F, 1, 0, Robidoux, 9099678070, 5500000, $5,500,000.00 Mega Cash Prize, CA, new, CM3LE9VVAS, 2026-07-16 13:26:27, 91711), (2546 Camino Narciso, Alpine, 2026-07-16 13:26:27, 1939-07-18, ?, ?, Irene, F, 1, 0, Sing, 6199977840, 5500000, $5,500,000.00 Mega Cash Prize, CA, new, RQYCJ8SQMC, 2026-07-16 13:26:27, 91901), (4250 Nabal Dr, La Mesa, 2026-07-16 13:26:27, 1936-03-09, ?, ?, Claire, F, 1, 0, Tremaine, 6196700667, 5500000, $5,500,000.00 Mega Cash Prize, CA, new, 7MB2MPA8FN, 2026-07-16 13:26:27, 91941), (152 Landale Ln, El Cajon, 2026-07-16 13:26:27, 1941-08-01, ?, duchshoe@yahoo.com, Stephen, M, 1, 0, Shoemaker, 6194404075, 5500000, $5,500,000.00 Mega Cash Prize, CA, new, FHKBUXX945, 2026-07-16 13:26:27, 92019), (2135 Coolngreen Way, Encinitas, 2026-07-16 13:26:27, 1938-10-27, ?, ?, Linnie, F, 1, 0, Phelps, 6199427157, 5500000, $5,500,000.00 Mega Cash Prize, CA, new, M9ZNRBAWGS, 2026-07-16 13:26:27, 92024), (1912 Carolton Ln, Fallbrook, 2026-07-16 13:26:27, 1939-02-17, ?, cbroark92@gmail.com, Michael, M, 1, 0, Roark, 7607287950, 5500000, $5,500,000.00 Mega Cash Prize, CA, new, GQAWN8Q8BH, 2026-07-16 13:26:27, 92028), (12917 Camino Del Valle, Poway, 2026-07-16 13:26:27, 1934-12-13, ?, dk.david.kenney@gmail.com, Thomas, M, 1, 0, Kenney, 2134944809, 5500000, $5,500,000.00 Mega Cash Prize, CA, new, 9EMWYA9D8E, 2026-07-16 13:26:27, 92064), (15706 Boulder Mountain Rd, Poway, 2026-07-16 13:26:27, 1941-09-20, ?, ?, Olga, F, 1, 0, Cattolico, 8587330771, 5500000, $5,500,000.00 Mega Cash Prize, CA, new, BAJCV6X2J2, 2026-07-16 13:26:27, 92064), (15214 Eastvale Rd, Poway, 2026-07-16 13:26:27, 1941-04-24, ?, jandv@hotmail.com, Virginia, F, 1, 0, Carrier, 6196066926, 5500000, $5,500,000.00 Mega Cash Prize, CA, new, NREAS5NLWJ, 2026-07-16 13:26:27, 92064), (13272 Hillstar Ln, Valley Center, 2026-07-16 13:26:27, 1941-08-09, ?, lewisvc@cs.com, B Christine, F, 1, 0, Lewis, 2133776832, 5500000, $5,500,000.00 Mega Cash Prize, CA, new, VSX5HUWUXE, 2026-07-16 13:26:27, 92082), (3447 Mercer Ln, San Diego, 2026-07-16 13:26:27, 1935-09-05, ?, ?, Joann, F, 1, 0, Corder, 8584556072, 5500000, $5,500,000.00 Mega Cash Prize, CA, new, P6HNMZLS49, 2026-07-16 13:26:27, 92122), (17835 Sun Walk Ct, San Diego, 2026-07-16 13:26:27, 1932-04-30, ?, maria_jojo93@hotmail.com, Enrique, M, 1, 0, Corrales, 8586736909, 5500000, $5,500,000.00 Mega Cash Prize, CA, new, TRCPB3BT6H, 2026-07-16 13:26:27, 92127), (4482 Ranchgrove Dr, Irvine, 2026-07-16 13:26:27, 1938-10-12, ?, roger.wheeler@charter.net, Roger, M, 1, 0, Wheeler, 7145521929, 5500000, $5,500,000.00 Mega Cash Prize, CA, new, ULUCF7RJ76, 2026-07-16 13:26:27, 92604), (15382 Cherbourg Ave, Irvine, 2026-07-16 13:26:27, 1931-09-13, ?, clarissadadams@gmail.com, Earl, M, 1, 0, Harwell, 9495512543, 5500000, $5,500,000.00 Mega Cash Prize, CA, new, M96TLJFAPU, 2026-07-16 13:26:27, 92604), (4941 Corkwood Ln, Irvine, 2026-07-16 13:26:27, 1936-07-15, ?, jrs.cas@cox.net, John, M, 1, 0, Shumway, 9095109635, 5500000, $5,500,000.00 Mega Cash Prize, CA, new, MY2RXRXB3Z, 2026-07-16 13:26:27, 92612), (42 Hunter, Irvine, 2026-07-16 13:26:27, 1938-12-09, ?, ?, William, M, 1, 0, Dandrea, 7145520460, 5500000, $5,500,000.00 Mega Cash Prize, CA, new, 35PW7BAEPT, 2026-07-16 13:26:27, 92620), (37 Bodega Bay Dr, Corona Dl Mar, 2026-07-16 13:26:27, 1937-07-06, ?, agold77@cox.net, Marilyn, F, 1, 0, Goldstein, 9496447817, 5500000, $5,500,000.00 Mega Cash Prize, CA, new, SJLVHRFTZ6, 2026-07-16 13:26:27, 92625), (40 Mission Bay Dr, Corona Dl Mar, 2026-07-16 13:26:27, 1939-06-23, ?, kris.shah@aol.com, Kris, M, 1, 0, Shah, 9494395087, 5500000, $5,500,000.00 Mega Cash Prize, CA, new, KASLV2FW7Y, 2026-07-16 13:26:27, 92625), (3600 Blue Ky, Corona Dl Mar, 2026-07-16 13:26:27, 1940-02-01, ?, asteuernagel@cox.net, Anneliese, F, 1, 0, Steuernagel, 9496446543, 5500000, $5,500,000.00 Mega Cash Prize, CA, new, 2PYSDEVNXJ, 2026-07-16 13:26:27, 92625), (314 Carnation Ave, Corona Dl Mar, 2026-07-16 13:26:27, 1938-12-03, ?, janicebillings6@gmail.com, Janice, F, 1, 0, Billings, 7146730125, 5500000, $5,500,000.00 Mega Cash Prize, CA, new, N8NRTDSUJP, 2026-07-16 13:26:27, 92625), (319 Marigold Ave, Corona Dl Mar, 2026-07-16 13:26:27, 1940-07-06, ?, gypsygirl92625@yahoo.com, Lucien, M, 1, 0, Mercurio, 9492807354, 5500000, $5,500,000.00 Mega Cash Prize, CA, new, BEUY3WFKB8, 2026-07-16 13:26:27, 92625), (1168 Princess Ct, Costa Mesa, 2026-07-16 13:26:27, 1931-04-01, ?, sfpenlan@gmail.com, Sam, M, 1, 0, Wozniak, 7145568878, 5500000, $5,500,000.00 Mega Cash Prize, CA, new, WJJE6C4PCT, 2026-07-16 13:26:27, 92626), (3063 Madeira Ave, Costa Mesa, 2026-07-16 13:26:27, 1935-12-01, ?, mike.mcniff@gmail.com, Michael, M, 1, 0, Mcniff, 7146314451, 5500000, $5,500,000.00 Mega Cash Prize, CA, new, NPUCTDRTV3, 2026-07-16 13:26:27, 92626), (33182 Santiago Dr, Dana Point, 2026-07-16 13:26:27, 1941-07-15, ?, ?, Marylinda, F, 1, 0, Odonnell, 9494877958, 5500000, $5,500,000.00 Mega Cash Prize, CA, new, GULBLM5BKU, 2026-07-16 13:26:27, 92629), (22112 Pheasant St, Lake Forest, 2026-07-16 13:26:27, 1959-03-20, ?, mikekscott@msn.com, Michael, M, 1, 0, Scott, 9096094139, 5500000, $5,500,000.00 Mega Cash Prize, CA, new, VA3RGVAN48, 2026-07-16 13:26:27, 92630), (2437 Monaco Dr, Laguna Beach, 2026-07-16 13:26:27, 1943-01-26, ?, ysonenshine@gmail.com, Ygal, M, 1, 0, Sonenshine, 9498877720, 5500000, $5,500,000.00 Mega Cash Prize, CA, new, P7EF72QKK3, 2026-07-16 13:26:27, 92651), (14 N Stonington Rd, Laguna Beach, 2026-07-16 13:26:27, 1939-10-01, ?, ?, Linda, F, 1, 0, Zech, 9494995248, 5500000, $5,500,000.00 Mega Cash Prize, CA, new, F4YZGBSWQD, 2026-07-16 13:26:27, 92651), (15 Scrub Oak, Aliso Viejo, 2026-07-16 13:26:27, 1939-07-11, ?, jeep812@yahoo.com, Jorge, M, 1, 0, Reyes, 7143604132, 5500000, $5,500,000.00 Mega Cash Prize, CA, new, XVYBFFJV64, 2026-07-16 13:26:27, 92656), (7 Gatewood Dr, Aliso Viejo, 2026-07-16 13:26:27, 1935-06-29, ?, iyf_min@hotmail.com, Kenneth, M, 1, 0, Neeley, 9499396555, 5500000, $5,500,000.00 Mega Cash Prize, CA, new, RT76QE6S46, 2026-07-16 13:26:27, 92656), (1606 Kent Ln, Newport Beach, 2026-07-16 13:26:27, 1931-12-18, ?, cvcboats@att.net, Janet, F, 1, 0, Mcaleer, 9496466322, 5500000, $5,500,000.00 Mega Cash Prize, CA, new, JAYL7RU2MJ, 2026-07-16 13:26:27, 92660), (1983 Port Seabourne Way, Newport Beach, 2026-07-16 13:26:27, 1936-09-30, ?, robert.bise@gmail.com, Robert, M, 1, 0, Bise, 9496448941, 5500000, $5,500,000.00 Mega Cash Prize, CA, new, LC2KN8VNCM, 2026-07-16 13:26:27, 92660), (2 Turnberry Dr, Newport Beach, 2026-07-16 13:26:27, 1942-04-10, ?, ilenespear@cox.net, Ilene, F, 1, 0, Spear, 7147590303, 5500000, $5,500,000.00 Mega Cash Prize, CA, new, 4P3N2WM4KY, 2026-07-16 13:26:27, 92660), (325 Via Lido Soud, Newport Beach, 2026-07-16 13:26:27, 1941-08-25, ?, ?, Aj, M, 1, 0, Uniack, 9496736803, 5500000, $5,500,000.00 Mega Cash Prize, CA, new, G257DAUCTU, 2026-07-16 13:26:27, 92663), (128 Via Havre, Newport Beach, 2026-07-16 13:26:27, 1936-02-29, ?, ?, Eleanor, F, 1, 0, Yates, 7146733557, 5500000, $5,500,000.00 Mega Cash Prize, CA, new, DN5AD7Z96E, 2026-07-16 13:26:27, 92663), (4708 Aqua Del Caballete, San Clemente, 2026-07-16 13:26:27, 1936-07-12, ?, ?, Leona, F, 1, 0, Mueller, 6198940962, 5500000, $5,500,000.00 Mega Cash Prize, CA, new, WU2R4VWD6K, 2026-07-16 13:26:27, 92673), (30173 Hillside Ter, San Juan Capo, 2026-07-16 13:26:27, 1946-05-21, ?, thomas.barrett@address.com, Thomas, M, 1, 0, Barrett, 9494966858, 5500000, $5,500,000.00 Mega Cash Prize, CA, new, UMS9V2B94E, 2026-07-16 13:26:27, 92675), (8 Westchester Ct, Trabuco Cyn, 2026-07-16 13:26:27, 1941-08-02, ?, skgentzler@gmail.com, Stanley, M, 1, 0, Gentzler, 9098449932, 5500000, $5,500,000.00 Mega Cash Prize, CA, new, YBCD7RPWPD, 2026-07-16 13:26:27, 92679), (24561 Spartan St, Mission Viejo, 2026-07-16 13:26:27, 1943-01-26, ?, carjdc@msn.com, Francois, M, 1, 0, Marechal, 7143809870, 5500000, $5,500,000.00 Mega Cash Prize, CA, new, C52HS2QG4F, 2026-07-16 13:26:27, 92691), (26852 Via Zaragosa, Mission Viejo, 2026-07-16 13:26:27, 1949-02-14, ?, bobmarilynsigler@aol.com, Robert, M, 1, 0, Sigler, 7147689376, 5500000, $5,500,000.00 Mega Cash Prize, CA, new, LWC7HMCNAT, 2026-07-16 13:26:27, 92691), (1742 Lemon Heights Dr, Santa Ana, 2026-07-16 13:26:27, 1937-09-06, ?, gkaramardian@aol.com, Garbis, M, 1, 0, Karamardian, 7147309836, 5500000, $5,500,000.00 Mega Cash Prize, CA, new, TBJKZ7AC7L, 2026-07-16 13:26:27, 92705), (11061 Hunting Horn Dr, Santa Ana, 2026-07-16 13:26:27, 1952-06-05, ?, normaowen@cox.net, Norma, F, 1, 0, Owen, 7145445687, 5500000, $5,500,000.00 Mega Cash Prize, CA, new, MSC2U3ERKV, 2026-07-16 13:26:27, 92705), (17835 San Clemente St, Fountain Vly, 2026-07-16 13:26:27, 1946-03-14, ?, ?, Stephen, M, 1, 0, Harvey, 7149632658, 5500000, $5,500,000.00 Mega Cash Prize, CA, new, ZFXWD8MLZ8, 2026-07-16 13:26:27, 92708), (1035 S Explorer Way, Anaheim, 2026-07-16 13:26:27, 1945-09-30, ?, bngcoop2th@aol.com, Gale, M, 1, 0, Cooper, 7142817654, 5500000, $5,500,000.00 Mega Cash Prize, CA, new, XMZHBPNX4S, 2026-07-16 13:26:27, 92808), (9492 Brynmar Dr, Villa Park, 2026-07-16 13:26:27, 1938-07-01, ?, hanoverjoe@aol.com, Joseph, M, 1, 0, Ropel, 7149980075, 5500000, $5,500,000.00 Mega Cash Prize, CA, new, 6KXZUPZLTW, 2026-07-16 13:26:27, 92861), (5212 E Gabrielle Ln, Orange, 2026-07-16 13:26:27, 1941-09-10, ?, eileenstutz@gmail.com, Eileen, F, 1, 0, Stutz, 7143810054, 5500000, $5,500,000.00 Mega Cash Prize, CA, new, LHJ9YR2FEJ, 2026-07-16 13:26:27, 92867), (1702 Spahn Ln, Placentia, 2026-07-16 13:26:27, 1944-09-22, ?, teraannefreese@yahoo.com, Stanford, M, 1, 0, Freese, 7148131374, 5500000, $5,500,000.00 Mega Cash Prize, CA, new, PM8TEFK4CQ, 2026-07-16 13:26:27, 92870), (18905 Sunny Slope, Yorba Linda, 2026-07-16 13:26:27, 1946-07-20, ?, cboznanski@gmail.com, Linda, F, 1, 0, Boznanski, 9519708692, 5500000, $5,500,000.00 Mega Cash Prize, CA, new, Y9P5D522E2, 2026-07-16 13:26:27, 92886), (3853 Breton Ln, Yorba Linda, 2026-07-16 13:26:27, 1937-11-04, ?, ?, Frances, F, 1, 0, Sigler, 7147791397, 5500000, $5,500,000.00 Mega Cash Prize, CA, new, 4RMDBVZUPY, 2026-07-16 13:26:27, 92886), (1225 Via Aracena, Camarillo, 2026-07-16 13:26:27, 1940-10-01, ?, ?, Ricardo, M, 1, 0, Dominguez, 8053831395, 5500000, $5,500,000.00 Mega Cash Prize, CA, new, LA8WB38NLZ, 2026-07-16 13:26:27, 93010), (1696 Shepard Mesa Ln, Carpinteria, 2026-07-16 13:26:27, 1936-10-02, ?, ?, Michael, M, 1, 0, Cleary, 8057943045, 5500000, $5,500,000.00 Mega Cash Prize, CA, new, NC8NLUCPN2, 2026-07-16 13:26:27, 93013), (742 Alameda Padre Serra, Santa Barbara, 2026-07-16 13:26:27, 1937-08-15, ?, bmgarza@msn.com, Mary, F, 1, 0, Garza, 8059639847, 5500000, $5,500,000.00 Mega Cash Prize, CA, new, W57AE3GG7H, 2026-07-16 13:26:27, 93103), (2441 Foothill Ln, Santa Barbara, 2026-07-16 13:26:27, 1940-08-30, ?, stettner.joann@gmail.com, Roger, M, 1, 0, Stettner, 8053311006, 5500000, $5,500,000.00 Mega Cash Prize, CA, new, M9AVDWS4XM, 2026-07-16 13:26:27, 93105), (1365 Burton Dr, Cambria, 2026-07-16 13:26:27, 1942-11-15, ?, charlottegoforth@att.net, Charlotte, F, 1, 0, Goforth, 8059275132, 5500000, $5,500,000.00 Mega Cash Prize, CA, new, SMN8FZCT8A, 2026-07-16 13:26:27, 93428), (9110 Windmill Rd, Paso Robles, 2026-07-16 13:26:27, 1938-01-01, ?, ?, Nancy, F, 1, 0, Oconnell, 8052276188, 5500000, $5,500,000.00 Mega Cash Prize, CA, new, N2JAQ7Z6F9, 2026-07-16 13:26:27, 93446), (18885 Heritage Ct, Salinas, 2026-07-16 13:26:27, 1941-03-15, ?, ?, Ronald, M, 1, 0, Taylor, 4084558515, 5500000, $5,500,000.00 Mega Cash Prize, CA, new, 33L6DK82YG, 2026-07-16 13:26:27, 93908), (19525 Redding Dr, Salinas, 2026-07-16 13:26:27, 1942-03-09, ?, ?, William, M, 1, 0, Scott, 8314552842, 5500000, $5,500,000.00 Mega Cash Prize, CA, new, F5H3WAEMZT, 2026-07-16 13:26:27, 93908), (3316 Haskins Dr, Belmont, 2026-07-16 13:26:27, 1941-07-07, ?, ?, Michael, M, 1, 0, Naughton, 6505938686, 5500000, $5,500,000.00 Mega Cash Prize, CA, new, DZG5L2F6Z6, 2026-07-16 13:26:27, 94002)) {"exception":"[object] (Illuminate\\Database\\QueryException(code: 0): Array to string conversion (Connection: mysql, SQL: insert into `winners` (`address`, `city`, `created_at`, `date_of_birth`, `demographics`, `email`, `first_name`, `gender`, `is_active`, `is_claimed`, `last_name`, `phone`, `prize_amount`, `prize_description`, `state`, `status`, `unique_code`, `updated_at`, `zip`) values (5 Billingsgate, Avon, 2026-07-16 13:26:27, 1940-10-04, ?, johnscanlan@netzero.net, John, M, 1, 0, Scanlan, 8606757195, 5500000, $5,500,000.00 Mega Cash Prize, CT, new, Y9LEFZ4EH9, 2026-07-16 13:26:27, 6001), (13 Fairview Dr, Farmington, 2026-07-16 13:26:27, 1941-05-19, ?, ?, Mary, F, 1, 0, Sheehan, 8606774154, 5500000, $5,500,000.00 Mega Cash Prize, CT, new, 22JE4HW89P, 2026-07-16 13:26:27, 6032), (61 Pinnacle Rd, Farmington, 2026-07-16 13:26:27, 1932-02-27, ?, ctbliss123@aol.com, John, M, 1, 0, Kokinis, 2035005895, 5500000, $5,500,000.00 Mega Cash Prize, CT, new, NATGFADLCW, 2026-07-16 13:26:27, 6032), (20 Sycamore Rd, West Hartford, 2026-07-16 13:26:27, 1942-01-11, ?, kevindaly8985@aol.com, Mary, F, 1, 0, Garrity, 8602338985, 5500000, $5,500,000.00 Mega Cash Prize, CT, new, BBGM4BBC8E, 2026-07-16 13:26:27, 6117), (289 Vineyard Point Rd, Guilford, 2026-07-16 13:26:27, 1937-11-11, ?, jmhaversat@comcast.net, Joan, F, 1, 0, Haversat, 2039886706, 5500000, $5,500,000.00 Mega Cash Prize, CT, new, H48XMZRPHA, 2026-07-16 13:26:27, 6437), (46 Five Fields Rd, Madison, 2026-07-16 13:26:27, 1932-08-10, ?, cthompsonferreira@hotmail.com, Ruth, F, 1, 0, Thompson, 2032454985, 5500000, $5,500,000.00 Mega Cash Prize, CT, new, YHVFY4UJ4J, 2026-07-16 13:26:27, 6443), (45 Market Pl, Milford, 2026-07-16 13:26:27, 1934-06-12, ?, ?, Joseph, M, 1, 0, Novara, 2032534124, 5500000, $5,500,000.00 Mega Cash Prize, CT, new, XVPJ6FMDNM, 2026-07-16 13:26:27, 6460), (2 White Birch Dr, New Fairfield, 2026-07-16 13:26:27, 1942-10-01, ?, ?, Richard, M, 1, 0, Uomoleale, 2037460451, 5500000, $5,500,000.00 Mega Cash Prize, CT, new, F9P22QJDK4, 2026-07-16 13:26:27, 6812), (4 Halter Ln, Darien, 2026-07-16 13:26:27, 1942-07-01, ?, christopher.carnes@yahoo.com, Deborah, F, 1, 0, Carnes, 2036561708, 5500000, $5,500,000.00 Mega Cash Prize, CT, new, NYRGEFWHEB, 2026-07-16 13:26:27, 6820), (137 Pheasant Ln, Fairfield, 2026-07-16 13:26:27, 1939-05-06, ?, greenspan@juno.com, Marshall, M, 1, 0, Greenspan, 2032552369, 5500000, $5,500,000.00 Mega Cash Prize, CT, new, CHKU5UY2UF, 2026-07-16 13:26:27, 6824), (6 Stonehedge Dr S, Greenwich, 2026-07-16 13:26:27, 1939-10-23, ?, jeanne.littas@yahoo.com, Jeanne, F, 1, 0, Littas, 2035311984, 5500000, $5,500,000.00 Mega Cash Prize, CT, new, GYQ75RHH5D, 2026-07-16 13:26:27, 6831), (2 Finch Ct, Norwalk, 2026-07-16 13:26:27, 1956-03-15, ?, csperry56@yahoo.com, Craig, M, 1, 0, Perry, 2039810192, 5500000, $5,500,000.00 Mega Cash Prize, CT, new, GLHMD3L2SZ, 2026-07-16 13:26:27, 6854), (5 W Parish Rd, Westport, 2026-07-16 13:26:27, 1940-09-13, ?, aladtice71@gmail.com, Frank, M, 1, 0, Hall, 2032217936, 5500000, $5,500,000.00 Mega Cash Prize, CT, new, 4K2G5VQHDD, 2026-07-16 13:26:27, 6880), (1194 Westover Rd, Stamford, 2026-07-16 13:26:27, 1931-03-29, ?, ?, James, M, 1, 0, Popper, 2033253089, 5500000, $5,500,000.00 Mega Cash Prize, CT, new, QC7QLKWN8P, 2026-07-16 13:26:27, 6902), (1723 Gunning Dr, Wilmington, 2026-07-16 13:26:27, 1933-01-01, ?, hatzis@juno.com, Thomas, M, 1, 0, Hatzis, 3027642223, 5500000, $5,500,000.00 Mega Cash Prize, DE, new, Z5H3CVNJN8, 2026-07-16 13:26:27, 19803), (8 Shanlyn Dr, Wilmington, 2026-07-16 13:26:27, 1941-02-09, ?, ?, Brigitte, F, 1, 0, Green, 3029810088, 5500000, $5,500,000.00 Mega Cash Prize, DE, new, 4XJ4VQP2JR, 2026-07-16 13:26:27, 19807), (122 Greenspring Rd, Wilmington, 2026-07-16 13:26:27, 1940-12-03, ?, ?, Willem, M, 1, 0, Hoogerbrugge, 3027773257, 5500000, $5,500,000.00 Mega Cash Prize, DE, new, H43GPEPFKK, 2026-07-16 13:26:27, 19807), (2138 Cathedral Ave NW, Washington, 2026-07-16 13:26:27, 1934-06-17, ?, ?, Robert, M, 1, 0, Dallek, 2025888963, 5500000, $5,500,000.00 Mega Cash Prize, DC, new, TS72TKUAW6, 2026-07-16 13:26:27, 20008), (4915 Massachusetts Ave NW, Washington, 2026-07-16 13:26:27, 1941-09-02, ?, housofpayne@aol.com, Camilla, F, 1, 0, Mccaslin, 2028413414, 5500000, $5,500,000.00 Mega Cash Prize, DC, new, E87P8Y2MD5, 2026-07-16 13:26:27, 20016), (4528 Davenport St NW, Washington, 2026-07-16 13:26:27, 1942-12-01, ?, apraizor@aol.com, James, M, 1, 0, Clear, 2027445095, 5500000, $5,500,000.00 Mega Cash Prize, DC, new, THEKS29K58, 2026-07-16 13:26:27, 20016), (4312 Westover Pl NW, Washington, 2026-07-16 13:26:27, 1934-10-01, ?, gaitherag@aol.com, Rowan, M, 1, 0, Gaither, 4014231441, 5500000, $5,500,000.00 Mega Cash Prize, DC, new, VURRGCW6WK, 2026-07-16 13:26:27, 20016), (95078 Reserve Ct, Fern Bch, 2026-07-16 13:26:27, 1942-07-21, ?, llonakm@aol.com, Llona, F, 1, 0, Meaux, 9043212510, 5500000, $5,500,000.00 Mega Cash Prize, FL, new, Y3VCDNPSL2, 2026-07-16 13:26:27, 32034), (4776 Amelia Island Pkwy, Fern Bch, 2026-07-16 13:26:27, 1940-04-26, ?, sandbum@bellsouth.net, Patricia, F, 1, 0, Craddock, 9043473938, 5500000, $5,500,000.00 Mega Cash Prize, FL, new, AQX5MSFQLE, 2026-07-16 13:26:27, 32034), (600 Ponte Vedra Blvd, Ponte Vedra, 2026-07-16 13:26:27, 1938-08-17, ?, ?, Patricia, F, 1, 0, Matsalla, 9042738782, 5500000, $5,500,000.00 Mega Cash Prize, FL, new, 6HAKTSKNG9, 2026-07-16 13:26:27, 32082), (125 Via Capri, New Smyrna, 2026-07-16 13:26:27, 1933-06-21, ?, joan.kulick@sbcglobal.net, Joan, F, 1, 0, Kulick, 9044289348, 5500000, $5,500,000.00 Mega Cash Prize, FL, new, MUP7L97B7X, 2026-07-16 13:26:27, 32169), (841 Shipwatch Dr E, Jacksonville, 2026-07-16 13:26:27, 1934-04-30, ?, ?, Ralph, M, 1, 0, Pounds, 9042202895, 5500000, $5,500,000.00 Mega Cash Prize, FL, new, 9E873N4RGD, 2026-07-16 13:26:27, 32225), (9921 Margate Hills Rd, Jacksonville, 2026-07-16 13:26:27, 1939-08-14, ?, mbamob@yahoo.com, Carmen, F, 1, 0, Schodowski, 9042339622, 5500000, $5,500,000.00 Mega Cash Prize, FL, new, NUAUS424J3, 2026-07-16 13:26:27, 32256), (2809 Forest Cir, Jacksonville, 2026-07-16 13:26:27, 1936-10-25, ?, missyjoan@gmail.com, Joan, F, 1, 0, Selander, 9043335893, 5500000, $5,500,000.00 Mega Cash Prize, FL, new, MXGVH98EQG, 2026-07-16 13:26:27, 32257), (909 Timberlane Rd, Tallahassee, 2026-07-16 13:26:27, 1943-05-01, ?, stubbsxyz@gmail.com, Ronald, M, 1, 0, Stubbs, 8503217892, 5500000, $5,500,000.00 Mega Cash Prize, FL, new, XVJ8TV9Z3X, 2026-07-16 13:26:27, 32312), (3280 Burnt Pine Ln, Miramar Beach, 2026-07-16 13:26:27, 1941-05-28, ?, ?, Catherine, F, 1, 0, Gibson, 8509741442, 5500000, $5,500,000.00 Mega Cash Prize, FL, new, E7CB5SHP8G, 2026-07-16 13:26:27, 32550), (1017 Lake Way Dr, Niceville, 2026-07-16 13:26:27, 1937-09-05, ?, neets2336@aol.com, Rosanna, F, 1, 0, Steen, 8507298944, 5500000, $5,500,000.00 Mega Cash Prize, FL, new, WN2HUB3R6C, 2026-07-16 13:26:27, 32578), (1511 Club Dr, Vero Beach, 2026-07-16 13:26:27, 1940-01-30, ?, ?, Birgitta, F, 1, 0, Byers, 5612311083, 5500000, $5,500,000.00 Mega Cash Prize, FL, new, E2XKBPHAFH, 2026-07-16 13:26:27, 32963), (13920 Leaning Pine Dr, Hialeah, 2026-07-16 13:26:27, 1934-02-04, ?, ?, Carol, F, 1, 0, Coy, 3055584249, 5500000, $5,500,000.00 Mega Cash Prize, FL, new, BQRMGAW5T7, 2026-07-16 13:26:27, 33014), (1040 Adams Dr, Key Largo, 2026-07-16 13:26:27, 1940-06-17, ?, snoweykat@msn.com, Robert, M, 1, 0, Snow, 3052400047, 5500000, $5,500,000.00 Mega Cash Prize, FL, new, FPEUH53QAZ, 2026-07-16 13:26:27, 33037), (3921 NE 26th Ave, Lighthouse Pt, 2026-07-16 13:26:27, 1934-03-14, ?, werner.fuchs@aol.com, Werner, M, 1, 0, Fuchs, 9545608536, 5500000, $5,500,000.00 Mega Cash Prize, FL, new, 9EXQTB4522, 2026-07-16 13:26:27, 33064), (1900 Preston Trl, Coral Springs, 2026-07-16 13:26:27, 1945-04-06, ?, joycelap@gmail.com, Joyce, F, 1, 0, Lapointe, 7547028841, 5500000, $5,500,000.00 Mega Cash Prize, FL, new, 3VYJDXT2S7, 2026-07-16 13:26:27, 33071), (6413 NW 102nd Ter, Pompano Beach, 2026-07-16 13:26:27, 1938-01-13, ?, ?, Connie, F, 1, 0, Francis, 9544719556, 5500000, $5,500,000.00 Mega Cash Prize, FL, new, L72JFUJ9UK, 2026-07-16 13:26:27, 33076), (7150 Long Leaf Dr, Pompano Beach, 2026-07-16 13:26:27, 1937-04-12, ?, gmaslillypad@gmail.com, Patricia, F, 1, 0, Greer, 7162763449, 5500000, $5,500,000.00 Mega Cash Prize, FL, new, U3HKHD8SJD, 2026-07-16 13:26:27, 33076), (345 NE 85th St, Miami, 2026-07-16 13:26:27, 1939-08-05, ?, ?, Gary, M, 1, 0, Davis, 3059266883, 5500000, $5,500,000.00 Mega Cash Prize, FL, new, RGPMBTXZFW, 2026-07-16 13:26:27, 33138), (6000 Alton Rd, Miami Beach, 2026-07-16 13:26:27, 1938-07-02, ?, ansteadfarms@yahoo.com, Michael, M, 1, 0, Simkowitz, 3058654871, 5500000, $5,500,000.00 Mega Cash Prize, FL, new, GERK884APU, 2026-07-16 13:26:27, 33140), (1855 Daytonia Rd, Miami Beach, 2026-07-16 13:26:27, 1936-03-03, ?, norland8823@yahoo.com, Albert, M, 1, 0, Lusky, 6194164855, 5500000, $5,500,000.00 Mega Cash Prize, FL, new, 9MTCZWG7Y9, 2026-07-16 13:26:27, 33141), (285 Hampton Ln, Key Biscayne, 2026-07-16 13:26:27, 1938-09-12, ?, ?, Gloria, F, 1, 0, Izaguirre, 3059790493, 5500000, $5,500,000.00 Mega Cash Prize, FL, new, CHGZRQHZQL, 2026-07-16 13:26:27, 33149), (41 Indian Creek Island Rd, Ind Crk Vlg, 2026-07-16 13:26:27, 1934-10-05, ?, ?, Martin, M, 1, 0, Silver, 6012127565, 5500000, $5,500,000.00 Mega Cash Prize, FL, new, 9NKV54L42N, 2026-07-16 13:26:27, 33154), (9764 SW 110th St, Miami, 2026-07-16 13:26:27, 1935-03-04, ?, richardsherin@gmail.com, Brigitta, F, 1, 0, Sherin, 3055429974, 5500000, $5,500,000.00 Mega Cash Prize, FL, new, 5DW3L7HJE5, 2026-07-16 13:26:27, 33176), (20155 NE 38th Ct, Miami, 2026-07-16 13:26:27, 1939-05-04, ?, ?, Michael, M, 1, 0, Weisser, 3059314488, 5500000, $5,500,000.00 Mega Cash Prize, FL, new, EG4GVJE9S9, 2026-07-16 13:26:27, 33180), (3321 NE 16th Pl, Ft Lauderdale, 2026-07-16 13:26:27, 1935-10-10, ?, ?, Margaret, F, 1, 0, Raybin, 3055652616, 5500000, $5,500,000.00 Mega Cash Prize, FL, new, RJ7C4CCWVN, 2026-07-16 13:26:27, 33305), (5901 SW 196th Ln, Ft Lauderdale, 2026-07-16 13:26:27, 1942-07-07, ?, macfarlanekenneth@yahoo.com, Kenneth, M, 1, 0, Macfarlane, 9546808201, 5500000, $5,500,000.00 Mega Cash Prize, FL, new, DG668KZUQZ, 2026-07-16 13:26:27, 33332), (12805 Packwood Rd, N Palm Beach, 2026-07-16 13:26:27, 1946-04-18, ?, ?, Donald, M, 1, 0, Cole, 9546583716, 5500000, $5,500,000.00 Mega Cash Prize, FL, new, ATE9MTR28B, 2026-07-16 13:26:27, 33408), (7931 Villa Nova Dr, Boca Raton, 2026-07-16 13:26:27, 1937-07-30, ?, frankiecaps@att.net, Frederic, M, 1, 0, Cohen, 5612893906, 5500000, $5,500,000.00 Mega Cash Prize, FL, new, XDCNQ7LYZA, 2026-07-16 13:26:27, 33433), (7994 SE Hempstead Cir, Hobe Sound, 2026-07-16 13:26:27, 1940-06-19, ?, ?, Phyllis, F, 1, 0, Cartelli, 9049095753, 5500000, $5,500,000.00 Mega Cash Prize, FL, new, FF5TG8GFC4, 2026-07-16 13:26:27, 33455), (18948 SE Windward Island Ln, Jupiter, 2026-07-16 13:26:27, 1936-09-09, ?, gaudu2@aol.com, Joseph, M, 1, 0, Gaudet, 5613736912, 5500000, $5,500,000.00 Mega Cash Prize, FL, new, WDQTQL63N3, 2026-07-16 13:26:27, 33458), (6371 Cortona St, Lake Worth, 2026-07-16 13:26:27, 1939-09-12, ?, sydneybudd@gmail.com, Sydney, M, 1, 0, Budd, 5613715511, 5500000, $5,500,000.00 Mega Cash Prize, FL, new, A453J4M5GN, 2026-07-16 13:26:27, 33467), (8264 Abalone Point Blvd, Lake Worth, 2026-07-16 13:26:27, 1939-05-29, ?, ?, Warren, M, 1, 0, Kornfeld, 5619651106, 5500000, $5,500,000.00 Mega Cash Prize, FL, new, JDBCD77PXE, 2026-07-16 13:26:27, 33467), (6522 Milani St, Lake Worth, 2026-07-16 13:26:27, 1939-05-02, ?, ?, Stanley, M, 1, 0, Rosenberg, 5619635748, 5500000, $5,500,000.00 Mega Cash Prize, FL, new, 7NNLSPA576, 2026-07-16 13:26:27, 33467), (10235 Sandy Run  Rd, Jupiter, 2026-07-16 13:26:27, 1941-08-20, ?, john.aull@yahoo.com, John, M, 1, 0, Aull, 5617446551, 5500000, $5,500,000.00 Mega Cash Prize, FL, new, UZ2TSFFSCE, 2026-07-16 13:26:27, 33478), (200 El Vedado Rd, Palm Beach, 2026-07-16 13:26:27, 1941-08-20, ?, atapert1@gmail.com, Joseph, M, 1, 0, Allen, 6462480594, 5500000, $5,500,000.00 Mega Cash Prize, FL, new, QRPZTFAVAM, 2026-07-16 13:26:27, 33480), (5740 Bridleway Cir, Boca Raton, 2026-07-16 13:26:27, 1934-05-18, ?, ?, Don, M, 1, 0, Kirshner, 2013033150, 5500000, $5,500,000.00 Mega Cash Prize, FL, new, EGFEDSNZAM, 2026-07-16 13:26:27, 33496), (19902 Dolores Ann Ct, Lutz, 2026-07-16 13:26:27, 1940-07-21, ?, dotsalo@gmail.com, William, M, 1, 0, Salo, 8139098102, 5500000, $5,500,000.00 Mega Cash Prize, FL, new, AHF54MYZP3, 2026-07-16 13:26:27, 33549), (3419 W Lykes Ave, Tampa, 2026-07-16 13:26:27, 1941-11-13, ?, con.detrick@gmail.com, Constance, F, 1, 0, Detrick, 8135081600, 5500000, $5,500,000.00 Mega Cash Prize, FL, new, YYD779LZQE, 2026-07-16 13:26:27, 33609), (4515 W Brookwood Dr, Tampa, 2026-07-16 13:26:27, 1946-09-08, ?, molly.crews13@gmail.com, Mary, F, 1, 0, Crews, 8135037771, 5500000, $5,500,000.00 Mega Cash Prize, FL, new, 2Q9EDAHLJX, 2026-07-16 13:26:27, 33629), (7363 Hubert St, Seminole, 2026-07-16 13:26:27, 1934-06-15, ?, joansapp@gmail.com, Joan, F, 1, 0, Sapp, 7273662162, 5500000, $5,500,000.00 Mega Cash Prize, FL, new, 4X6PU2FCEZ, 2026-07-16 13:26:27, 33776), (5519 Scott View Ln, Lakeland, 2026-07-16 13:26:27, 1934-08-13, ?, nancysroth@verizon.net, Nancy, F, 1, 0, Roth, 8636600152, 5500000, $5,500,000.00 Mega Cash Prize, FL, new, 7EBCWMLVUK, 2026-07-16 13:26:27, 33813), (5300 SW 11th Pl, Cape Coral, 2026-07-16 13:26:27, 1934-01-23, ?, ?, Marilyn, F, 1, 0, Shaw, 2395491799, 5500000, $5,500,000.00 Mega Cash Prize, FL, new, S2ZKVRMKK5, 2026-07-16 13:26:27, 33914), (1415 SW 54th Ter, Cape Coral, 2026-07-16 13:26:27, 1936-11-10, ?, mstreden@aol.com, John, M, 1, 0, Mester, 2396411126, 5500000, $5,500,000.00 Mega Cash Prize, FL, new, GAJTRT63XG, 2026-07-16 13:26:27, 33914), (545 11th Ave S, Naples, 2026-07-16 13:26:27, 1935-09-07, ?, e.ursolum@gmail.com, Thomas, M, 1, 0, Walsh, 2394351729, 5500000, $5,500,000.00 Mega Cash Prize, FL, new, K8Z356GFXC, 2026-07-16 13:26:27, 34102), (4301 Gulf Shore Blvd N, Naples, 2026-07-16 13:26:27, 1936-10-05, ?, ljkspider@juno.com, Fred, M, 1, 0, Klaucke, 2395374271, 5500000, $5,500,000.00 Mega Cash Prize, FL, new, JSTMU8EKFH, 2026-07-16 13:26:27, 34103), (8275 Valiant Dr, Naples, 2026-07-16 13:26:27, 1946-10-29, ?, dyannkutob@aol.com, Dyann, F, 1, 0, Kutob, 2397340270, 5500000, $5,500,000.00 Mega Cash Prize, FL, new, PQYV6ZXTU7, 2026-07-16 13:26:27, 34104), (12254 Colliers Reserve Dr, Naples, 2026-07-16 13:26:27, 1936-08-18, ?, webben22@gmail.com, Diane, F, 1, 0, Ebben, 2393708649, 5500000, $5,500,000.00 Mega Cash Prize, FL, new, PKW9G26W7E, 2026-07-16 13:26:27, 34110), (65 Anchor Ct, Marco Island, 2026-07-16 13:26:27, 1949-05-13, ?, ?, Joan, F, 1, 0, Kepford, 2393932275, 5500000, $5,500,000.00 Mega Cash Prize, FL, new, 7FKUXST6VF, 2026-07-16 13:26:27, 34145), (1291 Mimosa Ct, Marco Island, 2026-07-16 13:26:27, 1937-04-18, ?, zymros@aol.com, Patricia, F, 1, 0, Zymros, 2398218326, 5500000, $5,500,000.00 Mega Cash Prize, FL, new, 5TXY2G2XBL, 2026-07-16 13:26:27, 34145), (3098 Charles Macdonald Dr, Sarasota, 2026-07-16 13:26:27, 1942-07-10, ?, geneandsueshiring@comcast.net, Susan, F, 1, 0, Shiring, 9414572712, 5500000, $5,500,000.00 Mega Cash Prize, FL, new, MXT8GDRAUJ, 2026-07-16 13:26:27, 34240), (9566 SW 194th Cir, Dunnellon, 2026-07-16 13:26:27, 1940-11-13, ?, ?, Joyce, F, 1, 0, Harris, 3526502467, 5500000, $5,500,000.00 Mega Cash Prize, FL, new, UEXEPUH3KF, 2026-07-16 13:26:27, 34432), (5103 Jasmine Way, Palm Harbor, 2026-07-16 13:26:27, 1935-08-17, ?, ?, Samuel, M, 1, 0, Chau, 7279378447, 5500000, $5,500,000.00 Mega Cash Prize, FL, new, C266NY6PMU, 2026-07-16 13:26:27, 34685), (2641 SE Dune Dr, Stuart, 2026-07-16 13:26:27, 1941-04-25, ?, bedelcup@aol.com, Melinda, F, 1, 0, Edelcup, 5612254950, 5500000, $5,500,000.00 Mega Cash Prize, FL, new, RG3LM72PBT, 2026-07-16 13:26:27, 34996), (6 N Via Lucindia, Stuart, 2026-07-16 13:26:27, 1935-09-24, ?, mirtavr@hotmail.com, Harold, M, 1, 0, Price, 7722850468, 5500000, $5,500,000.00 Mega Cash Prize, FL, new, 73DU7YLQHU, 2026-07-16 13:26:27, 34996), (2928 Redmont Park Ln, Birmingham, 2026-07-16 13:26:27, 1933-04-22, ?, ?, Kathleen, F, 1, 0, Pilleteri, 8502311668, 5500000, $5,500,000.00 Mega Cash Prize, AL, new, YRKKTASM5N, 2026-07-16 13:26:27, 35205), (1094 Greystone Crst, Birmingham, 2026-07-16 13:26:27, 1938-12-16, ?, ?, Harold, M, 1, 0, Ripps, 2054012988, 5500000, $5,500,000.00 Mega Cash Prize, AL, new, CX529VYSCH, 2026-07-16 13:26:27, 35242), (2131 Allendale Rd, Montgomery, 2026-07-16 13:26:27, 1932-03-03, ?, ?, Robert, M, 1, 0, Cole, 3342650615, 5500000, $5,500,000.00 Mega Cash Prize, AL, new, ATBD4X4WZ9, 2026-07-16 13:26:27, 36111), (32165 River Rd, Orange Beach, 2026-07-16 13:26:27, 1931-11-02, ?, waynecockrell@twcny.rr.com, Wayne, M, 1, 0, Cockrell, 2515508387, 5500000, $5,500,000.00 Mega Cash Prize, AL, new, ZGGBTYHPJJ, 2026-07-16 13:26:27, 36561), (216 Northridge Dr, Van Buren, 2026-07-16 13:26:27, 1932-02-25, ?, dprzenio@juno.com, Roland, M, 1, 0, Warman, 4794744259, 5500000, $5,500,000.00 Mega Cash Prize, AR, new, 8NY2KG8RRJ, 2026-07-16 13:26:27, 72956), (5296 S Fraser St, Aurora, 2026-07-16 13:26:27, 1937-12-20, ?, ?, Sharon, F, 1, 0, Engle, 3036939341, 5500000, $5,500,000.00 Mega Cash Prize, CO, new, P72NDFPT3Z, 2026-07-16 13:26:27, 80015), (26 Covington Dr, Englewood, 2026-07-16 13:26:27, 1938-03-01, ?, bjohnson065@comcast.net, Berton, M, 1, 0, Johnson, 3035258142, 5500000, $5,500,000.00 Mega Cash Prize, CO, new, 54T6LD7BK8, 2026-07-16 13:26:27, 80113), (5055 S Albion St, Cherry Hl Vlg, 2026-07-16 13:26:27, 1935-04-10, ?, ?, Sally, F, 1, 0, Murray, 3037415161, 5500000, $5,500,000.00 Mega Cash Prize, CO, new, SDQ98DSM2M, 2026-07-16 13:26:27, 80121), (8532 S Miller Ct, Littleton, 2026-07-16 13:26:27, 1940-09-03, ?, johnalex736@gmail.com, John, M, 1, 0, Herian, 3032171739, 5500000, $5,500,000.00 Mega Cash Prize, CO, new, FE2HCMDETX, 2026-07-16 13:26:27, 80127), (7250 Alpine Dr, Parker, 2026-07-16 13:26:27, 1934-03-09, ?, aj.wells@hotmail.com, Aj, M, 1, 0, Wells, 7208402926, 5500000, $5,500,000.00 Mega Cash Prize, CO, new, LJP5RFRUAM, 2026-07-16 13:26:27, 80134), (4330 E 6th Avenue Pkwy, Denver, 2026-07-16 13:26:27, 1942-02-02, ?, ?, Joan, F, 1, 0, French, 3104879766, 5500000, $5,500,000.00 Mega Cash Prize, CO, new, JRTVPL9EHN, 2026-07-16 13:26:27, 80220), (1335 Marshall St, Boulder, 2026-07-16 13:26:27, 1942-07-17, ?, joan.lieberman@gmail.com, Joan, F, 1, 0, Lieberman, 3034786449, 5500000, $5,500,000.00 Mega Cash Prize, CO, new, T35EAMLHB8, 2026-07-16 13:26:27, 80302), (168 Alder Ln, Boulder, 2026-07-16 13:26:27, 1937-10-15, ?, ?, Anne, F, 1, 0, Wolf, 3038595916, 5500000, $5,500,000.00 Mega Cash Prize, CO, new, 6W5X8UUVLR, 2026-07-16 13:26:27, 80304), (2175 Pinedrop Ln, Golden, 2026-07-16 13:26:27, 1942-07-11, ?, arobert412@gmail.com, Robert, M, 1, 0, Brayton, 3038849676, 5500000, $5,500,000.00 Mega Cash Prize, CO, new, EJTQL83DUN, 2026-07-16 13:26:27, 80401), (225 Hidden Creek Dr, Colorado Spgs, 2026-07-16 13:26:27, 1936-12-02, ?, annr1515@cs.com, Ann, F, 1, 0, Reich, 7195763675, 5500000, $5,500,000.00 Mega Cash Prize, CO, new, F9TYT53VL4, 2026-07-16 13:26:27, 80906), (4455 Star Ranch Rd, Colorado Spgs, 2026-07-16 13:26:27, 1936-09-15, ?, richard.dick3@gmail.com, Patricia, F, 1, 0, Butler, 7192260706, 5500000, $5,500,000.00 Mega Cash Prize, CO, new, VRS6DJR5FB, 2026-07-16 13:26:27, 80906), (4446 E Camelback Rd, Phoenix, 2026-07-16 13:26:27, 1940-10-19, ?, ?, John, M, 1, 0, Kolbe, 6023804817, 5500000, $5,500,000.00 Mega Cash Prize, AZ, new, SS4TYKYMP7, 2026-07-16 13:26:27, 85018), (4208 E Vogel Ave, Phoenix, 2026-07-16 13:26:27, 1936-10-29, ?, eveline.hyde@yahoo.com, Eveline, F, 1, 0, Hyde, 6026775906, 5500000, $5,500,000.00 Mega Cash Prize, AZ, new, A2TWCHE9Z6, 2026-07-16 13:26:27, 85028), (2317 E Pelican Ct, Gilbert, 2026-07-16 13:26:27, 1945-07-10, ?, ?, Kathleen, F, 1, 0, Ulrich, 4804528974, 5500000, $5,500,000.00 Mega Cash Prize, AZ, new, VQ77U98BAL, 2026-07-16 13:26:27, 85234), (6001 E Cactus Wren Rd, Paradise Vly, 2026-07-16 13:26:27, 1938-04-22, ?, terrijane68@yahoo.com, Silas, M, 1, 0, Shultz, 4809487214, 5500000, $5,500,000.00 Mega Cash Prize, AZ, new, JV3P9DMLMW, 2026-07-16 13:26:27, 85253), (15986 N 114th Way, Scottsdale, 2026-07-16 13:26:27, 1931-02-02, ?, ?, Mary, F, 1, 0, Goudy, 4804198560, 5500000, $5,500,000.00 Mega Cash Prize, AZ, new, D9GZNM4RVU, 2026-07-16 13:26:27, 85255), (20437 N 89th St, Scottsdale, 2026-07-16 13:26:27, 1932-08-10, ?, hotpants1963@msn.com, Daniel, M, 1, 0, Laffey, 4805130192, 5500000, $5,500,000.00 Mega Cash Prize, AZ, new, BFZBQSLYCD, 2026-07-16 13:26:27, 85255), (10962 N 129th Way, Scottsdale, 2026-07-16 13:26:27, 1936-01-01, ?, kstar@ionet.net, Thomas, M, 1, 0, Star, 5073586476, 5500000, $5,500,000.00 Mega Cash Prize, AZ, new, VMV5N2NUMG, 2026-07-16 13:26:27, 85259), (12011 E Bella Vista Dr, Scottsdale, 2026-07-16 13:26:27, 1938-02-02, ?, ?, Margo, F, 1, 0, Gardner, 4806618412, 5500000, $5,500,000.00 Mega Cash Prize, AZ, new, 87CUB2DG8R, 2026-07-16 13:26:27, 85259), (4341 E Skyline Dr, Tucson, 2026-07-16 13:26:27, 1937-04-01, ?, dbkuat@aol.com, Donald, M, 1, 0, Burgess, 5202994099, 5500000, $5,500,000.00 Mega Cash Prize, AZ, new, F334WDGYPL, 2026-07-16 13:26:27, 85718), (5945 N Cerrada Miguel, Tucson, 2026-07-16 13:26:27, 1938-06-01, ?, pjreiling@earthlink.net, Lois, F, 1, 0, Reiling, 5204195647, 5500000, $5,500,000.00 Mega Cash Prize, AZ, new, NN5BZ6H9MD, 2026-07-16 13:26:27, 85718), (523 N Bronson Ave, Los Angeles, 2026-07-16 13:26:27, 1935-07-15, ?, ?, Lois, F, 1, 0, Jewell, 3234674822, 5500000, $5,500,000.00 Mega Cash Prize, CA, new, RWTL4NBGBA, 2026-07-16 13:26:27, 90004), (2806 Oakhurst Ave, Los Angeles, 2026-07-16 13:26:27, 1931-10-13, ?, jvozoff@hotmail.com, Jerome, M, 1, 0, Vozoff, 3108370603, 5500000, $5,500,000.00 Mega Cash Prize, CA, new, PR45DP5VJQ, 2026-07-16 13:26:27, 90034), (335 Oceano Dr, Los Angeles, 2026-07-16 13:26:27, 1934-11-05, ?, himrox22@yahoo.com, Harry, M, 1, 0, Stamatis, 3104713542, 5500000, $5,500,000.00 Mega Cash Prize, CA, new, 7JES9EVJJV, 2026-07-16 13:26:27, 90049), (10514 Cheviot Dr, Los Angeles, 2026-07-16 13:26:27, 1935-05-02, ?, dorkrieg@yahoo.com, Doreen, F, 1, 0, Krieger, 3102109526, 5500000, $5,500,000.00 Mega Cash Prize, CA, new, UF7VGHVJ8W, 2026-07-16 13:26:27, 90064), (9350 Hazen Dr, Beverly Hills, 2026-07-16 13:26:27, 1942-06-21, ?, ?, Joyce, F, 1, 0, Silverman, 3102744315, 5500000, $5,500,000.00 Mega Cash Prize, CA, new, HF5J4YGDQY, 2026-07-16 13:26:27, 90210), (1521 N Beverly Dr, Beverly Hills, 2026-07-16 13:26:27, 1931-02-19, ?, darryl1521copeland@sbcglobal.net, Joan, F, 1, 0, Copeland, 3102452401, 5500000, $5,500,000.00 Mega Cash Prize, CA, new, ZYG8AYF6QJ, 2026-07-16 13:26:27, 90210), (515 N Camden Dr, Beverly Hills, 2026-07-16 13:26:27, 1937-08-05, ?, cars4leo@earthlink.net, Ivy, F, 1, 0, Chu, 3102731188, 5500000, $5,500,000.00 Mega Cash Prize, CA, new, X39DBYS2WV, 2026-07-16 13:26:27, 90210), (205 S McCarty Dr, Beverly Hills, 2026-07-16 13:26:27, 1938-07-02, ?, srykoff@aol.com, Sondra, F, 1, 0, Rykoff, 3106660617, 5500000, $5,500,000.00 Mega Cash Prize, CA, new, DQE4S3BF33, 2026-07-16 13:26:27, 90212), (524 2nd St, Manhattan Bch, 2026-07-16 13:26:27, 1948-03-11, ?, catherineedmisson@hotmail.com, Catherine, F, 1, 0, Edmisson, 3102928331, 5500000, $5,500,000.00 Mega Cash Prize, CA, new, DY36JPR9CF, 2026-07-16 13:26:27, 90266), (43 Malaga Pl W, Manhattan Bch, 2026-07-16 13:26:27, 1934-06-13, ?, ?, Yale, M, 1, 0, Kramer, 3105459414, 5500000, $5,500,000.00 Mega Cash Prize, CA, new, 7QKADBNGRC, 2026-07-16 13:26:27, 90266), (236 Toyopa Dr, Pacific Plsds, 2026-07-16 13:26:27, 1938-04-03, ?, ?, Claire, F, 1, 0, Shea, 3104592588, 5500000, $5,500,000.00 Mega Cash Prize, CA, new, D7LZK46X9Z, 2026-07-16 13:26:27, 90272), (904 Via Mirada, Pls Vrds Pnsl, 2026-07-16 13:26:27, 1933-02-02, ?, gail.wasserman@tampabay.rr.com, Gail, F, 1, 0, Wasserman, 3102511452, 5500000, $5,500,000.00 Mega Cash Prize, CA, new, 784PD9Q9T3, 2026-07-16 13:26:27, 90274), (25 Santa Bella Rd, Pls Vrds Pnsl, 2026-07-16 13:26:27, 1934-08-02, ?, ?, Joan, F, 1, 0, Gebhard, 3109081898, 5500000, $5,500,000.00 Mega Cash Prize, CA, new, 6262Q64EUR, 2026-07-16 13:26:27, 90274), (25 Santa Bella Rd, Pls Vrds Pnsl, 2026-07-16 13:26:27, 1932-04-14, ?, ?, Alvin, M, 1, 0, Gebhard, 3103775487, 5500000, $5,500,000.00 Mega Cash Prize, CA, new, NPAAJW9JZ6, 2026-07-16 13:26:27, 90274), (27128 Eastvale Rd, Pls Vrds Pnsl, 2026-07-16 13:26:27, 1940-11-12, ?, ?, Suzanne, F, 1, 0, Krapf, 3108713458, 5500000, $5,500,000.00 Mega Cash Prize, CA, new, J8MTX9KTC6, 2026-07-16 13:26:27, 90274), (28113 Hazelridge Dr, Rch Palos Vrd, 2026-07-16 13:26:27, 1937-01-03, ?, artshapiro@aol.com, Arthur, M, 1, 0, Shapiro, 3103772456, 5500000, $5,500,000.00 Mega Cash Prize, CA, new, G8A6N8GTUU, 2026-07-16 13:26:27, 90275), (423 Avenue D, Redondo Beach, 2026-07-16 13:26:27, 1947-01-30, ?, dono@cox.net, Don, M, 1, 0, Owens, 3104899136, 5500000, $5,500,000.00 Mega Cash Prize, CA, new, DVJWYT2RC8, 2026-07-16 13:26:27, 90277), (19905 Entradero Ave, Torrance, 2026-07-16 13:26:27, 1941-04-02, ?, ?, Jane, F, 1, 0, Borthwick, 8183702895, 5500000, $5,500,000.00 Mega Cash Prize, CA, new, W95QGYV6MR, 2026-07-16 13:26:27, 90503), (8652 Enramada Ave, Whittier, 2026-07-16 13:26:27, 1930-12-17, ?, ?, Wayne, M, 1, 0, Campfield, 5628102515, 5500000, $5,500,000.00 Mega Cash Prize, CA, new, VME8545JQU, 2026-07-16 13:26:27, 90605), (12812 Ocaso Ave, La Mirada, 2026-07-16 13:26:27, 1938-06-02, ?, ?, Ursula, F, 1, 0, Lang, 5629432400, 5500000, $5,500,000.00 Mega Cash Prize, CA, new, 8RTPGAW4S8, 2026-07-16 13:26:27, 90638), (13345 Reva St, Cerritos, 2026-07-16 13:26:27, 1940-02-02, ?, ?, Colleen, F, 1, 0, Smith, 3109267430, 5500000, $5,500,000.00 Mega Cash Prize, CA, new, R7GLJNF636, 2026-07-16 13:26:27, 90703), (3310 Harvey Way, Lakewood, 2026-07-16 13:26:27, 1937-06-28, ?, ?, Meade, M, 1, 0, Grazier, 5628823036, 5500000, $5,500,000.00 Mega Cash Prize, CA, new, E4G7NJ4BRT, 2026-07-16 13:26:27, 90712), (11702 Paseo Bonita, Los Alamitos, 2026-07-16 13:26:27, 1940-12-01, ?, rseapy@gmail.com, Roger, M, 1, 0, Seapy, 5625967622, 5500000, $5,500,000.00 Mega Cash Prize, CA, new, LFEGUQ4GWP, 2026-07-16 13:26:27, 90720), (3609 S Meyler St, San Pedro, 2026-07-16 13:26:27, 1942-12-08, ?, donorrn@yahoo.com, Dag, F, 1, 0, Kolderup, 3105485279, 5500000, $5,500,000.00 Mega Cash Prize, CA, new, WFM4ES4Z7C, 2026-07-16 13:26:27, 90731), (32 Rivo Alto Canal, Long Beach, 2026-07-16 13:26:27, 1931-07-18, ?, ?, Steve, M, 1, 0, Schaffer, 9178461415, 5500000, $5,500,000.00 Mega Cash Prize, CA, new, 587WCN4MV3, 2026-07-16 13:26:27, 90803), (314 Descanso Bay, Long Beach, 2026-07-16 13:26:27, 1940-05-23, ?, mek0422@yahoo.com, Mary, F, 1, 0, Kunoth, 5626193494, 5500000, $5,500,000.00 Mega Cash Prize, CA, new, SM9MTQGDK9, 2026-07-16 13:26:27, 90803), (885 San Vicente Rd, Arcadia, 2026-07-16 13:26:27, 1939-05-04, ?, jyoungson@bellatlantic.net, John, M, 1, 0, Youngson, 6266764948, 5500000, $5,500,000.00 Mega Cash Prize, CA, new, KBHHW23K6R, 2026-07-16 13:26:27, 91007), (329 Anita Dr, Pasadena, 2026-07-16 13:26:27, 1935-06-28, ?, thefaroh@aol.com, Patricia, F, 1, 0, Hallack, 6265689255, 5500000, $5,500,000.00 Mega Cash Prize, CA, new, RJADN5X8CN, 2026-07-16 13:26:27, 91105), (799 Foxkirk Rd, Glendale, 2026-07-16 13:26:27, 1935-02-26, ?, ?, Maurice, M, 1, 0, Claff, 6263900863, 5500000, $5,500,000.00 Mega Cash Prize, CA, new, W75W8B22HQ, 2026-07-16 13:26:27, 91206), (26207 Adamor Rd, Calabasas, 2026-07-16 13:26:27, 1939-08-14, ?, ?, Nancy, F, 1, 0, Goguen, 8185854011, 5500000, $5,500,000.00 Mega Cash Prize, CA, new, VWQ7YKHH9K, 2026-07-16 13:26:27, 91302), (24408 Voltara Ct, Calabasas, 2026-07-16 13:26:27, 1933-10-04, ?, harges01@aol.com, Cordell, M, 1, 0, Harges, 8184362940, 5500000, $5,500,000.00 Mega Cash Prize, CA, new, SHR6YQLVAW, 2026-07-16 13:26:27, 91302), (24947 Lorenzo Ct, Calabasas, 2026-07-16 13:26:27, 1938-05-29, ?, ?, Maya, F, 1, 0, Rumkin, 8182224736, 5500000, $5,500,000.00 Mega Cash Prize, CA, new, EU289KFUSN, 2026-07-16 13:26:27, 91302), (164 Stagecoach Rd, West Hills, 2026-07-16 13:26:27, 1938-05-03, ?, joschaefer164@yahoo.com, Josephine, F, 1, 0, Schaefer, 8183467175, 5500000, $5,500,000.00 Mega Cash Prize, CA, new, LPTTYEEV8D, 2026-07-16 13:26:27, 91307), (22228 Romar St, Chatsworth, 2026-07-16 13:26:27, 1941-07-15, ?, ?, Thomas, M, 1, 0, Souza, 8185219731, 5500000, $5,500,000.00 Mega Cash Prize, CA, new, VDZXGXUVAP, 2026-07-16 13:26:27, 91311), (19714 Septo St, Chatsworth, 2026-07-16 13:26:27, 1941-08-04, ?, ?, Simone, F, 1, 0, Liebman, 8052527296, 5500000, $5,500,000.00 Mega Cash Prize, CA, new, H3H4VYUR65, 2026-07-16 13:26:27, 91311), (17312 Quesan Pl, Encino, 2026-07-16 13:26:27, 1938-12-07, ?, ronespencer@earthlink.net, Marilyn, F, 1, 0, Spencer, 8189056550, 5500000, $5,500,000.00 Mega Cash Prize, CA, new, 2NYMVP4LNA, 2026-07-16 13:26:27, 91316), (25655 Whispering Trees Way, Valencia, 2026-07-16 13:26:27, 1940-06-14, ?, agammert@comcast.net, Adriana, F, 1, 0, Gammert, 8054904354, 5500000, $5,500,000.00 Mega Cash Prize, CA, new, U7DAE8VLVD, 2026-07-16 13:26:27, 91355), (24137 Vista Hills Dr, Valencia, 2026-07-16 13:26:27, 1942-01-31, ?, ?, Patricia, F, 1, 0, Gump, 6617338125, 5500000, $5,500,000.00 Mega Cash Prize, CA, new, DKCYS67SXY, 2026-07-16 13:26:27, 91355), (4241 Gayle Dr, Tarzana, 2026-07-16 13:26:27, 1940-10-21, ?, bstuthill@earthlink.net, Barbara, F, 1, 0, Tuthill, 8189439965, 5500000, $5,500,000.00 Mega Cash Prize, CA, new, 37X797FVRL, 2026-07-16 13:26:27, 91356), (1599 Valley High Ave, Thousand Oaks, 2026-07-16 13:26:27, 1938-02-18, ?, jaypuleo@earthlink.net, Julius, M, 1, 0, Puleo, 8054978972, 5500000, $5,500,000.00 Mega Cash Prize, CA, new, RF4PXAWJBG, 2026-07-16 13:26:27, 91362), (16501 Oldham St, Encino, 2026-07-16 13:26:27, 1938-11-12, ?, ?, Harriet, F, 1, 0, Mass, 8187892850, 5500000, $5,500,000.00 Mega Cash Prize, CA, new, 2XSFYPRYVY, 2026-07-16 13:26:27, 91436), (11960 Lockridge Rd, Studio City, 2026-07-16 13:26:27, 1934-12-27, ?, ?, Beverley, F, 1, 0, Hogan, 8187632423, 5500000, $5,500,000.00 Mega Cash Prize, CA, new, Q6PC7SF4ND, 2026-07-16 13:26:27, 91604), (412 E Miramar Ave, Claremont, 2026-07-16 13:26:27, 1933-07-18, ?, robistraub@earthlink.net, Eileen, F, 1, 0, Robidoux, 9099678070, 5500000, $5,500,000.00 Mega Cash Prize, CA, new, CM3LE9VVAS, 2026-07-16 13:26:27, 91711), (2546 Camino Narciso, Alpine, 2026-07-16 13:26:27, 1939-07-18, ?, ?, Irene, F, 1, 0, Sing, 6199977840, 5500000, $5,500,000.00 Mega Cash Prize, CA, new, RQYCJ8SQMC, 2026-07-16 13:26:27, 91901), (4250 Nabal Dr, La Mesa, 2026-07-16 13:26:27, 1936-03-09, ?, ?, Claire, F, 1, 0, Tremaine, 6196700667, 5500000, $5,500,000.00 Mega Cash Prize, CA, new, 7MB2MPA8FN, 2026-07-16 13:26:27, 91941), (152 Landale Ln, El Cajon, 2026-07-16 13:26:27, 1941-08-01, ?, duchshoe@yahoo.com, Stephen, M, 1, 0, Shoemaker, 6194404075, 5500000, $5,500,000.00 Mega Cash Prize, CA, new, FHKBUXX945, 2026-07-16 13:26:27, 92019), (2135 Coolngreen Way, Encinitas, 2026-07-16 13:26:27, 1938-10-27, ?, ?, Linnie, F, 1, 0, Phelps, 6199427157, 5500000, $5,500,000.00 Mega Cash Prize, CA, new, M9ZNRBAWGS, 2026-07-16 13:26:27, 92024), (1912 Carolton Ln, Fallbrook, 2026-07-16 13:26:27, 1939-02-17, ?, cbroark92@gmail.com, Michael, M, 1, 0, Roark, 7607287950, 5500000, $5,500,000.00 Mega Cash Prize, CA, new, GQAWN8Q8BH, 2026-07-16 13:26:27, 92028), (12917 Camino Del Valle, Poway, 2026-07-16 13:26:27, 1934-12-13, ?, dk.david.kenney@gmail.com, Thomas, M, 1, 0, Kenney, 2134944809, 5500000, $5,500,000.00 Mega Cash Prize, CA, new, 9EMWYA9D8E, 2026-07-16 13:26:27, 92064), (15706 Boulder Mountain Rd, Poway, 2026-07-16 13:26:27, 1941-09-20, ?, ?, Olga, F, 1, 0, Cattolico, 8587330771, 5500000, $5,500,000.00 Mega Cash Prize, CA, new, BAJCV6X2J2, 2026-07-16 13:26:27, 92064), (15214 Eastvale Rd, Poway, 2026-07-16 13:26:27, 1941-04-24, ?, jandv@hotmail.com, Virginia, F, 1, 0, Carrier, 6196066926, 5500000, $5,500,000.00 Mega Cash Prize, CA, new, NREAS5NLWJ, 2026-07-16 13:26:27, 92064), (13272 Hillstar Ln, Valley Center, 2026-07-16 13:26:27, 1941-08-09, ?, lewisvc@cs.com, B Christine, F, 1, 0, Lewis, 2133776832, 5500000, $5,500,000.00 Mega Cash Prize, CA, new, VSX5HUWUXE, 2026-07-16 13:26:27, 92082), (3447 Mercer Ln, San Diego, 2026-07-16 13:26:27, 1935-09-05, ?, ?, Joann, F, 1, 0, Corder, 8584556072, 5500000, $5,500,000.00 Mega Cash Prize, CA, new, P6HNMZLS49, 2026-07-16 13:26:27, 92122), (17835 Sun Walk Ct, San Diego, 2026-07-16 13:26:27, 1932-04-30, ?, maria_jojo93@hotmail.com, Enrique, M, 1, 0, Corrales, 8586736909, 5500000, $5,500,000.00 Mega Cash Prize, CA, new, TRCPB3BT6H, 2026-07-16 13:26:27, 92127), (4482 Ranchgrove Dr, Irvine, 2026-07-16 13:26:27, 1938-10-12, ?, roger.wheeler@charter.net, Roger, M, 1, 0, Wheeler, 7145521929, 5500000, $5,500,000.00 Mega Cash Prize, CA, new, ULUCF7RJ76, 2026-07-16 13:26:27, 92604), (15382 Cherbourg Ave, Irvine, 2026-07-16 13:26:27, 1931-09-13, ?, clarissadadams@gmail.com, Earl, M, 1, 0, Harwell, 9495512543, 5500000, $5,500,000.00 Mega Cash Prize, CA, new, M96TLJFAPU, 2026-07-16 13:26:27, 92604), (4941 Corkwood Ln, Irvine, 2026-07-16 13:26:27, 1936-07-15, ?, jrs.cas@cox.net, John, M, 1, 0, Shumway, 9095109635, 5500000, $5,500,000.00 Mega Cash Prize, CA, new, MY2RXRXB3Z, 2026-07-16 13:26:27, 92612), (42 Hunter, Irvine, 2026-07-16 13:26:27, 1938-12-09, ?, ?, William, M, 1, 0, Dandrea, 7145520460, 5500000, $5,500,000.00 Mega Cash Prize, CA, new, 35PW7BAEPT, 2026-07-16 13:26:27, 92620), (37 Bodega Bay Dr, Corona Dl Mar, 2026-07-16 13:26:27, 1937-07-06, ?, agold77@cox.net, Marilyn, F, 1, 0, Goldstein, 9496447817, 5500000, $5,500,000.00 Mega Cash Prize, CA, new, SJLVHRFTZ6, 2026-07-16 13:26:27, 92625), (40 Mission Bay Dr, Corona Dl Mar, 2026-07-16 13:26:27, 1939-06-23, ?, kris.shah@aol.com, Kris, M, 1, 0, Shah, 9494395087, 5500000, $5,500,000.00 Mega Cash Prize, CA, new, KASLV2FW7Y, 2026-07-16 13:26:27, 92625), (3600 Blue Ky, Corona Dl Mar, 2026-07-16 13:26:27, 1940-02-01, ?, asteuernagel@cox.net, Anneliese, F, 1, 0, Steuernagel, 9496446543, 5500000, $5,500,000.00 Mega Cash Prize, CA, new, 2PYSDEVNXJ, 2026-07-16 13:26:27, 92625), (314 Carnation Ave, Corona Dl Mar, 2026-07-16 13:26:27, 1938-12-03, ?, janicebillings6@gmail.com, Janice, F, 1, 0, Billings, 7146730125, 5500000, $5,500,000.00 Mega Cash Prize, CA, new, N8NRTDSUJP, 2026-07-16 13:26:27, 92625), (319 Marigold Ave, Corona Dl Mar, 2026-07-16 13:26:27, 1940-07-06, ?, gypsygirl92625@yahoo.com, Lucien, M, 1, 0, Mercurio, 9492807354, 5500000, $5,500,000.00 Mega Cash Prize, CA, new, BEUY3WFKB8, 2026-07-16 13:26:27, 92625), (1168 Princess Ct, Costa Mesa, 2026-07-16 13:26:27, 1931-04-01, ?, sfpenlan@gmail.com, Sam, M, 1, 0, Wozniak, 7145568878, 5500000, $5,500,000.00 Mega Cash Prize, CA, new, WJJE6C4PCT, 2026-07-16 13:26:27, 92626), (3063 Madeira Ave, Costa Mesa, 2026-07-16 13:26:27, 1935-12-01, ?, mike.mcniff@gmail.com, Michael, M, 1, 0, Mcniff, 7146314451, 5500000, $5,500,000.00 Mega Cash Prize, CA, new, NPUCTDRTV3, 2026-07-16 13:26:27, 92626), (33182 Santiago Dr, Dana Point, 2026-07-16 13:26:27, 1941-07-15, ?, ?, Marylinda, F, 1, 0, Odonnell, 9494877958, 5500000, $5,500,000.00 Mega Cash Prize, CA, new, GULBLM5BKU, 2026-07-16 13:26:27, 92629), (22112 Pheasant St, Lake Forest, 2026-07-16 13:26:27, 1959-03-20, ?, mikekscott@msn.com, Michael, M, 1, 0, Scott, 9096094139, 5500000, $5,500,000.00 Mega Cash Prize, CA, new, VA3RGVAN48, 2026-07-16 13:26:27, 92630), (2437 Monaco Dr, Laguna Beach, 2026-07-16 13:26:27, 1943-01-26, ?, ysonenshine@gmail.com, Ygal, M, 1, 0, Sonenshine, 9498877720, 5500000, $5,500,000.00 Mega Cash Prize, CA, new, P7EF72QKK3, 2026-07-16 13:26:27, 92651), (14 N Stonington Rd, Laguna Beach, 2026-07-16 13:26:27, 1939-10-01, ?, ?, Linda, F, 1, 0, Zech, 9494995248, 5500000, $5,500,000.00 Mega Cash Prize, CA, new, F4YZGBSWQD, 2026-07-16 13:26:27, 92651), (15 Scrub Oak, Aliso Viejo, 2026-07-16 13:26:27, 1939-07-11, ?, jeep812@yahoo.com, Jorge, M, 1, 0, Reyes, 7143604132, 5500000, $5,500,000.00 Mega Cash Prize, CA, new, XVYBFFJV64, 2026-07-16 13:26:27, 92656), (7 Gatewood Dr, Aliso Viejo, 2026-07-16 13:26:27, 1935-06-29, ?, iyf_min@hotmail.com, Kenneth, M, 1, 0, Neeley, 9499396555, 5500000, $5,500,000.00 Mega Cash Prize, CA, new, RT76QE6S46, 2026-07-16 13:26:27, 92656), (1606 Kent Ln, Newport Beach, 2026-07-16 13:26:27, 1931-12-18, ?, cvcboats@att.net, Janet, F, 1, 0, Mcaleer, 9496466322, 5500000, $5,500,000.00 Mega Cash Prize, CA, new, JAYL7RU2MJ, 2026-07-16 13:26:27, 92660), (1983 Port Seabourne Way, Newport Beach, 2026-07-16 13:26:27, 1936-09-30, ?, robert.bise@gmail.com, Robert, M, 1, 0, Bise, 9496448941, 5500000, $5,500,000.00 Mega Cash Prize, CA, new, LC2KN8VNCM, 2026-07-16 13:26:27, 92660), (2 Turnberry Dr, Newport Beach, 2026-07-16 13:26:27, 1942-04-10, ?, ilenespear@cox.net, Ilene, F, 1, 0, Spear, 7147590303, 5500000, $5,500,000.00 Mega Cash Prize, CA, new, 4P3N2WM4KY, 2026-07-16 13:26:27, 92660), (325 Via Lido Soud, Newport Beach, 2026-07-16 13:26:27, 1941-08-25, ?, ?, Aj, M, 1, 0, Uniack, 9496736803, 5500000, $5,500,000.00 Mega Cash Prize, CA, new, G257DAUCTU, 2026-07-16 13:26:27, 92663), (128 Via Havre, Newport Beach, 2026-07-16 13:26:27, 1936-02-29, ?, ?, Eleanor, F, 1, 0, Yates, 7146733557, 5500000, $5,500,000.00 Mega Cash Prize, CA, new, DN5AD7Z96E, 2026-07-16 13:26:27, 92663), (4708 Aqua Del Caballete, San Clemente, 2026-07-16 13:26:27, 1936-07-12, ?, ?, Leona, F, 1, 0, Mueller, 6198940962, 5500000, $5,500,000.00 Mega Cash Prize, CA, new, WU2R4VWD6K, 2026-07-16 13:26:27, 92673), (30173 Hillside Ter, San Juan Capo, 2026-07-16 13:26:27, 1946-05-21, ?, thomas.barrett@address.com, Thomas, M, 1, 0, Barrett, 9494966858, 5500000, $5,500,000.00 Mega Cash Prize, CA, new, UMS9V2B94E, 2026-07-16 13:26:27, 92675), (8 Westchester Ct, Trabuco Cyn, 2026-07-16 13:26:27, 1941-08-02, ?, skgentzler@gmail.com, Stanley, M, 1, 0, Gentzler, 9098449932, 5500000, $5,500,000.00 Mega Cash Prize, CA, new, YBCD7RPWPD, 2026-07-16 13:26:27, 92679), (24561 Spartan St, Mission Viejo, 2026-07-16 13:26:27, 1943-01-26, ?, carjdc@msn.com, Francois, M, 1, 0, Marechal, 7143809870, 5500000, $5,500,000.00 Mega Cash Prize, CA, new, C52HS2QG4F, 2026-07-16 13:26:27, 92691), (26852 Via Zaragosa, Mission Viejo, 2026-07-16 13:26:27, 1949-02-14, ?, bobmarilynsigler@aol.com, Robert, M, 1, 0, Sigler, 7147689376, 5500000, $5,500,000.00 Mega Cash Prize, CA, new, LWC7HMCNAT, 2026-07-16 13:26:27, 92691), (1742 Lemon Heights Dr, Santa Ana, 2026-07-16 13:26:27, 1937-09-06, ?, gkaramardian@aol.com, Garbis, M, 1, 0, Karamardian, 7147309836, 5500000, $5,500,000.00 Mega Cash Prize, CA, new, TBJKZ7AC7L, 2026-07-16 13:26:27, 92705), (11061 Hunting Horn Dr, Santa Ana, 2026-07-16 13:26:27, 1952-06-05, ?, normaowen@cox.net, Norma, F, 1, 0, Owen, 7145445687, 5500000, $5,500,000.00 Mega Cash Prize, CA, new, MSC2U3ERKV, 2026-07-16 13:26:27, 92705), (17835 San Clemente St, Fountain Vly, 2026-07-16 13:26:27, 1946-03-14, ?, ?, Stephen, M, 1, 0, Harvey, 7149632658, 5500000, $5,500,000.00 Mega Cash Prize, CA, new, ZFXWD8MLZ8, 2026-07-16 13:26:27, 92708), (1035 S Explorer Way, Anaheim, 2026-07-16 13:26:27, 1945-09-30, ?, bngcoop2th@aol.com, Gale, M, 1, 0, Cooper, 7142817654, 5500000, $5,500,000.00 Mega Cash Prize, CA, new, XMZHBPNX4S, 2026-07-16 13:26:27, 92808), (9492 Brynmar Dr, Villa Park, 2026-07-16 13:26:27, 1938-07-01, ?, hanoverjoe@aol.com, Joseph, M, 1, 0, Ropel, 7149980075, 5500000, $5,500,000.00 Mega Cash Prize, CA, new, 6KXZUPZLTW, 2026-07-16 13:26:27, 92861), (5212 E Gabrielle Ln, Orange, 2026-07-16 13:26:27, 1941-09-10, ?, eileenstutz@gmail.com, Eileen, F, 1, 0, Stutz, 7143810054, 5500000, $5,500,000.00 Mega Cash Prize, CA, new, LHJ9YR2FEJ, 2026-07-16 13:26:27, 92867), (1702 Spahn Ln, Placentia, 2026-07-16 13:26:27, 1944-09-22, ?, teraannefreese@yahoo.com, Stanford, M, 1, 0, Freese, 7148131374, 5500000, $5,500,000.00 Mega Cash Prize, CA, new, PM8TEFK4CQ, 2026-07-16 13:26:27, 92870), (18905 Sunny Slope, Yorba Linda, 2026-07-16 13:26:27, 1946-07-20, ?, cboznanski@gmail.com, Linda, F, 1, 0, Boznanski, 9519708692, 5500000, $5,500,000.00 Mega Cash Prize, CA, new, Y9P5D522E2, 2026-07-16 13:26:27, 92886), (3853 Breton Ln, Yorba Linda, 2026-07-16 13:26:27, 1937-11-04, ?, ?, Frances, F, 1, 0, Sigler, 7147791397, 5500000, $5,500,000.00 Mega Cash Prize, CA, new, 4RMDBVZUPY, 2026-07-16 13:26:27, 92886), (1225 Via Aracena, Camarillo, 2026-07-16 13:26:27, 1940-10-01, ?, ?, Ricardo, M, 1, 0, Dominguez, 8053831395, 5500000, $5,500,000.00 Mega Cash Prize, CA, new, LA8WB38NLZ, 2026-07-16 13:26:27, 93010), (1696 Shepard Mesa Ln, Carpinteria, 2026-07-16 13:26:27, 1936-10-02, ?, ?, Michael, M, 1, 0, Cleary, 8057943045, 5500000, $5,500,000.00 Mega Cash Prize, CA, new, NC8NLUCPN2, 2026-07-16 13:26:27, 93013), (742 Alameda Padre Serra, Santa Barbara, 2026-07-16 13:26:27, 1937-08-15, ?, bmgarza@msn.com, Mary, F, 1, 0, Garza, 8059639847, 5500000, $5,500,000.00 Mega Cash Prize, CA, new, W57AE3GG7H, 2026-07-16 13:26:27, 93103), (2441 Foothill Ln, Santa Barbara, 2026-07-16 13:26:27, 1940-08-30, ?, stettner.joann@gmail.com, Roger, M, 1, 0, Stettner, 8053311006, 5500000, $5,500,000.00 Mega Cash Prize, CA, new, M9AVDWS4XM, 2026-07-16 13:26:27, 93105), (1365 Burton Dr, Cambria, 2026-07-16 13:26:27, 1942-11-15, ?, charlottegoforth@att.net, Charlotte, F, 1, 0, Goforth, 8059275132, 5500000, $5,500,000.00 Mega Cash Prize, CA, new, SMN8FZCT8A, 2026-07-16 13:26:27, 93428), (9110 Windmill Rd, Paso Robles, 2026-07-16 13:26:27, 1938-01-01, ?, ?, Nancy, F, 1, 0, Oconnell, 8052276188, 5500000, $5,500,000.00 Mega Cash Prize, CA, new, N2JAQ7Z6F9, 2026-07-16 13:26:27, 93446), (18885 Heritage Ct, Salinas, 2026-07-16 13:26:27, 1941-03-15, ?, ?, Ronald, M, 1, 0, Taylor, 4084558515, 5500000, $5,500,000.00 Mega Cash Prize, CA, new, 33L6DK82YG, 2026-07-16 13:26:27, 93908), (19525 Redding Dr, Salinas, 2026-07-16 13:26:27, 1942-03-09, ?, ?, William, M, 1, 0, Scott, 8314552842, 5500000, $5,500,000.00 Mega Cash Prize, CA, new, F5H3WAEMZT, 2026-07-16 13:26:27, 93908), (3316 Haskins Dr, Belmont, 2026-07-16 13:26:27, 1941-07-07, ?, ?, Michael, M, 1, 0, Naughton, 6505938686, 5500000, $5,500,000.00 Mega Cash Prize, CA, new, DZG5L2F6Z6, 2026-07-16 13:26:27, 94002)) at /home/og/Desktop/projects/road/publishersclearinghouse/vendor/laravel/framework/src/Illuminate/Database/Connection.php:825)
[stacktrace]
#0 /home/og/Desktop/projects/road/publishersclearinghouse/vendor/laravel/framework/src/Illuminate/Database/Connection.php(779): Illuminate\\Database\\Connection->runQueryCallback()
#1 /home/og/Desktop/projects/road/publishersclearinghouse/vendor/laravel/framework/src/Illuminate/Database/MySqlConnection.php(42): Illuminate\\Database\\Connection->run()
#2 /home/og/Desktop/projects/road/publishersclearinghouse/vendor/laravel/framework/src/Illuminate/Database/Query/Builder.php(3717): Illuminate\\Database\\MySqlConnection->insert()
#3 /home/og/Desktop/projects/road/publishersclearinghouse/vendor/laravel/framework/src/Illuminate/Database/Eloquent/Builder.php(2120): Illuminate\\Database\\Query\\Builder->insert()
#4 /home/og/Desktop/projects/road/publishersclearinghouse/vendor/laravel/framework/src/Illuminate/Support/Traits/ForwardsCalls.php(23): Illuminate\\Database\\Eloquent\\Builder->__call()
#5 /home/og/Desktop/projects/road/publishersclearinghouse/vendor/laravel/framework/src/Illuminate/Database/Eloquent/Model.php(2372): Illuminate\\Database\\Eloquent\\Model->forwardCallTo()
#6 /home/og/Desktop/projects/road/publishersclearinghouse/vendor/laravel/framework/src/Illuminate/Database/Eloquent/Model.php(2384): Illuminate\\Database\\Eloquent\\Model->__call()
#7 /home/og/Desktop/projects/road/publishersclearinghouse/app/Console/Commands/ImportWinnersCsv.php(153): Illuminate\\Database\\Eloquent\\Model::__callStatic()
#8 /home/og/Desktop/projects/road/publishersclearinghouse/vendor/laravel/framework/src/Illuminate/Container/BoundMethod.php(36): App\\Console\\Commands\\ImportWinnersCsv->handle()
#9 /home/og/Desktop/projects/road/publishersclearinghouse/vendor/laravel/framework/src/Illuminate/Container/Util.php(43): Illuminate\\Container\\BoundMethod::Illuminate\\Container\\{closure}()
#10 /home/og/Desktop/projects/road/publishersclearinghouse/vendor/laravel/framework/src/Illuminate/Container/BoundMethod.php(95): Illuminate\\Container\\Util::unwrapIfClosure()
#11 /home/og/Desktop/projects/road/publishersclearinghouse/vendor/laravel/framework/src/Illuminate/Container/BoundMethod.php(35): Illuminate\\Container\\BoundMethod::callBoundMethod()
#12 /home/og/Desktop/projects/road/publishersclearinghouse/vendor/laravel/framework/src/Illuminate/Container/Container.php(696): Illuminate\\Container\\BoundMethod::call()
#13 /home/og/Desktop/projects/road/publishersclearinghouse/vendor/laravel/framework/src/Illuminate/Console/Command.php(213): Illuminate\\Container\\Container->call()
#14 /home/og/Desktop/projects/road/publishersclearinghouse/vendor/symfony/console/Command/Command.php(341): Illuminate\\Console\\Command->execute()
#15 /home/og/Desktop/projects/road/publishersclearinghouse/vendor/laravel/framework/src/Illuminate/Console/Command.php(182): Symfony\\Component\\Console\\Command\\Command->run()
#16 /home/og/Desktop/projects/road/publishersclearinghouse/vendor/symfony/console/Application.php(1117): Illuminate\\Console\\Command->run()
#17 /home/og/Desktop/projects/road/publishersclearinghouse/vendor/symfony/console/Application.php(356): Symfony\\Component\\Console\\Application->doRunCommand()
#18 /home/og/Desktop/projects/road/publishersclearinghouse/vendor/symfony/console/Application.php(195): Symfony\\Component\\Console\\Application->doRun()
#19 /home/og/Desktop/projects/road/publishersclearinghouse/vendor/laravel/framework/src/Illuminate/Foundation/Console/Kernel.php(198): Symfony\\Component\\Console\\Application->run()
#20 /home/og/Desktop/projects/road/publishersclearinghouse/artisan(12): Illuminate\\Foundation\\Console\\Kernel->handle()
#21 {main}

[previous exception] [object] (ErrorException(code: 0): Array to string conversion at /home/og/Desktop/projects/road/publishersclearinghouse/vendor/laravel/framework/src/Illuminate/Database/Connection.php:719)
[stacktrace]
#0 /home/og/Desktop/projects/road/publishersclearinghouse/vendor/laravel/framework/src/Illuminate/Foundation/Bootstrap/HandleExceptions.php(258): Illuminate\\Foundation\\Bootstrap\\HandleExceptions->handleError()
#1 [internal function]: Illuminate\\Foundation\\Bootstrap\\HandleExceptions->Illuminate\\Foundation\\Bootstrap\\{closure}()
#2 /home/og/Desktop/projects/road/publishersclearinghouse/vendor/laravel/framework/src/Illuminate/Database/Connection.php(719): PDOStatement->bindValue()
#3 /home/og/Desktop/projects/road/publishersclearinghouse/vendor/laravel/framework/src/Illuminate/Database/MySqlConnection.php(49): Illuminate\\Database\\Connection->bindValues()
#4 /home/og/Desktop/projects/road/publishersclearinghouse/vendor/laravel/framework/src/Illuminate/Database/Connection.php(812): Illuminate\\Database\\MySqlConnection->Illuminate\\Database\\{closure}()
#5 /home/og/Desktop/projects/road/publishersclearinghouse/vendor/laravel/framework/src/Illuminate/Database/Connection.php(779): Illuminate\\Database\\Connection->runQueryCallback()
#6 /home/og/Desktop/projects/road/publishersclearinghouse/vendor/laravel/framework/src/Illuminate/Database/MySqlConnection.php(42): Illuminate\\Database\\Connection->run()
#7 /home/og/Desktop/projects/road/publishersclearinghouse/vendor/laravel/framework/src/Illuminate/Database/Query/Builder.php(3717): Illuminate\\Database\\MySqlConnection->insert()
#8 /home/og/Desktop/projects/road/publishersclearinghouse/vendor/laravel/framework/src/Illuminate/Database/Eloquent/Builder.php(2120): Illuminate\\Database\\Query\\Builder->insert()
#9 /home/og/Desktop/projects/road/publishersclearinghouse/vendor/laravel/framework/src/Illuminate/Support/Traits/ForwardsCalls.php(23): Illuminate\\Database\\Eloquent\\Builder->__call()
#10 /home/og/Desktop/projects/road/publishersclearinghouse/vendor/laravel/framework/src/Illuminate/Database/Eloquent/Model.php(2372): Illuminate\\Database\\Eloquent\\Model->forwardCallTo()
#11 /home/og/Desktop/projects/road/publishersclearinghouse/vendor/laravel/framework/src/Illuminate/Database/Eloquent/Model.php(2384): Illuminate\\Database\\Eloquent\\Model->__call()
#12 /home/og/Desktop/projects/road/publishersclearinghouse/app/Console/Commands/ImportWinnersCsv.php(153): Illuminate\\Database\\Eloquent\\Model::__callStatic()
#13 /home/og/Desktop/projects/road/publishersclearinghouse/vendor/laravel/framework/src/Illuminate/Container/BoundMethod.php(36): App\\Console\\Commands\\ImportWinnersCsv->handle()
#14 /home/og/Desktop/projects/road/publishersclearinghouse/vendor/laravel/framework/src/Illuminate/Container/Util.php(43): Illuminate\\Container\\BoundMethod::Illuminate\\Container\\{closure}()
#15 /home/og/Desktop/projects/road/publishersclearinghouse/vendor/laravel/framework/src/Illuminate/Container/BoundMethod.php(95): Illuminate\\Container\\Util::unwrapIfClosure()
#16 /home/og/Desktop/projects/road/publishersclearinghouse/vendor/laravel/framework/src/Illuminate/Container/BoundMethod.php(35): Illuminate\\Container\\BoundMethod::callBoundMethod()
#17 /home/og/Desktop/projects/road/publishersclearinghouse/vendor/laravel/framework/src/Illuminate/Container/Container.php(696): Illuminate\\Container\\BoundMethod::call()
#18 /home/og/Desktop/projects/road/publishersclearinghouse/vendor/laravel/framework/src/Illuminate/Console/Command.php(213): Illuminate\\Container\\Container->call()
#19 /home/og/Desktop/projects/road/publishersclearinghouse/vendor/symfony/console/Command/Command.php(341): Illuminate\\Console\\Command->execute()
#20 /home/og/Desktop/projects/road/publishersclearinghouse/vendor/laravel/framework/src/Illuminate/Console/Command.php(182): Symfony\\Component\\Console\\Command\\Command->run()
#21 /home/og/Desktop/projects/road/publishersclearinghouse/vendor/symfony/console/Application.php(1117): Illuminate\\Console\\Command->run()
#22 /home/og/Desktop/projects/road/publishersclearinghouse/vendor/symfony/console/Application.php(356): Symfony\\Component\\Console\\Application->doRunCommand()
#23 /home/og/Desktop/projects/road/publishersclearinghouse/vendor/symfony/console/Application.php(195): Symfony\\Component\\Console\\Application->doRun()
#24 /home/og/Desktop/projects/road/publishersclearinghouse/vendor/laravel/framework/src/Illuminate/Foundation/Console/Kernel.php(198): Symfony\\Component\\Console\\Application->run()
#25 /home/og/Desktop/projects/road/publishersclearinghouse/artisan(12): Illuminate\\Foundation\\Console\\Kernel->handle()
#26 {main}
"} 
[2026-07-16 13:27:16] local.ERROR: SQLSTATE[21S01]: Insert value list does not match column list: 1136 Column count doesn't match value count at row 196 (Connection: mysql, SQL: insert into `winners` (`address`, `city`, `created_at`, `date_of_birth`, `demographics`, `email`, `first_name`, `gender`, `is_active`, `is_claimed`, `last_name`, `phone`, `prize_amount`, `prize_description`, `state`, `status`, `unique_code`, `updated_at`, `zip`) values (12 Brookside Ter, Caldwell, 2026-07-16 13:26:57, 1941-05-30, {"net_worth":"I","credit_rating":"C","homeowner_probability":"H","marital_status":"M","has_credit_card":true,"credit_card_user":true,"household_size":"2","gaming_casino":false,"sweepstakes":false,"occupation_group":"Retired","estimated_income_code":"S","has_investments":true,"has_stocks_securities":false,"investing_active":false}, pruessd@hotmail.com, Ellen, F, 1, 0, Pruess, 2012187651, 5500000, $5,500,000.00 Mega Cash Prize, NJ, new, JF92HYEWCT, 2026-07-16 13:26:57, 7006), (8 Notch Hill Dr, Livingston, 2026-07-16 13:26:57, 1934-12-14, {"net_worth":"I","credit_rating":"B","homeowner_probability":"H","marital_status":"M","has_credit_card":true,"credit_card_user":true,"household_size":"2","gaming_casino":false,"sweepstakes":false,"occupation_group":"Retired","estimated_income_code":"S","has_investments":false,"has_stocks_securities":false,"investing_active":false}, ?, Erwin, M, 1, 0, Fisch, 9739940386, 5500000, $5,500,000.00 Mega Cash Prize, NJ, new, UHP7RWGPDR, 2026-07-16 13:26:57, 7039), (4 Phillips Ln, Roseland, 2026-07-16 13:26:57, 1936-06-14, {"net_worth":"I","credit_rating":"B","homeowner_probability":"H","marital_status":"M","has_credit_card":true,"credit_card_user":true,"household_size":"2","gaming_casino":false,"sweepstakes":true,"occupation_group":"Retired","estimated_income_code":"R","has_investments":true,"has_stocks_securities":false,"investing_active":true}, ?, Sandra, F, 1, 0, Fredericks, 9735330022, 5500000, $5,500,000.00 Mega Cash Prize, NJ, new, 2F7VR9X4QJ, 2026-07-16 13:26:57, 7068), (29 Manitou Cir, Westfield, 2026-07-16 13:26:57, 1937-08-01, {"net_worth":"I","credit_rating":"C","homeowner_probability":"H","marital_status":"M","has_credit_card":true,"credit_card_user":true,"household_size":"2","gaming_casino":false,"sweepstakes":true,"occupation_group":"Retired","estimated_income_code":"S","has_investments":true,"has_stocks_securities":false,"investing_active":true}, cruss1142@aol.com, Julio, M, 1, 0, Russ, 8569792126, 5500000, $5,500,000.00 Mega Cash Prize, NJ, new, TG2YGDR2Z3, 2026-07-16 13:26:57, 7090), (2 Genesee Trl, Westfield, 2026-07-16 13:26:57, 1939-07-02, {"net_worth":"I","credit_rating":"A","homeowner_probability":"H","marital_status":"M","has_credit_card":true,"credit_card_user":true,"household_size":"2","gaming_casino":false,"sweepstakes":false,"occupation_group":"Retired","estimated_income_code":"S","has_investments":false,"has_stocks_securities":false,"investing_active":false}, ckocaj@angelfire.com, Carla, F, 1, 0, Kocaj, 8569240748, 5500000, $5,500,000.00 Mega Cash Prize, NJ, new, 4MLZJ6TGKU, 2026-07-16 13:26:57, 7090), (351 Hillview Ter, Franklin Lks, 2026-07-16 13:26:57, 1941-12-16, {"net_worth":"I","credit_rating":"B","homeowner_probability":"H","marital_status":"M","has_credit_card":true,"credit_card_user":true,"household_size":"2","gaming_casino":false,"sweepstakes":true,"occupation_group":"Retired","estimated_income_code":"R","has_investments":true,"has_stocks_securities":false,"investing_active":true}, kenscorvette@yahoo.com, Joyce, F, 1, 0, Hartos, 2013374119, 5500000, $5,500,000.00 Mega Cash Prize, NJ, new, CWDDH7DQTU, 2026-07-16 13:26:57, 7417), (219 Oldwoods Rd, Franklin Lks, 2026-07-16 13:26:57, 1935-01-26, {"net_worth":"I","credit_rating":"B","homeowner_probability":"H","marital_status":"M","has_credit_card":true,"credit_card_user":true,"household_size":"2","gaming_casino":false,"sweepstakes":false,"occupation_group":"Retired","estimated_income_code":"S","has_investments":true,"has_stocks_securities":false,"investing_active":true}, ?, Laryssa, F, 1, 0, Gorloff, 2013375695, 5500000, $5,500,000.00 Mega Cash Prize, NJ, new, EZG5QR3QFG, 2026-07-16 13:26:57, 7417), (31 Archung Rd, Wayne, 2026-07-16 13:26:57, 1939-03-02, {"net_worth":"I","credit_rating":"A","homeowner_probability":"H","marital_status":"M","has_credit_card":true,"credit_card_user":true,"household_size":"2","gaming_casino":false,"sweepstakes":true,"occupation_group":"Retired","estimated_income_code":"S","has_investments":true,"has_stocks_securities":true,"investing_active":false}, chrissyrapp@hotmail.com, Raymond, M, 1, 0, Rapp, 2012405260, 5500000, $5,500,000.00 Mega Cash Prize, NJ, new, KR4WEGENGZ, 2026-07-16 13:26:57, 7470), (358 Canterbury Ln, Wyckoff, 2026-07-16 13:26:57, 1933-07-01, {"net_worth":"I","credit_rating":"B","homeowner_probability":"H","marital_status":"M","has_credit_card":true,"credit_card_user":true,"household_size":"1","gaming_casino":false,"sweepstakes":true,"occupation_group":"Retired","estimated_income_code":"S","has_investments":true,"has_stocks_securities":true,"investing_active":false}, ?, Edward, M, 1, 0, Miller, 2017397261, 5500000, $5,500,000.00 Mega Cash Prize, NJ, new, N6HPMFUKNK, 2026-07-16 13:26:57, 7481), (96 Logan Ln, Wyckoff, 2026-07-16 13:26:57, 1933-01-12, {"net_worth":"I","credit_rating":"A","homeowner_probability":"H","marital_status":"M","has_credit_card":true,"credit_card_user":true,"household_size":"1","gaming_casino":false,"sweepstakes":true,"occupation_group":"Retired","estimated_income_code":"S","has_investments":true,"has_stocks_securities":false,"investing_active":false}, ?, Bertha, F, 1, 0, Miller, 2017397424, 5500000, $5,500,000.00 Mega Cash Prize, NJ, new, CRJFJAE398, 2026-07-16 13:26:57, 7481), (841 Lincoln Ave, Maywood, 2026-07-16 13:26:57, 1952-12-27, {"net_worth":"I","credit_rating":"A","homeowner_probability":"H","marital_status":"M","has_credit_card":true,"credit_card_user":true,"household_size":"2","gaming_casino":false,"sweepstakes":false,"occupation_group":"Retired","estimated_income_code":"R","has_investments":true,"has_stocks_securities":false,"investing_active":false}, gary.shea@aol.com, Gary, M, 1, 0, Shea, 2017888667, 5500000, $5,500,000.00 Mega Cash Prize, NJ, new, R9MVDU95CT, 2026-07-16 13:26:57, 7607), (353 Homans Ave, Closter, 2026-07-16 13:26:57, 1940-10-24, {"net_worth":"I","credit_rating":"B","homeowner_probability":"H","marital_status":"M","has_credit_card":true,"credit_card_user":true,"household_size":"2","gaming_casino":false,"sweepstakes":false,"occupation_group":"Retired","estimated_income_code":"R","has_investments":true,"has_stocks_securities":false,"investing_active":false}, ?, Anna, F, 1, 0, Cavalli, 2013158196, 5500000, $5,500,000.00 Mega Cash Prize, NJ, new, S3AE4QUM8P, 2026-07-16 13:26:57, 7624), (90 Hillside Ave, Emerson, 2026-07-16 13:26:57, 1937-10-07, {"net_worth":"I","credit_rating":"A","homeowner_probability":"H","marital_status":"M","has_credit_card":true,"credit_card_user":true,"household_size":"2","gaming_casino":false,"sweepstakes":true,"occupation_group":"Retired","estimated_income_code":"R","has_investments":true,"has_stocks_securities":false,"investing_active":false}, ?, Baerbel, F, 1, 0, Ashley, 5518046303, 5500000, $5,500,000.00 Mega Cash Prize, NJ, new, 997DJDPPZH, 2026-07-16 13:26:57, 7630), (666 Floyd St, Englewd Clfs, 2026-07-16 13:26:57, 1935-03-10, {"net_worth":"I","credit_rating":"C","homeowner_probability":"H","marital_status":"M","has_credit_card":true,"credit_card_user":true,"household_size":"2","gaming_casino":false,"sweepstakes":true,"occupation_group":"Retired","estimated_income_code":"S","has_investments":true,"has_stocks_securities":false,"investing_active":true}, muse235hg@aol.com, Hans, M, 1, 0, Gesell, 2015689566, 5500000, $5,500,000.00 Mega Cash Prize, NJ, new, SKLFFS3789, 2026-07-16 13:26:57, 7632), (845 Club Rd, Teaneck, 2026-07-16 13:26:57, 1939-09-23, {"net_worth":"I","credit_rating":"A","homeowner_probability":"H","marital_status":"M","has_credit_card":true,"credit_card_user":true,"household_size":"2","gaming_casino":false,"sweepstakes":false,"occupation_group":"Retired","estimated_income_code":"R","has_investments":true,"has_stocks_securities":false,"investing_active":false}, ?, Amy, F, 1, 0, Loh, 2018378392, 5500000, $5,500,000.00 Mega Cash Prize, NJ, new, TVLR585SMA, 2026-07-16 13:26:57, 7666), (46 Forsgate Ct, Twp Washinton, 2026-07-16 13:26:57, 1943-02-15, {"net_worth":"I","credit_rating":"C","homeowner_probability":"H","marital_status":"S","has_credit_card":true,"credit_card_user":true,"household_size":"2","gaming_casino":false,"sweepstakes":false,"occupation_group":"Retired","estimated_income_code":"S","has_investments":true,"has_stocks_securities":false,"investing_active":false}, ?, Robert, M, 1, 0, Kanwisher, 2016667372, 5500000, $5,500,000.00 Mega Cash Prize, NJ, new, WK24G6B37Z, 2026-07-16 13:26:57, 7676), (153 Buttonwood Dr, Fair Haven, 2026-07-16 13:26:57, 1937-07-27, {"net_worth":"I","credit_rating":"A","homeowner_probability":"H","marital_status":"M","has_credit_card":true,"credit_card_user":true,"household_size":"1","gaming_casino":false,"sweepstakes":false,"occupation_group":"Retired","estimated_income_code":"S","has_investments":true,"has_stocks_securities":false,"investing_active":true}, ?, Susan, F, 1, 0, Whyman, 7327411729, 5500000, $5,500,000.00 Mega Cash Prize, NJ, new, WAX4ELSKG4, 2026-07-16 13:26:57, 7704), (52 Salem Ln, Little Silver, 2026-07-16 13:26:57, 1959-04-01, {"net_worth":"I","credit_rating":"C","homeowner_probability":"H","marital_status":"S","has_credit_card":true,"credit_card_user":true,"household_size":"2","gaming_casino":false,"sweepstakes":false,"occupation_group":"Retired","estimated_income_code":"R","has_investments":true,"has_stocks_securities":false,"investing_active":false}, ?, Margaret, F, 1, 0, Rizzo, 9084581006, 5500000, $5,500,000.00 Mega Cash Prize, NJ, new, XV76J4GZM2, 2026-07-16 13:26:57, 7739), (40 Circle Dr, Rumson, 2026-07-16 13:26:57, 1934-10-31, {"net_worth":"I","credit_rating":"B","homeowner_probability":"H","marital_status":"M","has_credit_card":true,"credit_card_user":true,"household_size":"2","gaming_casino":false,"sweepstakes":false,"occupation_group":"Retired","estimated_income_code":"S","has_investments":true,"has_stocks_securities":false,"investing_active":true}, ?, Anne, F, 1, 0, Wissel, 7327136140, 5500000, $5,500,000.00 Mega Cash Prize, NJ, new, 7DC5ZK3HAA, 2026-07-16 13:26:57, 7760), (1807 5th Ave, Spring Lake, 2026-07-16 13:26:57, 1936-01-08, {"net_worth":"I","credit_rating":"A","homeowner_probability":"H","marital_status":"M","has_credit_card":true,"credit_card_user":true,"household_size":"2","gaming_casino":false,"sweepstakes":false,"occupation_group":"Retired","estimated_income_code":"R","has_investments":true,"has_stocks_securities":false,"investing_active":false}, annhassett@gmail.com, Noel, M, 1, 0, Hassett, 7327138226, 5500000, $5,500,000.00 Mega Cash Prize, NJ, new, XMV78D4EEM, 2026-07-16 13:26:57, 7762), (19 Georgian Rd, Randolph, 2026-07-16 13:26:57, 1946-11-03, {"net_worth":"I","credit_rating":"A","homeowner_probability":"H","marital_status":"M","has_credit_card":true,"credit_card_user":true,"household_size":"2","gaming_casino":false,"sweepstakes":false,"occupation_group":"Retired","estimated_income_code":"S","has_investments":true,"has_stocks_securities":true,"investing_active":false}, ?, Sandra, F, 1, 0, Snopkowski, 9738851855, 5500000, $5,500,000.00 Mega Cash Prize, NJ, new, G9VFYXRYSZ, 2026-07-16 13:26:57, 7869), (119 Galloping Hill Rd, Basking Ridge, 2026-07-16 13:26:57, 1958-08-21, {"net_worth":"I","credit_rating":"C","homeowner_probability":"H","marital_status":"M","has_credit_card":true,"credit_card_user":true,"household_size":"1","gaming_casino":false,"sweepstakes":false,"occupation_group":"Retired","estimated_income_code":"R","has_investments":false,"has_stocks_securities":false,"investing_active":false}, bobspiwak@verizon.net, Robert, M, 1, 0, Spiwak, 9087666642, 5500000, $5,500,000.00 Mega Cash Prize, NJ, new, EJVNYT6XN9, 2026-07-16 13:26:57, 7920), (46 Four Oaks Rd, Bedminster, 2026-07-16 13:26:57, 1931-08-11, {"net_worth":"I","credit_rating":"B","homeowner_probability":"H","marital_status":"S","has_credit_card":true,"credit_card_user":true,"household_size":"1","gaming_casino":false,"sweepstakes":false,"occupation_group":"Retired","estimated_income_code":"R","has_investments":true,"has_stocks_securities":false,"investing_active":false}, ?, Francis, M, 1, 0, Chan, 9085101918, 5500000, $5,500,000.00 Mega Cash Prize, NJ, new, 8QTDAMB56W, 2026-07-16 13:26:57, 7921), (25 Wynwood Rd, Chatham, 2026-07-16 13:26:57, 1937-04-27, {"net_worth":"I","credit_rating":"B","homeowner_probability":"H","marital_status":"M","has_credit_card":true,"credit_card_user":true,"household_size":"2","gaming_casino":false,"sweepstakes":false,"occupation_group":"Retired","estimated_income_code":"S","has_investments":true,"has_stocks_securities":false,"investing_active":true}, cereyo@hotmail.com, Dolores, F, 1, 0, Dewling, 9736355681, 5500000, $5,500,000.00 Mega Cash Prize, NJ, new, Q7X3H473XV, 2026-07-16 13:26:57, 7928), (5 Laurel Way, Madison, 2026-07-16 13:26:57, 1936-07-01, {"net_worth":"I","credit_rating":"B","homeowner_probability":"H","marital_status":"M","has_credit_card":true,"credit_card_user":true,"household_size":"1","gaming_casino":false,"sweepstakes":false,"occupation_group":"Retired","estimated_income_code":"S","has_investments":false,"has_stocks_securities":false,"investing_active":false}, ?, Ruth, F, 1, 0, Goodell, 9088832129, 5500000, $5,500,000.00 Mega Cash Prize, NJ, new, 33T4ALS8VQ, 2026-07-16 13:26:57, 7940), (15 Rose Ave, Madison, 2026-07-16 13:26:57, 1935-06-21, {"net_worth":"I","credit_rating":"B","homeowner_probability":"H","marital_status":"M","has_credit_card":true,"credit_card_user":true,"household_size":"2","gaming_casino":false,"sweepstakes":false,"occupation_group":"Retired","estimated_income_code":"R","has_investments":true,"has_stocks_securities":false,"investing_active":true}, ?, Rita, F, 1, 0, Brogan, 9737659558, 5500000, $5,500,000.00 Mega Cash Prize, NJ, new, HN8V67RKGD, 2026-07-16 13:26:57, 7940), (315 Knolltop Ln, Haddonfield, 2026-07-16 13:26:57, 1937-05-07, {"net_worth":"I","credit_rating":"A","homeowner_probability":"H","marital_status":"M","has_credit_card":true,"credit_card_user":true,"household_size":"2","gaming_casino":false,"sweepstakes":true,"occupation_group":"Retired","estimated_income_code":"S","has_investments":true,"has_stocks_securities":false,"investing_active":false}, ?, Jacqueline, F, 1, 0, Mariano, 6093142031, 5500000, $5,500,000.00 Mega Cash Prize, NJ, new, YX9WKJSPQC, 2026-07-16 13:26:57, 8033), (904 Fernwood Rd, Moorestown, 2026-07-16 13:26:57, 1942-12-02, {"net_worth":"I","credit_rating":"B","homeowner_probability":"H","marital_status":"M","has_credit_card":true,"credit_card_user":true,"household_size":"2","gaming_casino":false,"sweepstakes":false,"occupation_group":"Retired","estimated_income_code":"R","has_investments":false,"has_stocks_securities":false,"investing_active":false}, ?, Annamaria, F, 1, 0, Smith, 8568667565, 5500000, $5,500,000.00 Mega Cash Prize, NJ, new, DB7M6ZTWYF, 2026-07-16 13:26:57, 8057), (225 E Oak Ave, Moorestown, 2026-07-16 13:26:57, 1936-10-25, {"net_worth":"I","credit_rating":"B","homeowner_probability":"H","marital_status":"M","has_credit_card":true,"credit_card_user":true,"household_size":"2","gaming_casino":false,"sweepstakes":false,"occupation_group":"Retired","estimated_income_code":"S","has_investments":true,"has_stocks_securities":false,"investing_active":true}, ?, Carol, F, 1, 0, Frank, 8562355358, 5500000, $5,500,000.00 Mega Cash Prize, NJ, new, K7753CVMXY, 2026-07-16 13:26:57, 8057), (87 Deer Path, Princeton, 2026-07-16 13:26:57, 1941-06-16, {"net_worth":"I","credit_rating":"B","homeowner_probability":"H","marital_status":"M","has_credit_card":true,"credit_card_user":true,"household_size":"2","gaming_casino":false,"sweepstakes":false,"occupation_group":"Retired","estimated_income_code":"R","has_investments":true,"has_stocks_securities":false,"investing_active":true}, cschrire@yahoo.com, Carmel, F, 1, 0, Steiger, 6099211735, 5500000, $5,500,000.00 Mega Cash Prize, NJ, new, VR6S8W7LFG, 2026-07-16 13:26:57, 8540), (924 Birch Dr, Brielle, 2026-07-16 13:26:57, 1940-07-31, {"net_worth":"I","credit_rating":"B","homeowner_probability":"H","marital_status":"M","has_credit_card":true,"credit_card_user":true,"household_size":"2","gaming_casino":false,"sweepstakes":false,"occupation_group":"Retired","estimated_income_code":"R","has_investments":true,"has_stocks_securities":false,"investing_active":true}, bianna924@gmail.com, Barbara, F, 1, 0, Iannacone, 7329048939, 5500000, $5,500,000.00 Mega Cash Prize, NJ, new, W9QXD39BGB, 2026-07-16 13:26:57, 8730), (124 Magee Ct, E Brunswick, 2026-07-16 13:26:57, 1934-11-23, {"net_worth":"I","credit_rating":"B","homeowner_probability":"H","marital_status":"M","has_credit_card":true,"credit_card_user":true,"household_size":"2","gaming_casino":true,"sweepstakes":false,"occupation_group":"Retired","estimated_income_code":"R","has_investments":true,"has_stocks_securities":false,"investing_active":true}, ?, Helen, F, 1, 0, Pollack, 7328221877, 5500000, $5,500,000.00 Mega Cash Prize, NJ, new, UABTQ3PDBT, 2026-07-16 13:26:57, 8816), (85 Beth Page Dr, Monroe Twp, 2026-07-16 13:26:57, 1936-06-22, {"net_worth":"I","credit_rating":"B","homeowner_probability":"H","marital_status":"M","has_credit_card":true,"credit_card_user":true,"household_size":"2","gaming_casino":false,"sweepstakes":false,"occupation_group":"Retired","estimated_income_code":"S","has_investments":true,"has_stocks_securities":false,"investing_active":true}, lwhipple0530@yahoo.com, Lorraine, F, 1, 0, Raden, 7325215776, 5500000, $5,500,000.00 Mega Cash Prize, NJ, new, YQG4YJKRL2, 2026-07-16 13:26:57, 8831), (254 Stanton Mountain Rd, Lebanon, 2026-07-16 13:26:57, 1941-06-21, {"net_worth":"I","credit_rating":"B","homeowner_probability":"H","marital_status":"S","has_credit_card":true,"credit_card_user":true,"household_size":"2","gaming_casino":false,"sweepstakes":false,"occupation_group":"Retired","estimated_income_code":"R","has_investments":true,"has_stocks_securities":true,"investing_active":true}, ?, Walter, M, 1, 0, Caskey, 9086728103, 5500000, $5,500,000.00 Mega Cash Prize, NJ, new, GFDJZCCXTF, 2026-07-16 13:26:57, 8833), (140 Perry St, New York, 2026-07-16 13:26:57, 1935-12-18, {"net_worth":"I","credit_rating":"B","homeowner_probability":"H","marital_status":"M","has_credit_card":true,"credit_card_user":true,"household_size":"1","gaming_casino":false,"sweepstakes":false,"occupation_group":"Retired","estimated_income_code":"R","has_investments":true,"has_stocks_securities":false,"investing_active":false}, jhowell@gateway.net, James, M, 1, 0, Howell, 9178684407, 5500000, $5,500,000.00 Mega Cash Prize, NY, new, TV79ZANQD3, 2026-07-16 13:26:57, 10014), (165 E 32nd St, New York, 2026-07-16 13:26:57, 1938-01-14, {"net_worth":"I","credit_rating":"B","homeowner_probability":"H","marital_status":"M","has_credit_card":true,"credit_card_user":true,"household_size":"2","gaming_casino":false,"sweepstakes":true,"occupation_group":"Retired","estimated_income_code":"S","has_investments":true,"has_stocks_securities":false,"investing_active":true}, alinasaif786@gmail.com, Silvia, F, 1, 0, Last, 9179301053, 5500000, $5,500,000.00 Mega Cash Prize, NY, new, M9H3W7ERGQ, 2026-07-16 13:26:57, 10016), (401 E 74th St, New York, 2026-07-16 13:26:57, 1939-07-25, {"net_worth":"I","credit_rating":"B","homeowner_probability":"H","marital_status":"S","has_credit_card":true,"credit_card_user":true,"household_size":"1","gaming_casino":false,"sweepstakes":false,"occupation_group":"Retired","estimated_income_code":"S","has_investments":true,"has_stocks_securities":false,"investing_active":false}, robert@andnowuknow.com, Christopher, M, 1, 0, Cadbury, 2122491131, 5500000, $5,500,000.00 Mega Cash Prize, NY, new, FZ9HV3X7SD, 2026-07-16 13:26:57, 10021), (200 E 57th St, New York, 2026-07-16 13:26:57, 1940-06-16, {"net_worth":"I","credit_rating":"B","homeowner_probability":"H","marital_status":"M","has_credit_card":true,"credit_card_user":true,"household_size":"2","gaming_casino":false,"sweepstakes":false,"occupation_group":"Retired","estimated_income_code":"R","has_investments":false,"has_stocks_securities":false,"investing_active":false}, esolender@webtv.net, Elsa, F, 1, 0, Solender, 2123087137, 5500000, $5,500,000.00 Mega Cash Prize, NY, new, CYTLRV3YEM, 2026-07-16 13:26:57, 10022), (200 W 86th St, New York, 2026-07-16 13:26:57, 1937-01-18, {"net_worth":"I","credit_rating":"B","homeowner_probability":"H","marital_status":"S","has_credit_card":true,"credit_card_user":true,"household_size":"1","gaming_casino":false,"sweepstakes":false,"occupation_group":"Retired","estimated_income_code":"R","has_investments":true,"has_stocks_securities":false,"investing_active":false}, formul@verizon.net, Harold, M, 1, 0, Forbes, 9178414406, 5500000, $5,500,000.00 Mega Cash Prize, NY, new, 2SDAT3B4WQ, 2026-07-16 13:26:57, 10024), (400 Riverside Dr, New York, 2026-07-16 13:26:57, 1935-03-21, {"net_worth":"I","credit_rating":"A","homeowner_probability":"H","marital_status":"M","has_credit_card":true,"credit_card_user":true,"household_size":"2","gaming_casino":false,"sweepstakes":true,"occupation_group":"Retired","estimated_income_code":"R","has_investments":true,"has_stocks_securities":false,"investing_active":false}, mornethf25@gmail.com, Mokhtar, M, 1, 0, Mokhtefi, 2127492395, 5500000, $5,500,000.00 Mega Cash Prize, NY, new, RNJPSUZMSD, 2026-07-16 13:26:57, 10025), (528 W 111th St, New York, 2026-07-16 13:26:57, 1936-12-30, {"net_worth":"I","credit_rating":"C","homeowner_probability":"H","marital_status":"M","has_credit_card":true,"credit_card_user":true,"household_size":"2","gaming_casino":false,"sweepstakes":true,"occupation_group":"Retired","estimated_income_code":"R","has_investments":true,"has_stocks_securities":false,"investing_active":false}, teresazebrowska@msn.com, Teresa, F, 1, 0, Zebrowski, 9177413795, 5500000, $5,500,000.00 Mega Cash Prize, NY, new, N4A8E87SDD, 2026-07-16 13:26:57, 10025), (845 W End Ave, New York, 2026-07-16 13:26:57, 1937-05-29, {"net_worth":"I","credit_rating":"C","homeowner_probability":"H","marital_status":"M","has_credit_card":true,"credit_card_user":true,"household_size":"2","gaming_casino":false,"sweepstakes":false,"occupation_group":"Retired","estimated_income_code":"R","has_investments":true,"has_stocks_securities":false,"investing_active":false}, gzicht1@nyc.rr.com, Gloria, F, 1, 0, Zicht, 2122221999, 5500000, $5,500,000.00 Mega Cash Prize, NY, new, HVMKVQ4W3Q, 2026-07-16 13:26:57, 10025), (160 E 65th St, New York, 2026-07-16 13:26:57, 1935-06-23, {"net_worth":"I","credit_rating":"B","homeowner_probability":"H","marital_status":"M","has_credit_card":true,"credit_card_user":true,"household_size":"2","gaming_casino":false,"sweepstakes":false,"occupation_group":"Retired","estimated_income_code":"S","has_investments":true,"has_stocks_securities":false,"investing_active":false}, leilalima2012@hotmail.com, Lucio, M, 1, 0, Caputo, 2127446453, 5500000, $5,500,000.00 Mega Cash Prize, NY, new, GG9K6XQCQH, 2026-07-16 13:26:57, 10065), (333 E 79th St, New York, 2026-07-16 13:26:57, 1936-08-10, {"net_worth":"I","credit_rating":"B","homeowner_probability":"H","marital_status":"M","has_credit_card":true,"credit_card_user":true,"household_size":"2","gaming_casino":false,"sweepstakes":false,"occupation_group":"Retired","estimated_income_code":"R","has_investments":true,"has_stocks_securities":false,"investing_active":true}, hjoselson@hotmail.com, Helene, F, 1, 0, Joselson, 6462381989, 5500000, $5,500,000.00 Mega Cash Prize, NY, new, JLFRU8LXMW, 2026-07-16 13:26:57, 10075), (230 Coverly Ave, Staten Island, 2026-07-16 13:26:57, 1935-09-27, {"net_worth":"I","credit_rating":"C","homeowner_probability":"H","marital_status":"M","has_credit_card":true,"credit_card_user":true,"household_size":"1","gaming_casino":false,"sweepstakes":false,"occupation_group":"Retired","estimated_income_code":"R","has_investments":true,"has_stocks_securities":false,"investing_active":false}, ?, Norma, F, 1, 0, Maratea, 7187205799, 5500000, $5,500,000.00 Mega Cash Prize, NY, new, QMBV4AB4UE, 2026-07-16 13:26:57, 10301), (17 Arden Dr, Amawalk, 2026-07-16 13:26:57, 1940-11-18, {"net_worth":"I","credit_rating":"A","homeowner_probability":"H","marital_status":"M","has_credit_card":true,"credit_card_user":true,"household_size":"2","gaming_casino":false,"sweepstakes":false,"occupation_group":"Retired","estimated_income_code":"R","has_investments":true,"has_stocks_securities":false,"investing_active":false}, ?, Doris, F, 1, 0, Olsen, 9142456480, 5500000, $5,500,000.00 Mega Cash Prize, NY, new, HT84D8JCB3, 2026-07-16 13:26:57, 10501), (9 Long Ridge Rd, Bedford, 2026-07-16 13:26:57, 1931-09-15, {"net_worth":"I","credit_rating":"C","homeowner_probability":"H","marital_status":"S","has_credit_card":true,"credit_card_user":true,"household_size":"1","gaming_casino":false,"sweepstakes":false,"occupation_group":"Retired","estimated_income_code":"S","has_investments":false,"has_stocks_securities":false,"investing_active":false}, ?, Marilyn, F, 1, 0, Eskenazi, 9142347682, 5500000, $5,500,000.00 Mega Cash Prize, NY, new, WQKEHWV4C9, 2026-07-16 13:26:57, 10506), (41 Neustadt Ln, Chappaqua, 2026-07-16 13:26:57, 1941-08-20, {"net_worth":"I","credit_rating":"B","homeowner_probability":"H","marital_status":"M","has_credit_card":true,"credit_card_user":true,"household_size":"2","gaming_casino":false,"sweepstakes":false,"occupation_group":"Retired","estimated_income_code":"S","has_investments":true,"has_stocks_securities":false,"investing_active":true}, entshernthymus@hotmail.com, Elizabeth, F, 1, 0, Baum, 9148501860, 5500000, $5,500,000.00 Mega Cash Prize, NY, new, QWEA3YF3GL, 2026-07-16 13:26:57, 10514), (47 Florence Ave, Dobbs Ferry, 2026-07-16 13:26:57, 1931-01-23, {"net_worth":"I","credit_rating":"A","homeowner_probability":"H","marital_status":"M","has_credit_card":true,"credit_card_user":true,"household_size":"2","gaming_casino":false,"sweepstakes":true,"occupation_group":"Retired","estimated_income_code":"S","has_investments":true,"has_stocks_securities":false,"investing_active":true}, ?, Thomas, M, 1, 0, Quick, 9146932328, 5500000, $5,500,000.00 Mega Cash Prize, NY, new, W93SEWVKUZ, 2026-07-16 13:26:57, 10522), (60 Paret Ln, Hartsdale, 2026-07-16 13:26:57, 1938-06-17, {"net_worth":"I","credit_rating":"B","homeowner_probability":"H","marital_status":"M","has_credit_card":true,"credit_card_user":true,"household_size":"2","gaming_casino":false,"sweepstakes":false,"occupation_group":"Retired","estimated_income_code":"R","has_investments":true,"has_stocks_securities":false,"investing_active":false}, ?, Richard, M, 1, 0, Osullivan, 9146820610, 5500000, $5,500,000.00 Mega Cash Prize, NY, new, 3ERUB69TLQ, 2026-07-16 13:26:57, 10530), (41 Maple Hill Dr, Larchmont, 2026-07-16 13:26:57, 1941-06-24, {"net_worth":"I","credit_rating":"B","homeowner_probability":"H","marital_status":"M","has_credit_card":true,"credit_card_user":true,"household_size":"2","gaming_casino":false,"sweepstakes":false,"occupation_group":"Retired","estimated_income_code":"S","has_investments":true,"has_stocks_securities":true,"investing_active":false}, fisch.joseph@yahoo.com, Betty, F, 1, 0, Fisch, 9147157012, 5500000, $5,500,000.00 Mega Cash Prize, NY, new, BEDVT7D2P9, 2026-07-16 13:26:57, 10538), (1009 Old White Plains Rd, Mamaroneck, 2026-07-16 13:26:57, 1931-03-19, {"net_worth":"I","credit_rating":"A","homeowner_probability":"H","marital_status":"S","has_credit_card":true,"credit_card_user":true,"household_size":"1","gaming_casino":false,"sweepstakes":false,"occupation_group":"Retired","estimated_income_code":"S","has_investments":true,"has_stocks_securities":false,"investing_active":true}, tim2tom1@gmail.com, Thomas, M, 1, 0, Kohlberg, 2039181873, 5500000, $5,500,000.00 Mega Cash Prize, NY, new, AJJ6HU3U9C, 2026-07-16 13:26:57, 10543), (1275 Raleigh Rd, Mamaroneck, 2026-07-16 13:26:57, 1931-03-19, {"net_worth":"H","credit_rating":"A","homeowner_probability":"H","marital_status":"M","has_credit_card":true,"credit_card_user":true,"household_size":"1","gaming_casino":false,"sweepstakes":false,"occupation_group":"Retired","estimated_income_code":"R","has_investments":true,"has_stocks_securities":false,"investing_active":true}, bockybob@aol.com, Corinne, F, 1, 0, Mastruzzi, 9146982993, 5500000, $5,500,000.00 Mega Cash Prize, NY, new, 48QVXD3FR3, 2026-07-16 13:26:57, 10543), (204 Forest Dr, Mount Kisco, 2026-07-16 13:26:57, 1942-02-01, {"net_worth":"I","credit_rating":"A","homeowner_probability":"H","marital_status":"M","has_credit_card":true,"credit_card_user":true,"household_size":"2","gaming_casino":false,"sweepstakes":true,"occupation_group":"Retired","estimated_income_code":"S","has_investments":true,"has_stocks_securities":false,"investing_active":false}, curliq@gmail.com, Andrea, F, 1, 0, Keri, 9146497214, 5500000, $5,500,000.00 Mega Cash Prize, NY, new, CUYRKX3NGX, 2026-07-16 13:26:57, 10549), (31 Bonwit Rd, Port Chester, 2026-07-16 13:26:57, 1940-07-01, {"net_worth":"I","credit_rating":"B","homeowner_probability":"H","marital_status":"M","has_credit_card":true,"credit_card_user":true,"household_size":"2","gaming_casino":false,"sweepstakes":false,"occupation_group":"Retired","estimated_income_code":"S","has_investments":true,"has_stocks_securities":false,"investing_active":true}, austinprop@aol.com, Carl, M, 1, 0, Austin, 9149396793, 5500000, $5,500,000.00 Mega Cash Prize, NY, new, 4TB4K8327E, 2026-07-16 13:26:57, 10573), (155 Florence Ave, Rye, 2026-07-16 13:26:57, 1935-04-25, {"net_worth":"I","credit_rating":"A","homeowner_probability":"H","marital_status":"M","has_credit_card":true,"credit_card_user":true,"household_size":"2","gaming_casino":false,"sweepstakes":true,"occupation_group":"Retired","estimated_income_code":"S","has_investments":true,"has_stocks_securities":false,"investing_active":true}, afsdjs621@aol.com, Anthony, M, 1, 0, Storino, 9144748758, 5500000, $5,500,000.00 Mega Cash Prize, NY, new, PWDXATZ9MU, 2026-07-16 13:26:57, 10580), (440 Heritage Hls, Somers, 2026-07-16 13:26:57, 1939-12-04, {"net_worth":"I","credit_rating":"B","homeowner_probability":"H","marital_status":"S","has_credit_card":true,"credit_card_user":true,"household_size":"2","gaming_casino":false,"sweepstakes":false,"occupation_group":"Retired","estimated_income_code":"R","has_investments":true,"has_stocks_securities":false,"investing_active":false}, gabriellem2890@yahoo.com, Gabrielle, F, 1, 0, Mcdonough, 7728079752, 5500000, $5,500,000.00 Mega Cash Prize, NY, new, 8Z6KJWXGX4, 2026-07-16 13:26:57, 10589), (22 Beech Ln, Tarrytown, 2026-07-16 13:26:57, 1937-03-14, {"net_worth":"I","credit_rating":"B","homeowner_probability":"H","marital_status":"M","has_credit_card":true,"credit_card_user":true,"household_size":"2","gaming_casino":false,"sweepstakes":false,"occupation_group":"Retired","estimated_income_code":"R","has_investments":true,"has_stocks_securities":false,"investing_active":true}, ?, Michael, M, 1, 0, Lechner, 9146314228, 5500000, $5,500,000.00 Mega Cash Prize, NY, new, 3L4S9CSKUZ, 2026-07-16 13:26:57, 10591), (20 Kass Rd, White Plains, 2026-07-16 13:26:57, 1936-02-25, {"net_worth":"I","credit_rating":"B","homeowner_probability":"H","marital_status":"M","has_credit_card":true,"credit_card_user":true,"household_size":"2","gaming_casino":false,"sweepstakes":false,"occupation_group":"Retired","estimated_income_code":"R","has_investments":true,"has_stocks_securities":true,"investing_active":true}, ?, William, M, 1, 0, Knapp, 9149469341, 5500000, $5,500,000.00 Mega Cash Prize, NY, new, K8KN3L7ZT8, 2026-07-16 13:26:57, 10605), (182 Soundview Ave, White Plains, 2026-07-16 13:26:57, 1937-01-09, {"net_worth":"I","credit_rating":"A","homeowner_probability":"H","marital_status":"M","has_credit_card":true,"credit_card_user":true,"household_size":"1","gaming_casino":false,"sweepstakes":false,"occupation_group":"Retired","estimated_income_code":"R","has_investments":false,"has_stocks_securities":false,"investing_active":false}, ?, Susan, F, 1, 0, Pon, 9147610020, 5500000, $5,500,000.00 Mega Cash Prize, NY, new, ZEJZQU6D6A, 2026-07-16 13:26:57, 10606), (33 Mile Rd, Suffern, 2026-07-16 13:26:57, 1936-06-06, {"net_worth":"I","credit_rating":"B","homeowner_probability":"H","marital_status":"M","has_credit_card":true,"credit_card_user":true,"household_size":"2","gaming_casino":false,"sweepstakes":true,"occupation_group":"Retired","estimated_income_code":"S","has_investments":true,"has_stocks_securities":false,"investing_active":true}, ?, Philip, M, 1, 0, Fey, 8453577202, 5500000, $5,500,000.00 Mega Cash Prize, NY, new, HKET2GV7SP, 2026-07-16 13:26:57, 10901), (15 Central Ave N, Nyack, 2026-07-16 13:26:57, 1953-04-24, {"net_worth":"I","credit_rating":"B","homeowner_probability":"H","marital_status":"S","has_credit_card":true,"credit_card_user":true,"household_size":"1","gaming_casino":false,"sweepstakes":false,"occupation_group":"Retired","estimated_income_code":"R","has_investments":false,"has_stocks_securities":false,"investing_active":false}, ?, Marilyn, F, 1, 0, Kaskel, 8455353112, 5500000, $5,500,000.00 Mega Cash Prize, NY, new, CSVEALL24B, 2026-07-16 13:26:57, 10960), (18 David Dr, Spring Valley, 2026-07-16 13:26:57, 1938-01-08, {"net_worth":"I","credit_rating":"B","homeowner_probability":"H","marital_status":"S","has_credit_card":true,"credit_card_user":true,"household_size":"2","gaming_casino":false,"sweepstakes":true,"occupation_group":"Retired","estimated_income_code":"R","has_investments":true,"has_stocks_securities":false,"investing_active":false}, g.gauravmehta@gmail.com, Ramesh, M, 1, 0, Mehta, 8453629203, 5500000, $5,500,000.00 Mega Cash Prize, NY, new, 9F9ZQXE6TJ, 2026-07-16 13:26:57, 10977), (21 Huron Rd, Floral Park, 2026-07-16 13:26:57, 1937-08-06, {"net_worth":"I","credit_rating":"B","homeowner_probability":"H","marital_status":"M","has_credit_card":true,"credit_card_user":true,"household_size":"2","gaming_casino":false,"sweepstakes":false,"occupation_group":"Retired","estimated_income_code":"R","has_investments":true,"has_stocks_securities":false,"investing_active":true}, waltergoepfert@aol.com, Walter, M, 1, 0, Goepfert, 5162421297, 5500000, $5,500,000.00 Mega Cash Prize, NY, new, KYJJKWCTHD, 2026-07-16 13:26:57, 11001), (30 Ellard Ave, Great Neck, 2026-07-16 13:26:57, 1942-06-16, {"net_worth":"I","credit_rating":"A","homeowner_probability":"H","marital_status":"M","has_credit_card":true,"credit_card_user":true,"household_size":"2","gaming_casino":false,"sweepstakes":false,"occupation_group":"Retired","estimated_income_code":"R","has_investments":false,"has_stocks_securities":false,"investing_active":false}, ?, Sarah, F, 1, 0, Kaboli, 5164454440, 5500000, $5,500,000.00 Mega Cash Prize, NY, new, WXJP6LADDJ, 2026-07-16 13:26:57, 11024), (10 Aberdeen Rd, New Hyde Park, 2026-07-16 13:26:57, 1942-08-04, {"net_worth":"I","credit_rating":"B","homeowner_probability":"H","marital_status":"M","has_credit_card":true,"credit_card_user":true,"household_size":"2","gaming_casino":false,"sweepstakes":false,"occupation_group":"Retired","estimated_income_code":"R","has_investments":true,"has_stocks_securities":false,"investing_active":false}, bcasella@optonline.net, Robert, M, 1, 0, Casella, 5623979141, 5500000, $5,500,000.00 Mega Cash Prize, NY, new, BC6LQRZ6ZT, 2026-07-16 13:26:57, 11040), (36 Sandy Ct, Prt Washingtn, 2026-07-16 13:26:57, 1941-01-26, {"net_worth":"I","credit_rating":"B","homeowner_probability":"H","marital_status":"M","has_credit_card":true,"credit_card_user":true,"household_size":"2","gaming_casino":false,"sweepstakes":true,"occupation_group":"Retired","estimated_income_code":"R","has_investments":true,"has_stocks_securities":false,"investing_active":true}, oblam@aol.com, Ora, F, 1, 0, Blam, 5163166387, 5500000, $5,500,000.00 Mega Cash Prize, NY, new, LEC3P5VEB7, 2026-07-16 13:26:57, 11050), (20 Willow St, Brooklyn, 2026-07-16 13:26:57, 1941-09-25, {"net_worth":"I","credit_rating":"B","homeowner_probability":"H","marital_status":"M","has_credit_card":true,"credit_card_user":true,"household_size":"2","gaming_casino":false,"sweepstakes":false,"occupation_group":"Retired","estimated_income_code":"R","has_investments":true,"has_stocks_securities":false,"investing_active":false}, ?, Ciro, M, 1, 0, Scala, 3478669630, 5500000, $5,500,000.00 Mega Cash Prize, NY, new, QUK54832YU, 2026-07-16 13:26:57, 11201), (424 Avenue T, Brooklyn, 2026-07-16 13:26:57, 1939-10-11, {"net_worth":"I","credit_rating":"C","homeowner_probability":"H","marital_status":"M","has_credit_card":true,"credit_card_user":true,"household_size":"2","gaming_casino":false,"sweepstakes":false,"occupation_group":"Retired","estimated_income_code":"R","has_investments":true,"has_stocks_securities":false,"investing_active":true}, ?, Lorraine, F, 1, 0, Gindi, 7189967603, 5500000, $5,500,000.00 Mega Cash Prize, NY, new, DRWSQN5MWD, 2026-07-16 13:26:57, 11223), (289 Rushmore Ave, Carle Place, 2026-07-16 13:26:57, 1937-11-01, {"net_worth":"I","credit_rating":"A","homeowner_probability":"H","marital_status":"M","has_credit_card":true,"credit_card_user":true,"household_size":"1","gaming_casino":false,"sweepstakes":false,"occupation_group":"Retired","estimated_income_code":"R","has_investments":true,"has_stocks_securities":false,"investing_active":true}, janethalfpenny@msn.com, James, M, 1, 0, Halfpenny, 5163347127, 5500000, $5,500,000.00 Mega Cash Prize, NY, new, CFN8WK47Q5, 2026-07-16 13:26:57, 11514), (134 Willow St, Garden City, 2026-07-16 13:26:57, 1939-10-22, {"net_worth":"I","credit_rating":"B","homeowner_probability":"H","marital_status":"M","has_credit_card":true,"credit_card_user":true,"household_size":"2","gaming_casino":false,"sweepstakes":false,"occupation_group":"Retired","estimated_income_code":"R","has_investments":true,"has_stocks_securities":false,"investing_active":true}, ?, Margit, F, 1, 0, Roelofsen, 5167417580, 5500000, $5,500,000.00 Mega Cash Prize, NY, new, 39WVX3XE7V, 2026-07-16 13:26:57, 11530), (6 Colonial Dr, Glen Head, 2026-07-16 13:26:57, 1935-08-10, {"net_worth":"I","credit_rating":"B","homeowner_probability":"H","marital_status":"S","has_credit_card":true,"credit_card_user":true,"household_size":"2","gaming_casino":false,"sweepstakes":false,"occupation_group":"Retired","estimated_income_code":"S","has_investments":true,"has_stocks_securities":false,"investing_active":true}, cmeinzinger@gmail.com, Christa, F, 1, 0, Meinzinger, 5163750212, 5500000, $5,500,000.00 Mega Cash Prize, NY, new, 9BYMPUMU58, 2026-07-16 13:26:57, 11545), (23 Donna Ln, Long Beach, 2026-07-16 13:26:57, 1940-09-01, {"net_worth":"I","credit_rating":"A","homeowner_probability":"H","marital_status":"M","has_credit_card":true,"credit_card_user":true,"household_size":"2","gaming_casino":false,"sweepstakes":true,"occupation_group":"Retired","estimated_income_code":"R","has_investments":true,"has_stocks_securities":true,"investing_active":true}, larryav306@aol.com, Lawrence, M, 1, 0, Aptekar, 5168897416, 5500000, $5,500,000.00 Mega Cash Prize, NY, new, 38QKXA8P27, 2026-07-16 13:26:57, 11561), (3425 Jami St, Merrick, 2026-07-16 13:26:57, 1938-06-03, {"net_worth":"I","credit_rating":"B","homeowner_probability":"H","marital_status":"M","has_credit_card":true,"credit_card_user":true,"household_size":"2","gaming_casino":false,"sweepstakes":false,"occupation_group":"Retired","estimated_income_code":"S","has_investments":true,"has_stocks_securities":false,"investing_active":true}, ?, Samuel, M, 1, 0, Siegel, 5163780872, 5500000, $5,500,000.00 Mega Cash Prize, NY, new, JFDRJ96JZX, 2026-07-16 13:26:57, 11566), (61 Tara Dr, Roslyn, 2026-07-16 13:26:57, 1935-07-01, {"net_worth":"I","credit_rating":"B","homeowner_probability":"H","marital_status":"S","has_credit_card":true,"credit_card_user":true,"household_size":"1","gaming_casino":false,"sweepstakes":true,"occupation_group":"Retired","estimated_income_code":"R","has_investments":true,"has_stocks_securities":false,"investing_active":false}, rjiaz@hotmail.com, Lewis, M, 1, 0, Katz, 5163533601, 5500000, $5,500,000.00 Mega Cash Prize, NY, new, HW2WZKPUK6, 2026-07-16 13:26:57, 11576), (452 Links Dr S, Roslyn, 2026-07-16 13:26:57, 1938-06-27, {"net_worth":"I","credit_rating":"B","homeowner_probability":"H","marital_status":"M","has_credit_card":true,"credit_card_user":true,"household_size":"1","gaming_casino":false,"sweepstakes":false,"occupation_group":"Retired","estimated_income_code":"S","has_investments":true,"has_stocks_securities":false,"investing_active":true}, pjhoch@aol.com, Paul, M, 1, 0, Hochhauser, 5164577782, 5500000, $5,500,000.00 Mega Cash Prize, NY, new, C7U3DS2ULG, 2026-07-16 13:26:57, 11576), (46 Wimbledon Dr, Roslyn, 2026-07-16 13:26:57, 1939-10-22, {"net_worth":"I","credit_rating":"B","homeowner_probability":"H","marital_status":"M","has_credit_card":true,"credit_card_user":true,"household_size":"1","gaming_casino":false,"sweepstakes":false,"occupation_group":"Retired","estimated_income_code":"S","has_investments":true,"has_stocks_securities":false,"investing_active":true}, ?, Sondra, F, 1, 0, Schneider, 5168516467, 5500000, $5,500,000.00 Mega Cash Prize, NY, new, BEYACRD5RF, 2026-07-16 13:26:57, 11576), (41 Saddle Ln, Roslyn Hts, 2026-07-16 13:26:57, 1938-04-28, {"net_worth":"I","credit_rating":"B","homeowner_probability":"H","marital_status":"M","has_credit_card":true,"credit_card_user":true,"household_size":"2","gaming_casino":false,"sweepstakes":false,"occupation_group":"Retired","estimated_income_code":"R","has_investments":true,"has_stocks_securities":false,"investing_active":true}, ?, June, F, 1, 0, Dellova, 5164264955, 5500000, $5,500,000.00 Mega Cash Prize, NY, new, 2Z3BCGQA9T, 2026-07-16 13:26:57, 11577), (10 Meritoria Dr, Williston Pk, 2026-07-16 13:26:57, 1938-08-27, {"net_worth":"I","credit_rating":"A","homeowner_probability":"H","marital_status":"S","has_credit_card":true,"credit_card_user":true,"household_size":"2","gaming_casino":false,"sweepstakes":false,"occupation_group":"Retired","estimated_income_code":"S","has_investments":true,"has_stocks_securities":false,"investing_active":true}, pergolis@yahoo.com, Roseanne, F, 1, 0, Pergolis, 5162480135, 5500000, $5,500,000.00 Mega Cash Prize, NY, new, HQJ633FA8T, 2026-07-16 13:26:57, 11596), (899 Green Pl, Woodmere, 2026-07-16 13:26:57, 1936-06-23, {"net_worth":"I","credit_rating":"B","homeowner_probability":"H","marital_status":"M","has_credit_card":true,"credit_card_user":true,"household_size":"2","gaming_casino":false,"sweepstakes":false,"occupation_group":"Retired","estimated_income_code":"S","has_investments":true,"has_stocks_securities":false,"investing_active":true}, ?, Joshua, M, 1, 0, Danzger, 5163746250, 5500000, $5,500,000.00 Mega Cash Prize, NY, new, L24TZA6JF6, 2026-07-16 13:26:57, 11598), (349 Silver St, West Babylon, 2026-07-16 13:26:57, 1939-11-14, {"net_worth":"I","credit_rating":"B","homeowner_probability":"H","marital_status":"M","has_credit_card":true,"credit_card_user":true,"household_size":"2","gaming_casino":false,"sweepstakes":true,"occupation_group":"Retired","estimated_income_code":"S","has_investments":true,"has_stocks_securities":false,"investing_active":true}, decos28@yahoo.com, Eleanor, F, 1, 0, Decos, 6318353670, 5500000, $5,500,000.00 Mega Cash Prize, NY, new, MX6DBLL872, 2026-07-16 13:26:57, 11704), (25 Boylan Ln, Blue Point, 2026-07-16 13:26:57, 1940-07-05, {"net_worth":"I","credit_rating":"C","homeowner_probability":"H","marital_status":"M","has_credit_card":true,"credit_card_user":true,"household_size":"2","gaming_casino":false,"sweepstakes":false,"occupation_group":"Retired","estimated_income_code":"R","has_investments":true,"has_stocks_securities":false,"investing_active":false}, baltomipero@hotmail.com, Janet, F, 1, 0, Mulvey, 6314451818, 5500000, $5,500,000.00 Mega Cash Prize, NY, new, EM9KKKYBZG, 2026-07-16 13:26:57, 11715), (26 Cedarwood Ln, Commack, 2026-07-16 13:26:57, 1937-10-19, {"net_worth":"I","credit_rating":"B","homeowner_probability":"H","marital_status":"M","has_credit_card":true,"credit_card_user":true,"household_size":"2","gaming_casino":false,"sweepstakes":false,"occupation_group":"Retired","estimated_income_code":"R","has_investments":true,"has_stocks_securities":false,"investing_active":false}, stellam3481@aol.com, Stella, F, 1, 0, Mulligan, 5165432995, 5500000, $5,500,000.00 Mega Cash Prize, NY, new, B3SATBW8RQ, 2026-07-16 13:26:57, 11725), (31 Monmouth Dr, E Northport, 2026-07-16 13:26:57, 1935-01-10, {"net_worth":"I","credit_rating":"C","homeowner_probability":"H","marital_status":"M","has_credit_card":true,"credit_card_user":true,"household_size":"2","gaming_casino":false,"sweepstakes":false,"occupation_group":"Retired","estimated_income_code":"R","has_investments":true,"has_stocks_securities":true,"investing_active":false}, ?, Walter, M, 1, 0, Tomforde, 6317579323, 5500000, $5,500,000.00 Mega Cash Prize, NY, new, DH6CWCBPKV, 2026-07-16 13:26:57, 11731), (12 Woodhull Cove Ln, East Setauket, 2026-07-16 13:26:57, 1952-11-06, {"net_worth":"I","credit_rating":"B","homeowner_probability":"H","marital_status":"M","has_credit_card":true,"credit_card_user":true,"household_size":"1","gaming_casino":false,"sweepstakes":false,"occupation_group":"Retired","estimated_income_code":"S","has_investments":false,"has_stocks_securities":false,"investing_active":false}, ?, Nan, F, 1, 0, Mezzatesta, 6317513040, 5500000, $5,500,000.00 Mega Cash Prize, NY, new, 74FZXY4ZZA, 2026-07-16 13:26:57, 11733), (6 Oakwood St, Greenlawn, 2026-07-16 13:26:57, 1939-03-02, {"net_worth":"I","credit_rating":"A","homeowner_probability":"H","marital_status":"M","has_credit_card":true,"credit_card_user":true,"household_size":"2","gaming_casino":false,"sweepstakes":true,"occupation_group":"Retired","estimated_income_code":"R","has_investments":true,"has_stocks_securities":true,"investing_active":true}, ?, Alice, F, 1, 0, Ricard, 6465946191, 5500000, $5,500,000.00 Mega Cash Prize, NY, new, SERFWSLY8T, 2026-07-16 13:26:57, 11740), (4 Manor Rd, Huntington, 2026-07-16 13:26:57, 1932-01-06, {"net_worth":"I","credit_rating":"A","homeowner_probability":"H","marital_status":"M","has_credit_card":true,"credit_card_user":true,"household_size":"2","gaming_casino":false,"sweepstakes":false,"occupation_group":"Retired","estimated_income_code":"S","has_investments":false,"has_stocks_securities":false,"investing_active":false}, ?, Joseph, M, 1, 0, Tavernese, 6312615021, 5500000, $5,500,000.00 Mega Cash Prize, NY, new, XKV2BWXRS3, 2026-07-16 13:26:57, 11743), (36 Sherman St, Huntington, 2026-07-16 13:26:57, 1936-08-13, {"net_worth":"I","credit_rating":"B","homeowner_probability":"H","marital_status":"M","has_credit_card":true,"credit_card_user":true,"household_size":"2","gaming_casino":false,"sweepstakes":false,"occupation_group":"Retired","estimated_income_code":"R","has_investments":true,"has_stocks_securities":false,"investing_active":false}, mkostoini@gmail.com, Marilyn, F, 1, 0, Kostolni, 5163598416, 5500000, $5,500,000.00 Mega Cash Prize, NY, new, KJ3SVA87CM, 2026-07-16 13:26:57, 11743), (163 Chichester Rd, Huntington, 2026-07-16 13:26:57, 1937-05-04, {"net_worth":"I","credit_rating":"B","homeowner_probability":"H","marital_status":"M","has_credit_card":true,"credit_card_user":true,"household_size":"1","gaming_casino":false,"sweepstakes":true,"occupation_group":"Retired","estimated_income_code":"R","has_investments":true,"has_stocks_securities":false,"investing_active":false}, stepheby.miller74@verizon.net, Stephen, M, 1, 0, Miller, 2107530462, 5500000, $5,500,000.00 Mega Cash Prize, NY, new, SK5C4NJXQH, 2026-07-16 13:26:57, 11743), (13 Bushwick St, Melville, 2026-07-16 13:26:57, 1935-02-10, {"net_worth":"I","credit_rating":"A","homeowner_probability":"H","marital_status":"S","has_credit_card":true,"credit_card_user":true,"household_size":"1","gaming_casino":false,"sweepstakes":false,"occupation_group":"Retired","estimated_income_code":"R","has_investments":false,"has_stocks_securities":false,"investing_active":false}, bscali@msn.com, Barbara, F, 1, 0, Scali, 3479878288, 5500000, $5,500,000.00 Mega Cash Prize, NY, new, F7YFU9HKKS, 2026-07-16 13:26:57, 11747), (5 Gaston St, Melville, 2026-07-16 13:26:57, 1932-03-24, {"net_worth":"I","credit_rating":"B","homeowner_probability":"H","marital_status":"M","has_credit_card":true,"credit_card_user":true,"household_size":"2","gaming_casino":false,"sweepstakes":true,"occupation_group":"Retired","estimated_income_code":"R","has_investments":true,"has_stocks_securities":false,"investing_active":false}, ?, William, M, 1, 0, Dunn, 5164240098, 5500000, $5,500,000.00 Mega Cash Prize, NY, new, RUGQFJPL7J, 2026-07-16 13:26:57, 11747), (143 Altessa Blvd, Melville, 2026-07-16 13:26:57, 1938-07-16, {"net_worth":"I","credit_rating":"B","homeowner_probability":"H","marital_status":"M","has_credit_card":true,"credit_card_user":true,"household_size":"2","gaming_casino":false,"sweepstakes":false,"occupation_group":"Retired","estimated_income_code":"R","has_investments":false,"has_stocks_securities":false,"investing_active":false}, glorisch@yahoo.com, Gloria, F, 1, 0, Schoenfeld, 8505985883, 5500000, $5,500,000.00 Mega Cash Prize, NY, new, R5KS2TWM57, 2026-07-16 13:26:57, 11747), (180 N Kentucky Ave, Massapequa, 2026-07-16 13:26:57, 1933-01-24, {"net_worth":"I","credit_rating":"A","homeowner_probability":"H","marital_status":"M","has_credit_card":true,"credit_card_user":true,"household_size":"2","gaming_casino":false,"sweepstakes":true,"occupation_group":"Retired","estimated_income_code":"R","has_investments":true,"has_stocks_securities":false,"investing_active":false}, ?, Esther, F, 1, 0, Levy, 5167560281, 5500000, $5,500,000.00 Mega Cash Prize, NY, new, 2FH8MUTS9N, 2026-07-16 13:26:57, 11758), (161 Hamlet Dr, Mount Sinai, 2026-07-16 13:26:57, 1940-05-14, {"net_worth":"I","credit_rating":"A","homeowner_probability":"H","marital_status":"M","has_credit_card":true,"credit_card_user":true,"household_size":"2","gaming_casino":false,"sweepstakes":false,"occupation_group":"Retired","estimated_income_code":"R","has_investments":false,"has_stocks_securities":false,"investing_active":false}, patricia_carpenter@msn.com, Yvonne, F, 1, 0, Felton, 6316427640, 5500000, $5,500,000.00 Mega Cash Prize, NY, new, M672DT3YWP, 2026-07-16 13:26:57, 11766), (120 Highwood Cir, Oyster Bay, 2026-07-16 13:26:57, 1943-01-23, {"net_worth":"I","credit_rating":"C","homeowner_probability":"H","marital_status":"M","has_credit_card":true,"credit_card_user":true,"household_size":"1","gaming_casino":false,"sweepstakes":false,"occupation_group":"Retired","estimated_income_code":"S","has_investments":true,"has_stocks_securities":false,"investing_active":true}, frogobc@hotmail.com, Ruth, F, 1, 0, Meyer, 5169227933, 5500000, $5,500,000.00 Mega Cash Prize, NY, new, 3LVW4TGP9F, 2026-07-16 13:26:57, 11771), (10 Patton Rd, Saint James, 2026-07-16 13:26:57, 1932-09-19, {"net_worth":"I","credit_rating":"B","homeowner_probability":"H","marital_status":"M","has_credit_card":true,"credit_card_user":true,"household_size":"2","gaming_casino":false,"sweepstakes":false,"occupation_group":"Retired","estimated_income_code":"R","has_investments":true,"has_stocks_securities":false,"investing_active":true}, ?, Gladys, F, 1, 0, Blake, 5167210192, 5500000, $5,500,000.00 Mega Cash Prize, NY, new, 56CWBGFPPZ, 2026-07-16 13:26:57, 11780), (96 Julbet Dr, Sayville, 2026-07-16 13:26:57, 1952-11-01, {"net_worth":"I","credit_rating":"A","homeowner_probability":"H","marital_status":"M","has_credit_card":true,"credit_card_user":true,"household_size":"2","gaming_casino":false,"sweepstakes":false,"occupation_group":"Retired","estimated_income_code":"R","has_investments":true,"has_stocks_securities":false,"investing_active":false}, itz33@hotmail.com, Howard, M, 1, 0, Metzger, 5166974033, 5500000, $5,500,000.00 Mega Cash Prize, NY, new, JQWWC8E3ZL, 2026-07-16 13:26:57, 11782), (4040 Burke Ct, Seaford, 2026-07-16 13:26:57, 1936-09-02, {"net_worth":"I","credit_rating":"A","homeowner_probability":"H","marital_status":"M","has_credit_card":true,"credit_card_user":true,"household_size":"2","gaming_casino":false,"sweepstakes":true,"occupation_group":"Retired","estimated_income_code":"S","has_investments":true,"has_stocks_securities":false,"investing_active":true}, ?, Carole, F, 1, 0, Bacchi, 5162216741, 5500000, $5,500,000.00 Mega Cash Prize, NY, new, H6RSSDQQBE, 2026-07-16 13:26:57, 11783), (299 Bow Dr, Hauppauge, 2026-07-16 13:26:57, 1938-04-06, {"net_worth":"I","credit_rating":"C","homeowner_probability":"H","marital_status":"M","has_credit_card":true,"credit_card_user":true,"household_size":"2","gaming_casino":false,"sweepstakes":false,"occupation_group":"Retired","estimated_income_code":"R","has_investments":true,"has_stocks_securities":false,"investing_active":false}, alexholtz@outlook.com, Alex, M, 1, 0, Holtz, 5167243371, 5500000, $5,500,000.00 Mega Cash Prize, NY, new, MTWY37H5X9, 2026-07-16 13:26:57, 11788), (15 Homestead Cir, Hauppauge, 2026-07-16 13:26:57, 1938-11-13, {"net_worth":"I","credit_rating":"A","homeowner_probability":"H","marital_status":"M","has_credit_card":true,"credit_card_user":true,"household_size":"2","gaming_casino":false,"sweepstakes":true,"occupation_group":"Retired","estimated_income_code":"R","has_investments":true,"has_stocks_securities":false,"investing_active":true}, tom101238@aol.com, Thomas, M, 1, 0, Mcgowan, 9173315672, 5500000, $5,500,000.00 Mega Cash Prize, NY, new, PBC6C96HD2, 2026-07-16 13:26:57, 11788), (78 Quaker Path, Stony Brook, 2026-07-16 13:26:57, 1937-05-04, {"net_worth":"I","credit_rating":"B","homeowner_probability":"H","marital_status":"M","has_credit_card":true,"credit_card_user":true,"household_size":"2","gaming_casino":false,"sweepstakes":false,"occupation_group":"Retired","estimated_income_code":"R","has_investments":true,"has_stocks_securities":false,"investing_active":true}, tommenten@aol.com, Constance, F, 1, 0, Menten, 6319743894, 5500000, $5,500,000.00 Mega Cash Prize, NY, new, QUVLMQ9XU5, 2026-07-16 13:26:57, 11790), (3 Greenway Dr, Syosset, 2026-07-16 13:26:57, 1942-05-02, {"net_worth":"I","credit_rating":"A","homeowner_probability":"H","marital_status":"M","has_credit_card":true,"credit_card_user":true,"household_size":"2","gaming_casino":false,"sweepstakes":false,"occupation_group":"Retired","estimated_income_code":"R","has_investments":true,"has_stocks_securities":false,"investing_active":true}, ?, Evelyn, F, 1, 0, Regan, 5163642985, 5500000, $5,500,000.00 Mega Cash Prize, NY, new, BMGKT9Y677, 2026-07-16 13:26:57, 11791), (17 Elm St, Woodbury, 2026-07-16 13:26:57, 1941-03-02, {"net_worth":"I","credit_rating":"C","homeowner_probability":"H","marital_status":"S","has_credit_card":true,"credit_card_user":true,"household_size":"1","gaming_casino":false,"sweepstakes":false,"occupation_group":"Retired","estimated_income_code":"S","has_investments":true,"has_stocks_securities":false,"investing_active":true}, cjdistrv@aim.com, Harvey, M, 1, 0, Sobler, 5165108172, 5500000, $5,500,000.00 Mega Cash Prize, NY, new, KQLTV5A3PW, 2026-07-16 13:26:57, 11797), (16 Cranford Rd, Plainview, 2026-07-16 13:26:57, 1952-11-04, {"net_worth":"I","credit_rating":"C","homeowner_probability":"H","marital_status":"M","has_credit_card":true,"credit_card_user":true,"household_size":"2","gaming_casino":false,"sweepstakes":true,"occupation_group":"Retired","estimated_income_code":"R","has_investments":false,"has_stocks_securities":false,"investing_active":false}, ?, Phyllis, F, 1, 0, Epstein, 5167281622, 5500000, $5,500,000.00 Mega Cash Prize, NY, new, KF94LFQ6W2, 2026-07-16 13:26:57, 11803), (29 Barnum Ave, Plainview, 2026-07-16 13:26:57, 1936-06-23, {"net_worth":"I","credit_rating":"A","homeowner_probability":"H","marital_status":"M","has_credit_card":true,"credit_card_user":true,"household_size":"2","gaming_casino":false,"sweepstakes":false,"occupation_group":"Retired","estimated_income_code":"S","has_investments":true,"has_stocks_securities":false,"investing_active":true}, francesboullianne@worldnet.att.net, Richard, M, 1, 0, Boullianne, 5169312507, 5500000, $5,500,000.00 Mega Cash Prize, NY, new, L8RN23XBF6, 2026-07-16 13:26:57, 11803), (62 Lakeview Dr, Manorville, 2026-07-16 13:26:57, 1936-11-03, {"net_worth":"I","credit_rating":"B","homeowner_probability":"H","marital_status":"S","has_credit_card":true,"credit_card_user":true,"household_size":"1","gaming_casino":false,"sweepstakes":false,"occupation_group":"Retired","estimated_income_code":"R","has_investments":true,"has_stocks_securities":false,"investing_active":true}, ?, Elisabeth, F, 1, 0, Becker, 6318748916, 5500000, $5,500,000.00 Mega Cash Prize, NY, new, GFKUQKX6V6, 2026-07-16 13:26:57, 11949), (5705 Harveysburg Rd, Waynesville, 2026-07-16 13:26:57, 1941-07-01, {"net_worth":"I","credit_rating":"A","homeowner_probability":"H","marital_status":"M","has_credit_card":true,"credit_card_user":true,"household_size":"2","gaming_casino":false,"sweepstakes":false,"occupation_group":"Retired","estimated_income_code":"R","has_investments":true,"has_stocks_securities":true,"investing_active":false}, res6843@gmail.com, Barbara, F, 1, 0, Scarboro, 8284002733, 5500000, $5,500,000.00 Mega Cash Prize, OH, new, SUD66LA6AG, 2026-07-16 13:26:57, 45068), (240 Wood St, Batavia, 2026-07-16 13:26:57, 1937-01-16, {"net_worth":"I","credit_rating":"B","homeowner_probability":"H","marital_status":"M","has_credit_card":true,"credit_card_user":true,"household_size":"2","gaming_casino":false,"sweepstakes":false,"occupation_group":"Retired","estimated_income_code":"S","has_investments":false,"has_stocks_securities":false,"investing_active":false}, ?, Kathleen, F, 1, 0, Leone, 5133780296, 5500000, $5,500,000.00 Mega Cash Prize, OH, new, HH7RSGSHPY, 2026-07-16 13:26:57, 45103), (9927 Forestglen Dr, Cincinnati, 2026-07-16 13:26:57, 1937-03-09, {"net_worth":"I","credit_rating":"B","homeowner_probability":"H","marital_status":"M","has_credit_card":true,"credit_card_user":true,"household_size":"2","gaming_casino":false,"sweepstakes":false,"occupation_group":"Retired","estimated_income_code":"R","has_investments":true,"has_stocks_securities":true,"investing_active":false}, ?, Barbara, F, 1, 0, Judd, 5132919287, 5500000, $5,500,000.00 Mega Cash Prize, OH, new, X8TFKD5EYW, 2026-07-16 13:26:57, 45242), (6676 Kenwood Rd, Cincinnati, 2026-07-16 13:26:57, 1933-08-12, {"net_worth":"I","credit_rating":"A","homeowner_probability":"H","marital_status":"M","has_credit_card":true,"credit_card_user":true,"household_size":"2","gaming_casino":false,"sweepstakes":false,"occupation_group":"Retired","estimated_income_code":"R","has_investments":true,"has_stocks_securities":false,"investing_active":false}, ?, Joan, F, 1, 0, Osterbrock, 8323142991, 5500000, $5,500,000.00 Mega Cash Prize, OH, new, 8U4REHWH4C, 2026-07-16 13:26:57, 45243), (4605 Burley Hills Dr, Cincinnati, 2026-07-16 13:26:57, 1942-08-05, {"net_worth":"I","credit_rating":"B","homeowner_probability":"H","marital_status":"M","has_credit_card":true,"credit_card_user":true,"household_size":"2","gaming_casino":false,"sweepstakes":true,"occupation_group":"Retired","estimated_income_code":"S","has_investments":true,"has_stocks_securities":false,"investing_active":true}, connersam1@gmail.com, Samuel, M, 1, 0, Conner, 5132723404, 5500000, $5,500,000.00 Mega Cash Prize, OH, new, 6PGFPCX9DN, 2026-07-16 13:26:57, 45243), (7085 Ravens Run, Cincinnati, 2026-07-16 13:26:57, 1941-12-23, {"net_worth":"I","credit_rating":"B","homeowner_probability":"H","marital_status":"M","has_credit_card":true,"credit_card_user":true,"household_size":"2","gaming_casino":false,"sweepstakes":true,"occupation_group":"Retired","estimated_income_code":"R","has_investments":true,"has_stocks_securities":false,"investing_active":true}, chicktaylo@comcast.net, Wilbert, M, 1, 0, Schwartz, 5136247702, 5500000, $5,500,000.00 Mega Cash Prize, OH, new, NN8YCRWNGH, 2026-07-16 13:26:57, 45244), (8198 Daleview Rd, Cincinnati, 2026-07-16 13:26:57, 1944-02-04, {"net_worth":"H","credit_rating":"B","homeowner_probability":"H","marital_status":"M","has_credit_card":true,"credit_card_user":true,"household_size":"2","gaming_casino":false,"sweepstakes":false,"occupation_group":"Retired","estimated_income_code":"R","has_investments":true,"has_stocks_securities":false,"investing_active":false}, ramcvay@gmail.com, Richard, M, 1, 0, Mcvay, 8323670473, 5500000, $5,500,000.00 Mega Cash Prize, OH, new, D4MDG2PP4F, 2026-07-16 13:26:57, 45247), (2926 Stone Mill Ct, Dayton, 2026-07-16 13:26:57, 1946-10-23, {"net_worth":"I","credit_rating":"A","homeowner_probability":"H","marital_status":"M","has_credit_card":true,"credit_card_user":true,"household_size":"2","gaming_casino":false,"sweepstakes":true,"occupation_group":"Retired","estimated_income_code":"R","has_investments":true,"has_stocks_securities":false,"investing_active":true}, dunn509@hotmail.com, Ronald, M, 1, 0, Dunn, 9374268809, 5500000, $5,500,000.00 Mega Cash Prize, OH, new, U8CR2SP8ZZ, 2026-07-16 13:26:57, 45434), (3441 Marblecrest Ct, Dayton, 2026-07-16 13:26:57, 1941-02-24, {"net_worth":"I","credit_rating":"C","homeowner_probability":"H","marital_status":"M","has_credit_card":true,"credit_card_user":true,"household_size":"2","gaming_casino":false,"sweepstakes":false,"occupation_group":"Retired","estimated_income_code":"R","has_investments":true,"has_stocks_securities":false,"investing_active":true}, cmhunterrn@yahoo.com, Robert, M, 1, 0, Brant, 9374292735, 5500000, $5,500,000.00 Mega Cash Prize, OH, new, JJDK93CQG3, 2026-07-16 13:26:57, 45440), (3270 40th Ave S, Fargo, 2026-07-16 13:26:57, 1937-03-12, {"net_worth":"H","credit_rating":"A","homeowner_probability":"H","marital_status":"M","has_credit_card":true,"credit_card_user":true,"household_size":"2","gaming_casino":false,"sweepstakes":false,"occupation_group":"Retired","estimated_income_code":"R","has_investments":true,"has_stocks_securities":false,"investing_active":true}, ?, James, M, 1, 0, Meehan, 7015210286, 5500000, $5,500,000.00 Mega Cash Prize, ND, new, GNWSA9XKWA, 2026-07-16 13:26:57, 58104), (5018 Driftwood Ln, Bismarck, 2026-07-16 13:26:57, 1943-08-31, {"net_worth":"I","credit_rating":"B","homeowner_probability":"H","marital_status":"S","has_credit_card":true,"credit_card_user":true,"household_size":"1","gaming_casino":false,"sweepstakes":false,"occupation_group":"Retired","estimated_income_code":"S","has_investments":false,"has_stocks_securities":false,"investing_active":false}, bh5018@gmail.com, Barney, M, 1, 0, Halldorson, 7013907426, 5500000, $5,500,000.00 Mega Cash Prize, ND, new, EAAYBNUFBQ, 2026-07-16 13:26:57, 58503), (3735 Corbin Dr, Billings, 2026-07-16 13:26:57, 1938-06-28, {"net_worth":"I","credit_rating":"B","homeowner_probability":"H","marital_status":"M","has_credit_card":true,"credit_card_user":true,"household_size":"2","gaming_casino":false,"sweepstakes":true,"occupation_group":"Retired","estimated_income_code":"S","has_investments":true,"has_stocks_securities":true,"investing_active":false}, lacandccc@aol.com, Clayton, M, 1, 0, Cummins, 4066989623, 5500000, $5,500,000.00 Mega Cash Prize, MT, new, WD82JMFQZ9, 2026-07-16 13:26:57, 59102), (17111 Chaise Ridge Rd, Chesterfield, 2026-07-16 13:26:57, 1942-01-21, {"net_worth":"I","credit_rating":"A","homeowner_probability":"H","marital_status":"M","has_credit_card":true,"credit_card_user":true,"household_size":"2","gaming_casino":false,"sweepstakes":true,"occupation_group":"Retired","estimated_income_code":"S","has_investments":true,"has_stocks_securities":false,"investing_active":false}, vivianstroker@att.net, Vivian, F, 1, 0, Stroker, 6363997541, 5500000, $5,500,000.00 Mega Cash Prize, MO, new, FVS6AYC8LB, 2026-07-16 13:26:57, 63005), (243 Bristol Rd, Saint Louis, 2026-07-16 13:26:57, 1935-08-14, {"net_worth":"I","credit_rating":"B","homeowner_probability":"H","marital_status":"M","has_credit_card":true,"credit_card_user":true,"household_size":"2","gaming_casino":false,"sweepstakes":false,"occupation_group":"Retired","estimated_income_code":"R","has_investments":false,"has_stocks_securities":false,"investing_active":false}, thomahamm@aol.com, Jane, F, 1, 0, Hammond, 3149680337, 5500000, $5,500,000.00 Mega Cash Prize, MO, new, FKJHM3SYR2, 2026-07-16 13:26:57, 63119), (903 Bluespring Ln, Saint Louis, 2026-07-16 13:26:57, 1939-05-13, {"net_worth":"I","credit_rating":"A","homeowner_probability":"H","marital_status":"M","has_credit_card":true,"credit_card_user":true,"household_size":"2","gaming_casino":false,"sweepstakes":true,"occupation_group":"Retired","estimated_income_code":"R","has_investments":true,"has_stocks_securities":false,"investing_active":true}, ?, Linda, F, 1, 0, Blumoff, 3146519427, 5500000, $5,500,000.00 Mega Cash Prize, MO, new, HVQGYMLH5L, 2026-07-16 13:26:57, 63131), (62 Moorings Dr, Lake St Louis, 2026-07-16 13:26:57, 1936-03-05, {"net_worth":"I","credit_rating":"B","homeowner_probability":"H","marital_status":"M","has_credit_card":true,"credit_card_user":true,"household_size":"1","gaming_casino":false,"sweepstakes":true,"occupation_group":"Retired","estimated_income_code":"S","has_investments":true,"has_stocks_securities":false,"investing_active":false}, mogerman@i1.net, Sallie, F, 1, 0, Mogerman, 3147241869, 5500000, $5,500,000.00 Mega Cash Prize, MO, new, YHZGNT888V, 2026-07-16 13:26:57, 63367), (15 W 57th St, Kansas City, 2026-07-16 13:26:57, 1942-01-28, {"net_worth":"I","credit_rating":"B","homeowner_probability":"H","marital_status":"M","has_credit_card":true,"credit_card_user":true,"household_size":"2","gaming_casino":false,"sweepstakes":false,"occupation_group":"Retired","estimated_income_code":"R","has_investments":true,"has_stocks_securities":false,"investing_active":false}, mariododson65@gmail.com, James, M, 1, 0, Carns, 8165222471, 5500000, $5,500,000.00 Mega Cash Prize, MO, new, ZHWRGAB684, 2026-07-16 13:26:57, 64113), (350 Kimberly Ln, Los Alamos, 2026-07-16 13:26:57, 1957-01-01, {"net_worth":"H","credit_rating":"A","homeowner_probability":"H","marital_status":"M","has_credit_card":true,"credit_card_user":true,"household_size":"2","gaming_casino":false,"sweepstakes":true,"occupation_group":"Retired","estimated_income_code":"S","has_investments":true,"has_stocks_securities":true,"investing_active":false}, barbarafellows@netzero.net, Denise, F, 1, 0, Pelowitz, 5056720363, 5500000, $5,500,000.00 Mega Cash Prize, NM, new, QKHSWZZRMM, 2026-07-16 13:26:57, 87547), (12 La Rosa Ct, Los Alamos, 2026-07-16 13:26:57, 1941-04-01, {"net_worth":"I","credit_rating":"B","homeowner_probability":"H","marital_status":"M","has_credit_card":true,"credit_card_user":true,"household_size":"1","gaming_casino":false,"sweepstakes":false,"occupation_group":"Retired","estimated_income_code":"S","has_investments":true,"has_stocks_securities":false,"investing_active":false}, artdana@trail.com, Arthur, M, 1, 0, Dana, 5056723260, 5500000, $5,500,000.00 Mega Cash Prize, NM, new, X85N2U2NYL, 2026-07-16 13:26:57, 87547), (10060 Tuscany Dr, Las Cruces, 2026-07-16 13:26:57, 1939-01-07, {"net_worth":"I","credit_rating":"B","homeowner_probability":"H","marital_status":"M","has_credit_card":true,"credit_card_user":true,"household_size":"2","gaming_casino":false,"sweepstakes":false,"occupation_group":"Retired","estimated_income_code":"R","has_investments":true,"has_stocks_securities":false,"investing_active":false}, ?, Robert, M, 1, 0, Palmer, 5756404056, 5500000, $5,500,000.00 Mega Cash Prize, NM, new, D8FE2862J4, 2026-07-16 13:26:57, 88007), (33 Brandermill Dr, Henderson, 2026-07-16 13:26:57, 1935-09-22, {"net_worth":"I","credit_rating":"B","homeowner_probability":"H","marital_status":"M","has_credit_card":true,"credit_card_user":true,"household_size":"2","gaming_casino":false,"sweepstakes":false,"occupation_group":"Retired","estimated_income_code":"R","has_investments":true,"has_stocks_securities":false,"investing_active":false}, ?, William, M, 1, 0, Thurston, 7026162375, 5500000, $5,500,000.00 Mega Cash Prize, NV, new, WYMPVMNB36, 2026-07-16 13:26:57, 89052), (9117 Kettle Creek Dr, Las Vegas, 2026-07-16 13:26:57, 1941-10-29, {"net_worth":"I","credit_rating":"B","homeowner_probability":"H","marital_status":"M","has_credit_card":true,"credit_card_user":true,"household_size":"2","gaming_casino":false,"sweepstakes":false,"occupation_group":"Retired","estimated_income_code":"R","has_investments":true,"has_stocks_securities":false,"investing_active":false}, gary.vetter@gmail.com, Gary, M, 1, 0, Vetter, 7025268841, 5500000, $5,500,000.00 Mega Cash Prize, NV, new, 89RKRJQV6S, 2026-07-16 13:26:57, 89117), (2909 Granite Pointe Ct, Reno, 2026-07-16 13:26:57, 1937-07-07, {"net_worth":"I","credit_rating":"B","homeowner_probability":"H","marital_status":"M","has_credit_card":true,"credit_card_user":true,"household_size":"2","gaming_casino":false,"sweepstakes":false,"occupation_group":"Retired","estimated_income_code":"S","has_investments":true,"has_stocks_securities":false,"investing_active":true}, dalexbutler2@gmail.com, Derek, M, 1, 0, Butler, 7757221230, 5500000, $5,500,000.00 Mega Cash Prize, NV, new, XR4E8U3DY5, 2026-07-16 13:26:57, 89511), (4235 Great Falls Loop, Reno, 2026-07-16 13:26:57, 1937-01-31, {"net_worth":"I","credit_rating":"B","homeowner_probability":"H","marital_status":"M","has_credit_card":true,"credit_card_user":true,"household_size":"2","gaming_casino":false,"sweepstakes":false,"occupation_group":"Retired","estimated_income_code":"R","has_investments":true,"has_stocks_securities":false,"investing_active":false}, ?, Lon, M, 1, 0, Marsh, 7758511344, 5500000, $5,500,000.00 Mega Cash Prize, NV, new, WKXGEADRQV, 2026-07-16 13:26:57, 89511), (3005 Johnson Ln, Reno, 2026-07-16 13:26:57, 1934-03-09, {"net_worth":"I","credit_rating":"A","homeowner_probability":"H","marital_status":"S","has_credit_card":true,"credit_card_user":true,"household_size":"1","gaming_casino":false,"sweepstakes":true,"occupation_group":"Retired","estimated_income_code":"R","has_investments":true,"has_stocks_securities":false,"investing_active":true}, ?, John, M, 1, 0, Lazovich, 7757416216, 5500000, $5,500,000.00 Mega Cash Prize, NV, new, WL72PJQNWD, 2026-07-16 13:26:57, 89511), (2315 Crows Nest Pkwy, Reno, 2026-07-16 13:26:57, 1935-12-25, {"net_worth":"I","credit_rating":"C","homeowner_probability":"H","marital_status":"S","has_credit_card":true,"credit_card_user":true,"household_size":"1","gaming_casino":false,"sweepstakes":false,"occupation_group":"Retired","estimated_income_code":"R","has_investments":true,"has_stocks_securities":false,"investing_active":false}, ?, John, M, 1, 0, Burroughs, 4258940834, 5500000, $5,500,000.00 Mega Cash Prize, NV, new, XDAMK27FDD, 2026-07-16 13:26:57, 89519), (8890 Chipshot Trl, Reno, 2026-07-16 13:26:57, 1933-06-16, {"net_worth":"I","credit_rating":"C","homeowner_probability":"H","marital_status":"M","has_credit_card":true,"credit_card_user":true,"household_size":"2","gaming_casino":false,"sweepstakes":false,"occupation_group":"Retired","estimated_income_code":"R","has_investments":false,"has_stocks_securities":false,"investing_active":false}, ?, Patricia, F, 1, 0, Lockwood, 7757460148, 5500000, $5,500,000.00 Mega Cash Prize, NV, new, VESASE56Q7, 2026-07-16 13:26:57, 89523), (1500 Zivney Ln, Lake Oswego, 2026-07-16 13:26:57, 1939-05-01, {"net_worth":"I","credit_rating":"A","homeowner_probability":"H","marital_status":"M","has_credit_card":true,"credit_card_user":true,"household_size":"2","gaming_casino":false,"sweepstakes":false,"occupation_group":"Retired","estimated_income_code":"R","has_investments":true,"has_stocks_securities":false,"investing_active":true}, douglasdwight@gmail.com, Diane, F, 1, 0, Dwight, 5034750527, 5500000, $5,500,000.00 Mega Cash Prize, OR, new, KHKHTKLBBD, 2026-07-16 13:26:57, 97034), (3215 B St, Forest Grove, 2026-07-16 13:26:57, 1941-05-02, {"net_worth":"I","credit_rating":"A","homeowner_probability":"H","marital_status":"M","has_credit_card":true,"credit_card_user":true,"household_size":"1","gaming_casino":false,"sweepstakes":false,"occupation_group":"Retired","estimated_income_code":"R","has_investments":false,"has_stocks_securities":false,"investing_active":false}, ?, Peter, M, 1, 0, Russell, 5033574733, 5500000, $5,500,000.00 Mega Cash Prize, OR, new, 8MY34C9GPX, 2026-07-16 13:26:57, 97116), (2717 SW English Ct, Portland, 2026-07-16 13:26:57, 1933-10-09, {"net_worth":"I","credit_rating":"B","homeowner_probability":"H","marital_status":"M","has_credit_card":true,"credit_card_user":true,"household_size":"2","gaming_casino":false,"sweepstakes":false,"occupation_group":"Retired","estimated_income_code":"R","has_investments":true,"has_stocks_securities":false,"investing_active":false}, geraldine.fettig@earthlink.net, Geraldine, F, 1, 0, Fettig, 5032282061, 5500000, $5,500,000.00 Mega Cash Prize, OR, new, 6QDJF6NE8S, 2026-07-16 13:26:57, 97201), (7423 SE 31st Ave, Portland, 2026-07-16 13:26:57, 1931-01-01, {"net_worth":"I","credit_rating":"B","homeowner_probability":"H","marital_status":"S","has_credit_card":true,"credit_card_user":true,"household_size":"1","gaming_casino":false,"sweepstakes":false,"occupation_group":"Retired","estimated_income_code":"S","has_investments":true,"has_stocks_securities":false,"investing_active":true}, ehcarp@gmail.com, Lloyd, M, 1, 0, Reynolds, 5037714448, 5500000, $5,500,000.00 Mega Cash Prize, OR, new, 6DR52Z4E5A, 2026-07-16 13:26:57, 97202), (5145 SW Bancroft St, Portland, 2026-07-16 13:26:57, 1941-12-02, {"net_worth":"I","credit_rating":"B","homeowner_probability":"H","marital_status":"S","has_credit_card":true,"credit_card_user":true,"household_size":"2","gaming_casino":false,"sweepstakes":false,"occupation_group":"Retired","estimated_income_code":"R","has_investments":true,"has_stocks_securities":false,"investing_active":true}, untouchable1988@hotmail.com, Karen, F, 1, 0, Fale, 5035224212, 5500000, $5,500,000.00 Mega Cash Prize, OR, new, WXFFZXHEHQ, 2026-07-16 13:26:57, 97221), (4170 SW Dogwood Ln, Portland, 2026-07-16 13:26:57, 1943-02-06, {"net_worth":"I","credit_rating":"A","homeowner_probability":"H","marital_status":"M","has_credit_card":true,"credit_card_user":true,"household_size":"2","gaming_casino":false,"sweepstakes":false,"occupation_group":"Retired","estimated_income_code":"R","has_investments":true,"has_stocks_securities":false,"investing_active":true}, ?, Elizabeth, F, 1, 0, Gill, 5039981367, 5500000, $5,500,000.00 Mega Cash Prize, OR, new, 83HWKJ6J9J, 2026-07-16 13:26:57, 97225), (10929 NW Lucerne Ct, Portland, 2026-07-16 13:26:57, 1939-10-02, {"net_worth":"I","credit_rating":"A","homeowner_probability":"H","marital_status":"M","has_credit_card":true,"credit_card_user":true,"household_size":"2","gaming_casino":false,"sweepstakes":false,"occupation_group":"Retired","estimated_income_code":"R","has_investments":false,"has_stocks_securities":false,"investing_active":false}, ?, Carol, F, 1, 0, Welch, 9715700494, 5500000, $5,500,000.00 Mega Cash Prize, OR, new, T3LJ6A2P9B, 2026-07-16 13:26:57, 97229), (3979 Mirror Pond Way, Eugene, 2026-07-16 13:26:57, 1935-11-04, {"net_worth":"H","credit_rating":"B","homeowner_probability":"H","marital_status":"M","has_credit_card":true,"credit_card_user":true,"household_size":"2","gaming_casino":false,"sweepstakes":false,"occupation_group":"Retired","estimated_income_code":"R","has_investments":true,"has_stocks_securities":false,"investing_active":false}, ?, Joseph, M, 1, 0, Tufariello, 5416850539, 5500000, $5,500,000.00 Mega Cash Prize, OR, new, 9ZGN9Z4NBT, 2026-07-16 13:26:57, 97408), (4155 Dry Creek Rd, Medford, 2026-07-16 13:26:57, 1932-02-02, {"net_worth":"I","credit_rating":"C","homeowner_probability":"H","marital_status":"S","has_credit_card":true,"credit_card_user":true,"household_size":"2","gaming_casino":false,"sweepstakes":false,"occupation_group":"Retired","estimated_income_code":"R","has_investments":true,"has_stocks_securities":false,"investing_active":false}, ?, Gloria, F, 1, 0, Sargent, 5412453767, 5500000, $5,500,000.00 Mega Cash Prize, OR, new, KGC7PC9DCG, 2026-07-16 13:26:57, 97504), (221 Pleasant Hill Rd, Flanders, 2026-07-16 13:26:57, 1937-11-02, {"net_worth":"I","credit_rating":"A","homeowner_probability":"H","marital_status":"M","has_credit_card":true,"credit_card_user":true,"household_size":"2","gaming_casino":false,"sweepstakes":false,"occupation_group":"Retired","estimated_income_code":"R","has_investments":true,"has_stocks_securities":false,"investing_active":false}, emcjim2006@yahoo.com, James, M, 1, 0, Balicki, 9735845478, 5500000, $5,500,000.00 Mega Cash Prize, NJ, new, 7JN3YFJF3J, 2026-07-16 13:26:57, 7836), (38 Monmouth Dr, E Northport, 2026-07-16 13:26:57, 1932-02-21, {"net_worth":"I","credit_rating":"A","homeowner_probability":"H","marital_status":"S","has_credit_card":true,"credit_card_user":true,"household_size":"2","gaming_casino":false,"sweepstakes":false,"occupation_group":"Retired","estimated_income_code":"R","has_investments":true,"has_stocks_securities":false,"investing_active":true}, ?, Norma, F, 1, 0, Troiano, 6318063105, 5500000, $5,500,000.00 Mega Cash Prize, NY, new, V57RLBCXCP, 2026-07-16 13:26:57, 11731), (647 Kerryton Place Cir, Ballwin, 2026-07-16 13:26:57, 1934-09-24, {"net_worth":"I","credit_rating":"B","homeowner_probability":"H","marital_status":"M","has_credit_card":true,"credit_card_user":true,"household_size":"1","gaming_casino":false,"sweepstakes":false,"occupation_group":"Retired","estimated_income_code":"R","has_investments":false,"has_stocks_securities":false,"investing_active":false}, ?, Patricia, F, 1, 0, Loso, 6363995317, 5500000, $5,500,000.00 Mega Cash Prize, MO, new, SMWHBPTEE2, 2026-07-16 13:26:57, 63021), (76 Journey Ln, Glenmont, 2026-07-16 13:26:57, 1932-09-04, {"net_worth":"I","credit_rating":"A","homeowner_probability":"H","marital_status":"M","has_credit_card":true,"credit_card_user":true,"household_size":"2","gaming_casino":false,"sweepstakes":false,"occupation_group":"Retired","estimated_income_code":"S","has_investments":true,"has_stocks_securities":false,"investing_active":false}, budmas@aol.com, Wynette, F, 1, 0, Thien, 9086160591, 5500000, $5,500,000.00 Mega Cash Prize, NY, new, GHT86DC893, 2026-07-16 13:26:57, 12077), (2640 Britannia Ct, Xenia, 2026-07-16 13:26:57, 1932-03-01, {"net_worth":"I","credit_rating":"B","homeowner_probability":"H","marital_status":"M","has_credit_card":true,"credit_card_user":true,"household_size":"2","gaming_casino":false,"sweepstakes":false,"occupation_group":"Retired","estimated_income_code":"S","has_investments":true,"has_stocks_securities":false,"investing_active":false}, ?, Audrey, F, 1, 0, Gordhammer, 9373727911, 5500000, $5,500,000.00 Mega Cash Prize, OH, new, L5WPWBZ6D8, 2026-07-16 13:26:57, 45385), (1860 Sun Mountain Dr, Santa Fe, 2026-07-16 13:26:57, 1941-10-01, {"net_worth":"I","credit_rating":"B","homeowner_probability":"H","marital_status":"M","has_credit_card":true,"credit_card_user":true,"household_size":"2","gaming_casino":false,"sweepstakes":false,"occupation_group":"Retired","estimated_income_code":"S","has_investments":true,"has_stocks_securities":false,"investing_active":false}, ?, Philip, M, 1, 0, Metcalf, 7039299723, 5500000, $5,500,000.00 Mega Cash Prize, NM, new, JV63HSBZEC, 2026-07-16 13:26:57, 87505), (95 Richmond Ln, Peconic, 2026-07-16 13:26:57, 1939-01-25, {"net_worth":"I","credit_rating":"B","homeowner_probability":"H","marital_status":"M","has_credit_card":true,"credit_card_user":true,"household_size":"2","gaming_casino":false,"sweepstakes":false,"occupation_group":"Retired","estimated_income_code":"S","has_investments":false,"has_stocks_securities":false,"investing_active":false}, kathryn.lynch@hotmail.com, Kathryn, F, 1, 0, Lynch, 5177758668, 5500000, $5,500,000.00 Mega Cash Prize, NY, new, EK45LT8HAP, 2026-07-16 13:26:57, 11958), (13 Elba Pl, Scarsdale, 2026-07-16 13:26:57, 1942-01-20, {"net_worth":"I","credit_rating":"A","homeowner_probability":"H","marital_status":"M","has_credit_card":true,"credit_card_user":true,"household_size":"2","gaming_casino":false,"sweepstakes":false,"occupation_group":"Retired","estimated_income_code":"S","has_investments":true,"has_stocks_securities":false,"investing_active":true}, nicknancam@aol.com, Nicholas, M, 1, 0, Camillone, 9143180904, 5500000, $5,500,000.00 Mega Cash Prize, NY, new, 7DXFWGF8WS, 2026-07-16 13:26:57, 10583), (60 Balsam Rd, Wayne, 2026-07-16 13:26:57, 1947-03-28, {"net_worth":"I","credit_rating":"B","homeowner_probability":"H","marital_status":"M","has_credit_card":true,"credit_card_user":true,"household_size":"1","gaming_casino":false,"sweepstakes":false,"occupation_group":"Retired","estimated_income_code":"S","has_investments":true,"has_stocks_securities":true,"investing_active":false}, bdh7412@aol.com, Barbara, F, 1, 0, Hall, 2016156904, 5500000, $5,500,000.00 Mega Cash Prize, NJ, new, 34LDAHEKWP, 2026-07-16 13:26:57, 7470), (71 S Bow Rd, Bow, 2026-07-16 13:26:57, 1959-12-22, {"net_worth":"H","credit_rating":"C","homeowner_probability":"H","marital_status":"M","has_credit_card":true,"credit_card_user":true,"household_size":"2","gaming_casino":false,"sweepstakes":false,"occupation_group":"Retired","estimated_income_code":"R","has_investments":false,"has_stocks_securities":false,"investing_active":false}, ?, Joan, F, 1, 0, Faust, 6032263851, 5500000, $5,500,000.00 Mega Cash Prize, NH, new, TARWATDGNN, 2026-07-16 13:26:57, 3304), (7157 S Evanston Ave, Tulsa, 2026-07-16 13:26:57, 1936-12-28, {"net_worth":"I","credit_rating":"B","homeowner_probability":"H","marital_status":"M","has_credit_card":true,"credit_card_user":true,"household_size":"2","gaming_casino":false,"sweepstakes":false,"occupation_group":"Retired","estimated_income_code":"S","has_investments":true,"has_stocks_securities":false,"investing_active":false}, mikelou55@sbcglobal.net, Michael, M, 1, 0, Mcwilliams, 9184947720, 5500000, $5,500,000.00 Mega Cash Prize, OK, new, LYNJVPTAXC, 2026-07-16 13:26:57, 74136), (16 Landfall Cir, East Hampton, 2026-07-16 13:26:57, 1941-08-27, {"net_worth":"I","credit_rating":"B","homeowner_probability":"H","marital_status":"M","has_credit_card":true,"credit_card_user":true,"household_size":"2","gaming_casino":false,"sweepstakes":false,"occupation_group":"Retired","estimated_income_code":"R","has_investments":true,"has_stocks_securities":false,"investing_active":true}, ?, Patricia, F, 1, 0, Weissman, 6317455655, 5500000, $5,500,000.00 Mega Cash Prize, NY, new, QE2XZDTKF6, 2026-07-16 13:26:57, 11937), (1221 Elm St N, Fargo, 2026-07-16 13:26:57, 1934-06-15, {"net_worth":"I","credit_rating":"B","homeowner_probability":"H","marital_status":"S","has_credit_card":true,"credit_card_user":true,"household_size":"2","gaming_casino":false,"sweepstakes":false,"occupation_group":"Retired","estimated_income_code":"R","has_investments":true,"has_stocks_securities":true,"investing_active":false}, wshelver@aol.com, William, M, 1, 0, Shelver, 7014261794, 5500000, $5,500,000.00 Mega Cash Prize, ND, new, 3JZQ8ZBZDU, 2026-07-16 13:26:57, 58102), (1600 River Bluff Ln, Allenwood, 2026-07-16 13:26:57, 1950-03-13, {"net_worth":"I","credit_rating":"A","homeowner_probability":"H","marital_status":"M","has_credit_card":true,"credit_card_user":true,"household_size":"2","gaming_casino":false,"sweepstakes":false,"occupation_group":"Retired","estimated_income_code":"R","has_investments":false,"has_stocks_securities":false,"investing_active":false}, rosehorre@gmail.com, Bob, M, 1, 0, Horre, 7322232279, 5500000, $5,500,000.00 Mega Cash Prize, NJ, new, JNH6LKLHM4, 2026-07-16 13:26:57, 8720), (189 Northshore Blvd, Madison, 2026-07-16 13:26:57, 1938-06-04, {"net_worth":"I","credit_rating":"B","homeowner_probability":"H","marital_status":"M","has_credit_card":true,"credit_card_user":true,"household_size":"2","gaming_casino":false,"sweepstakes":false,"occupation_group":"Retired","estimated_income_code":"S","has_investments":true,"has_stocks_securities":false,"investing_active":false}, dbowen355@bellsouth.net, Dan, M, 1, 0, Bowen, 6019196531, 5500000, $5,500,000.00 Mega Cash Prize, MS, new, BSNFKKXQJQ, 2026-07-16 13:26:57, 39110), (96 Walnut St, Oakland, 2026-07-16 13:26:57, 1954-05-02, {"net_worth":"I","credit_rating":"B","homeowner_probability":"H","marital_status":"S","has_credit_card":true,"credit_card_user":true,"household_size":"2","gaming_casino":false,"sweepstakes":true,"occupation_group":"Retired","estimated_income_code":"R","has_investments":false,"has_stocks_securities":false,"investing_active":false}, willieewilliams@yahoo.com, Willie, M, 1, 0, Williams, 2014051920, 5500000, $5,500,000.00 Mega Cash Prize, NJ, new, 83YCB868U6, 2026-07-16 13:26:57, 7436), (314 Franklin Ave, Sea Cliff, 2026-07-16 13:26:57, 1955-09-15, {"net_worth":"I","credit_rating":"A","homeowner_probability":"H","marital_status":"S","has_credit_card":true,"credit_card_user":true,"household_size":"1","gaming_casino":false,"sweepstakes":false,"occupation_group":"Retired","estimated_income_code":"S","has_investments":false,"has_stocks_securities":false,"investing_active":false}, ?, Jonathan, M, 1, 0, Sherman, 5167765755, 5500000, $5,500,000.00 Mega Cash Prize, NY, new, KDK49GLYVZ, 2026-07-16 13:26:57, 11579), (4356 Shelbourne Ln, Columbus, 2026-07-16 13:26:57, 1941-07-14, {"net_worth":"I","credit_rating":"B","homeowner_probability":"H","marital_status":"M","has_credit_card":true,"credit_card_user":true,"household_size":"2","gaming_casino":false,"sweepstakes":false,"occupation_group":"Retired","estimated_income_code":"R","has_investments":false,"has_stocks_securities":false,"investing_active":false}, ?, Paul, M, 1, 0, Peterson Jr, 6144574833, 5500000, $5,500,000.00 Mega Cash Prize, OH, new, WJBYD2EZ68, 2026-07-16 13:26:57, 43220), (2140 Partlow Dr, Columbus, 2026-07-16 13:26:57, 1939-06-19, {"net_worth":"I","credit_rating":"B","homeowner_probability":"H","marital_status":"S","has_credit_card":true,"credit_card_user":true,"household_size":"2","gaming_casino":false,"sweepstakes":true,"occupation_group":"Retired","estimated_income_code":"S","has_investments":false,"has_stocks_securities":false,"investing_active":false}, ?, Lorena, F, 1, 0, Garey, 6144578620, 5500000, $5,500,000.00 Mega Cash Prize, OH, new, H8LDVG3UY7, 2026-07-16 13:26:57, 43220), (29751 Somerset Rd, Perrysburg, 2026-07-16 13:26:57, 1931-09-08, {"net_worth":"I","credit_rating":"B","homeowner_probability":"H","marital_status":"M","has_credit_card":true,"credit_card_user":true,"household_size":"1","gaming_casino":false,"sweepstakes":false,"occupation_group":"Retired","estimated_income_code":"R","has_investments":false,"has_stocks_securities":false,"investing_active":false}, ?, Betty, F, 1, 0, Collins, 4194101210, 5500000, $5,500,000.00 Mega Cash Prize, OH, new, YHJ6SQJSSP, 2026-07-16 13:26:57, 43551), (1047 Camino San Acacio, Santa Fe, 2026-07-16 13:26:57, 1939-05-06, {"net_worth":"I","credit_rating":"A","homeowner_probability":"H","marital_status":"M","has_credit_card":true,"credit_card_user":true,"household_size":"2","gaming_casino":false,"sweepstakes":false,"occupation_group":"Retired","estimated_income_code":"R","has_investments":true,"has_stocks_securities":false,"investing_active":false}, ?, Roderick, M, 1, 0, Watts, 5125547006, 5500000, $5,500,000.00 Mega Cash Prize, NM, new, XWNK9F87KD, 2026-07-16 13:26:57, 87505), (860 5th Ave, New York, 2026-07-16 13:26:57, 1935-12-26, {"net_worth":"I","credit_rating":"B","homeowner_probability":"H","marital_status":"S","has_credit_card":true,"credit_card_user":true,"household_size":"1","gaming_casino":false,"sweepstakes":false,"occupation_group":"Retired","estimated_income_code":"R","has_investments":true,"has_stocks_securities":false,"investing_active":true}, ?, Barbara, F, 1, 0, Goldfarb, 2127727177, 5500000, $5,500,000.00 Mega Cash Prize, NY, new, FCKMA3EER9, 2026-07-16 13:26:57, 10065), (11 Sylvester St, Cranford, 2026-07-16 13:26:57, 1937-08-26, {"net_worth":"I","credit_rating":"B","homeowner_probability":"H","marital_status":"S","has_credit_card":true,"credit_card_user":true,"household_size":"2","gaming_casino":false,"sweepstakes":true,"occupation_group":"Retired","estimated_income_code":"S","has_investments":true,"has_stocks_securities":true,"investing_active":false}, ?, Dolores, F, 1, 0, Mcgrath, 2672413404, 5500000, $5,500,000.00 Mega Cash Prize, NJ, new, VCYBHKTRSF, 2026-07-16 13:26:57, 7016), (267 E Cedar St, Livingston, 2026-07-16 13:26:57, 1940-04-26, {"net_worth":"I","credit_rating":"B","homeowner_probability":"H","marital_status":"M","has_credit_card":true,"credit_card_user":true,"household_size":"2","gaming_casino":false,"sweepstakes":false,"occupation_group":"Retired","estimated_income_code":"R","has_investments":true,"has_stocks_securities":false,"investing_active":false}, agecorp1@yahoo.com, Arthur, M, 1, 0, Goldberg, 9739921914, 5500000, $5,500,000.00 Mega Cash Prize, NJ, new, M8YEMYVC2L, 2026-07-16 13:26:57, 7039), (37 Fieldstone Dr, Livingston, 2026-07-16 13:26:57, 1938-12-05, {"net_worth":"I","credit_rating":"A","homeowner_probability":"H","marital_status":"M","has_credit_card":true,"credit_card_user":true,"household_size":"2","gaming_casino":false,"sweepstakes":false,"occupation_group":"Retired","estimated_income_code":"R","has_investments":true,"has_stocks_securities":false,"investing_active":true}, jdl604@comcast.net, Jules, M, 1, 0, Lerner, 9739943689, 5500000, $5,500,000.00 Mega Cash Prize, NJ, new, 9NUS6MC7H8, 2026-07-16 13:26:57, 7039), (2214 Edgewood Ter, Scotch Plains, 2026-07-16 13:26:57, 1941-12-01, {"net_worth":"I","credit_rating":"B","homeowner_probability":"H","marital_status":"M","has_credit_card":true,"credit_card_user":true,"household_size":"1","gaming_casino":false,"sweepstakes":false,"occupation_group":"Retired","estimated_income_code":"R","has_investments":true,"has_stocks_securities":false,"investing_active":true}, ?, Gerlinde, F, 1, 0, Di Francesco, 9083103674, 5500000, $5,500,000.00 Mega Cash Prize, NJ, new, JP3BWQLV6R, 2026-07-16 13:26:57, 7076), (31 Ocean Bay Blvd, Lavallette, 2026-07-16 13:26:57, 1942-08-06, {"net_worth":"I","credit_rating":"B","homeowner_probability":"H","marital_status":"S","has_credit_card":true,"credit_card_user":true,"household_size":"1","gaming_casino":false,"sweepstakes":true,"occupation_group":"Retired","estimated_income_code":"R","has_investments":false,"has_stocks_securities":false,"investing_active":false}, udbell@aol.com, Dennis, M, 1, 0, Bellars, 7327932865, 5500000, $5,500,000.00 Mega Cash Prize, NJ, new, YNUZ7A9G8Z, 2026-07-16 13:26:57, 8735), (845 United Nations Plz, New York, 2026-07-16 13:26:57, 1938-07-05, {"net_worth":"I","credit_rating":"B","homeowner_probability":"H","marital_status":"S","has_credit_card":true,"credit_card_user":true,"household_size":"2","gaming_casino":false,"sweepstakes":true,"occupation_group":"Retired","estimated_income_code":"S","has_investments":true,"has_stocks_securities":false,"investing_active":false}, ?, Milan, F, 1, 0, Sy, 2126019180, 5500000, $5,500,000.00 Mega Cash Prize, NY, new, L296LHYKK4, 2026-07-16 13:26:57, 10017), (2020 SW Montgomery Dr, Portland, 2026-07-16 13:26:57, 1939-02-19, {"net_worth":"I","credit_rating":"A","homeowner_probability":"H","marital_status":"M","has_credit_card":true,"credit_card_user":true,"household_size":"2","gaming_casino":false,"sweepstakes":false,"occupation_group":"Retired","estimated_income_code":"R","has_investments":true,"has_stocks_securities":false,"investing_active":true}, ?, Elizabeth, F, 1, 0, Andrews, 5037036117, 5500000, $5,500,000.00 Mega Cash Prize, OR, new, TC6DGKP3P6, 2026-07-16 13:26:57, 97201), (1 Grenada Ln, Ocean City, 2026-07-16 13:26:57, 1939-03-22, {"net_worth":"I","credit_rating":"B","homeowner_probability":"H","marital_status":"M","has_credit_card":true,"credit_card_user":true,"household_size":"2","gaming_casino":false,"sweepstakes":false,"occupation_group":"Retired","estimated_income_code":"R","has_investments":true,"has_stocks_securities":true,"investing_active":false}, aquiroli@hotmail.com, Anthony, M, 1, 0, Quiroli, 6093984217, 5500000, $5,500,000.00 Mega Cash Prize, NJ, new, ZAWV2MCE68, 2026-07-16 13:26:57, 8226), (178 Queens Cove Rd, Mooresville, 2026-07-16 13:26:57, 1939-03-29, {"net_worth":"I","credit_rating":"C","homeowner_probability":"H","marital_status":"S","has_credit_card":true,"credit_card_user":true,"household_size":"2","gaming_casino":false,"sweepstakes":false,"occupation_group":"Retired","estimated_income_code":"S","has_investments":true,"has_stocks_securities":false,"investing_active":true}, ?, Charles, M, 1, 0, Pinkston, 7035999100, 5500000, $5,500,000.00 Mega Cash Prize, NC, new, JUTJ637HVB, 2026-07-16 13:26:57, 28117), (3506 Bayard Dr, Cincinnati, 2026-07-16 13:26:57, 1940-08-19, {"net_worth":"I","credit_rating":"B","homeowner_probability":"H","marital_status":"M","has_credit_card":true,"credit_card_user":true,"household_size":"2","gaming_casino":false,"sweepstakes":false,"occupation_group":"Retired","estimated_income_code":"S","has_investments":false,"has_stocks_securities":false,"investing_active":false}, greenehouse@cinci.rr.com, Kathleen, F, 1, 0, Greene, 5133212209, 5500000, $5,500,000.00 Mega Cash Prize, OH, new, V4EGXAXZMM, 2026-07-16 13:26:57, 45208), (2425 Crestmont Cir S, Salem, 2026-07-16 13:26:57, 1953-11-28, {"net_worth":"I","credit_rating":"B","homeowner_probability":"H","marital_status":"M","has_credit_card":true,"credit_card_user":true,"household_size":"2","gaming_casino":false,"sweepstakes":true,"occupation_group":"Retired","estimated_income_code":"R","has_investments":true,"has_stocks_securities":true,"investing_active":false}, atkoller@aol.com, Stephen, M, 1, 0, Koller, 9724675448, 5500000, $5,500,000.00 Mega Cash Prize, OR, new, 4M4W68D7XL, 2026-07-16 13:26:57, 97302), (949 NW Overton St, Portland, 2026-07-16 13:26:57, 1941-10-13, {"net_worth":"I","credit_rating":"A","homeowner_probability":"H","marital_status":"S","has_credit_card":true,"credit_card_user":true,"household_size":"1","gaming_casino":false,"sweepstakes":false,"occupation_group":"Retired","estimated_income_code":"R","has_investments":true,"has_stocks_securities":false,"investing_active":true}, ?, Phillip, M, 1, 0, Smith, 8162106404, 5500000, $5,500,000.00 Mega Cash Prize, OR, new, 9P79YNJQV9, 2026-07-16 13:26:57, 97209), (20 Prince Willow Ln, Mamaroneck, 2026-07-16 13:26:57, 1940-09-23, {"net_worth":"I","credit_rating":"B","homeowner_probability":"H","marital_status":"M","has_credit_card":true,"credit_card_user":true,"household_size":"2","gaming_casino":false,"sweepstakes":false,"occupation_group":"Retired","estimated_income_code":"S","has_investments":true,"has_stocks_securities":false,"investing_active":true}, ?, Ellen, F, 1, 0, Lemberg, 5166060239, 5500000, $5,500,000.00 Mega Cash Prize, NY, new, ALJFU246B2, 2026-07-16 13:26:57, 10543), (32 Westland Dr, Glen Cove, 2026-07-16 13:26:57, 1930-12-29, {"net_worth":"I","credit_rating":"C","homeowner_probability":"H","marital_status":"M","has_credit_card":true,"credit_card_user":true,"household_size":"1","gaming_casino":false,"sweepstakes":false,"occupation_group":"Retired","estimated_income_code":"S","has_investments":false,"has_stocks_securities":false,"investing_active":false}, ruths3407@aol.com, Ruth, F, 1, 0, Sarnoff, 5166740648, 5500000, $5,500,000.00 Mega Cash Prize, NY, new, UD77E4CN2G, 2026-07-16 13:26:57, 11542), (87 Norwood Rd, Chapel Hill, 2026-07-16 13:26:57, 1941-07-29, {"net_worth":"I","credit_rating":"B","homeowner_probability":"H","marital_status":"M","has_credit_card":true,"credit_card_user":true,"household_size":"2","gaming_casino":false,"sweepstakes":true,"occupation_group":"Retired","estimated_income_code":"S","has_investments":true,"has_stocks_securities":false,"investing_active":false}, fefejones38@sbcglobal.net, James, M, 1, 0, Hodgin, 9195222399, 5500000, $5,500,000.00 Mega Cash Prize, NC, new, WJAY2YVL23, 2026-07-16 13:26:57, 27516), (8 Everit St, Brooklyn, 2026-07-16 13:26:57, 1936-02-07, {"net_worth":"I","credit_rating":"A","homeowner_probability":"H","marital_status":"S","has_credit_card":true,"credit_card_user":true,"household_size":"2","gaming_casino":false,"sweepstakes":true,"occupation_group":"Retired","estimated_income_code":"R","has_investments":true,"has_stocks_securities":false,"investing_active":false}, lyre21@aol.com, Michael, M, 1, 0, Stelzer, 3472280557, 5500000, $5,500,000.00 Mega Cash Prize, NY, new, CMGGM9W8RG, 2026-07-16 13:26:57, 11201), (8514 N Sycamore Ave, Kansas City, 2026-07-16 13:26:57, 1939-08-14, {"net_worth":"I","credit_rating":"C","homeowner_probability":"H","marital_status":"M","has_credit_card":true,"credit_card_user":true,"household_size":"2","gaming_casino":false,"sweepstakes":true,"occupation_group":"Retired","estimated_income_code":"S","has_investments":true,"has_stocks_securities":false,"investing_active":false}, ?, Ramona, F, 1, 0, Stonecipher, 8168076158, 5500000, $5,500,000.00 Mega Cash Prize, MO, new, J4Y3WHNV4U, 2026-07-16 13:26:57, 64157), (6310 SW Oakmont, Lawton, 2026-07-16 13:26:57, 1937-02-28, {"net_worth":"I","credit_rating":"A","homeowner_probability":"H","marital_status":"M","has_credit_card":true,"credit_card_user":true,"household_size":"2","gaming_casino":false,"sweepstakes":false,"occupation_group":"Retired","estimated_income_code":"R","has_investments":false,"has_stocks_securities":false,"investing_active":false}, swchemco@sbcglobal.net, Jerry, M, 1, 0, Swigert, 5806479077, 5500000, $5,500,000.00 Mega Cash Prize, OK, new, G85HH5JYPZ, 2026-07-16 13:26:57, 73505), (1629 Falmouth Ave, New Hyde Park, 2026-07-16 13:26:57, 1957-10-28, {"net_worth":"I","credit_rating":"B","homeowner_probability":"H","marital_status":"S","has_credit_card":true,"credit_card_user":true,"household_size":"1","gaming_casino":false,"sweepstakes":false,"occupation_group":"Retired","estimated_income_code":"R","has_investments":true,"has_stocks_securities":false,"investing_active":true}, ltjjbrown@gmail.com, John, M, 1, 0, Brown, 5164375910, 5500000, $5,500,000.00 Mega Cash Prize, NY, new, W83ETXQW2V, 2026-07-16 13:26:57, 11040), (2001 Falls Farm Xing, Raleigh, 2026-07-16 13:26:57, 1940-07-01, {"net_worth":"I","credit_rating":"C","homeowner_probability":"H","marital_status":"M","has_credit_card":true,"credit_card_user":true,"household_size":"2","gaming_casino":false,"sweepstakes":false,"occupation_group":"Retired","estimated_income_code":"S","has_investments":false,"has_stocks_securities":false,"investing_active":false}, thomasparksjr@nc.rr.com, Thomas, M, 1, 0, Parks, 9196328637, 5500000, $5,500,000.00 Mega Cash Prize, NC, new, 8SUYERV44T, 2026-07-16 13:26:57, 27614), (14 Schanck Rd, Holmdel, 2026-07-16 13:26:57, 1941-09-05, {"net_worth":"I","credit_rating":"C","homeowner_probability":"H","marital_status":"M","has_credit_card":true,"credit_card_user":true,"household_size":"2","gaming_casino":false,"sweepstakes":false,"occupation_group":"Retired","estimated_income_code":"R","has_investments":true,"has_stocks_securities":false,"investing_active":true}, ?, Ann, F, 1, 0, Johnson, 7325136518, 5500000, $5,500,000.00 Mega Cash Prize, NJ, new, UEGC7JF6CL, 2026-07-16 13:26:57, 7733), (6301 Cliffbrush Ln NE, Albuquerque, 2026-07-16 13:26:57, 1939-09-02, {"net_worth":"I","credit_rating":"A","homeowner_probability":"H","marital_status":"M","has_credit_card":true,"credit_card_user":true,"household_size":"1","gaming_casino":false,"sweepstakes":false,"occupation_group":"Retired","estimated_income_code":"S","has_investments":false,"has_stocks_securities":false,"investing_active":false}, debragriffee@att.net, Douglas, M, 1, 0, Collister, 5757706705, 5500000, $5,500,000.00 Mega Cash Prize, NM, new, 9CV34MXUQV, 2026-07-16 13:26:57, 87111), (21 Jackson Pl, Massapequa, 2026-07-16 13:26:57, 1940-10-23, {"net_worth":"I","credit_rating":"B","homeowner_probability":"H","marital_status":"M","has_credit_card":true,"credit_card_user":true,"household_size":"2","gaming_casino":false,"sweepstakes":false,"occupation_group":"Retired","estimated_income_code":"S","has_investments":true,"has_stocks_securities":false,"investing_active":false}, ?, Franz, M, 1, 0, Puswald, 5169961952, 5500000, $5,500,000.00 Mega Cash Prize, NY, new, VHFPTWVJZQ, 2026-07-16 13:26:57, 11758), (4585 McAlister Park Dr, Westerville, 2026-07-16 13:26:57, 1937-02-06, {"net_worth":"I","credit_rating":"A","homeowner_probability":"H","marital_status":"M","has_credit_card":true,"credit_card_user":true,"household_size":"2","gaming_casino":false,"sweepstakes":true,"occupation_group":"Retired","estimated_income_code":"S","has_investments":true,"has_stocks_securities":true,"investing_active":false}, jkirn@att.net, John, M, 1, 0, Kirn, 6143169492, 5500000, $5,500,000.00 Mega Cash Prize, OH, new, BKQC7F43XS, 2026-07-16 13:26:57, 43082), (3159 Riverwood Ct, Perrysburg, 2026-07-16 13:26:57, 1932-05-27, {"net_worth":"I","credit_rating":"A","homeowner_probability":"H","marital_status":"M","has_credit_card":true,"credit_card_user":true,"household_size":"1","gaming_casino":false,"sweepstakes":false,"occupation_group":"Retired","estimated_income_code":"R","has_investments":true,"has_stocks_securities":false,"investing_active":true}, lindahenry624@bellsouth.net, James, M, 1, 0, Findlay, 4198738091, 5500000, $5,500,000.00 Mega Cash Prize, OH, new, LHXCSQNP8B, 2026-07-16 13:26:57, 43551), (41 Dogwood Ave, Malverne, 2026-07-16 13:26:57, 1942-07-02, {"net_worth":"I","credit_rating":"B","homeowner_probability":"H","marital_status":"M","has_credit_card":true,"credit_card_user":true,"household_size":"1","gaming_casino":false,"sweepstakes":false,"occupation_group":"Retired","estimated_income_code":"R","has_investments":true,"has_stocks_securities":false,"investing_active":true}, ?, Marie, F, 1, 0, Fiorelli, 9176717310, 5500000, $5,500,000.00 Mega Cash Prize, NY, new, RYYNQXK6PP, 2026-07-16 13:26:57, 11565), (110 Riverside Dr, New York, 2026-07-16 13:26:57, 1941-07-14, {"net_worth":"I","credit_rating":"B","homeowner_probability":"H","marital_status":"S","has_credit_card":true,"credit_card_user":true,"household_size":"1","gaming_casino":false,"sweepstakes":true,"occupation_group":"Retired","estimated_income_code":"R","has_investments":true,"has_stocks_securities":false,"investing_active":false}, ?, Daniel, M, 1, 0, Javitch, 2124968145, 5500000, $5,500,000.00 Mega Cash Prize, NY, new, WGVLF68PW5, 2026-07-16 13:26:57, 10024), (10852 S 94th East Ave, Tulsa, 2026-07-16 13:26:57, 1936-06-10, {"net_worth":"I","credit_rating":"B","homeowner_probability":"H","marital_status":"M","has_credit_card":true,"credit_card_user":true,"household_size":"2","gaming_casino":false,"sweepstakes":false,"occupation_group":"Retired","estimated_income_code":"S","has_investments":true,"has_stocks_securities":false,"investing_active":true}, donaldhg@aol.com, Donald, M, 1, 0, Gallemore, 3123423767, 5500000, $5,500,000.00 Mega Cash Prize, OK, new, 49692FSBB9, 2026-07-16 13:26:57, 74133), (808 Angelica Cir, Cary, 2026-07-16 13:26:57, 1932-06-02, {"net_worth":"I","credit_rating":"C","homeowner_probability":"H","marital_status":"M","has_credit_card":true,"credit_card_user":true,"household_size":"2","gaming_casino":false,"sweepstakes":false,"occupation_group":"Retired","estimated_income_code":"S","has_investments":true,"has_stocks_securities":true,"investing_active":true}, rcecchetti@hotmail.com, Ralph, M, 1, 0, Cecchetti, 9197400205, 5500000, $5,500,000.00 Mega Cash Prize, NC, new, ML8CCABQM3, 2026-07-16 13:26:57, 27518), (16291 Upper Chesterfield Ridge Dr, Chesterfield, 2026-07-16 13:26:57, 1931-03-01, {"net_worth":"I","credit_rating":"A","homeowner_probability":"H","marital_status":"M","has_credit_card":true,"credit_card_user":true,"household_size":"2","gaming_casino":false,"sweepstakes":false,"occupation_group":"Retired","estimated_income_code":"R","has_investments":true,"has_stocks_securities":true,"investing_active":false}, ?, Ann, F, 1, 0, Wells, 3144097398, 5500000, $5,500,000.00 Mega Cash Prize, MO, new, 83T8FM2MBM, 2026-07-16 13:26:57, 63017), (1562 Radian Rd, Wilmington, 2026-07-16 13:26:57, 1953-05-02, {"net_worth":"I","credit_rating":"C","homeowner_probability":"H","marital_status":"S","has_credit_card":true,"credit_card_user":true,"household_size":"1","gaming_casino":false,"sweepstakes":false,"occupation_group":"Retired","estimated_income_code":"S","has_investments":true,"has_stocks_securities":false,"investing_active":false}, babytee110582@aol.com, Lesley, F, 1, 0, Blakeman, 9102565794, 5500000, $5,500,000.00 Mega Cash Prize, NC, new, ASS6J3936Y, 2026-07-16 13:26:57, 28405), (77 Maple Ave, Rockville Ctr, 2026-07-16 13:26:57, 1938-03-26, {"net_worth":"I","credit_rating":"C","homeowner_probability":"H","marital_status":"M","has_credit_card":true,"credit_card_user":true,"household_size":"1","gaming_casino":false,"sweepstakes":false,"occupation_group":"Retired","estimated_income_code":"S","has_investments":true,"has_stocks_securities":false,"investing_active":true}, ?, Patricia, F, 1, 0, Procops, 5500000, $5,500,000.00 Mega Cash Prize, NY, new, PF8KZRLWFZ, 2026-07-16 13:26:57, 11570), (1105 Donna Ct, Saint Louis, 2026-07-16 13:26:57, 1938-04-15, {"net_worth":"I","credit_rating":"C","homeowner_probability":"H","marital_status":"M","has_credit_card":true,"credit_card_user":true,"household_size":"1","gaming_casino":false,"sweepstakes":false,"occupation_group":"Retired","estimated_income_code":"R","has_investments":true,"has_stocks_securities":false,"investing_active":true}, ?, Ann, F, 1, 0, Schaefer, 3149932721, 5500000, $5,500,000.00 Mega Cash Prize, MO, new, FUFQMSWHQS, 2026-07-16 13:26:57, 63124), (16 Macy Ave, White Plains, 2026-07-16 13:26:57, 1936-01-31, {"net_worth":"I","credit_rating":"B","homeowner_probability":"H","marital_status":"M","has_credit_card":true,"credit_card_user":true,"household_size":"2","gaming_casino":false,"sweepstakes":false,"occupation_group":"Retired","estimated_income_code":"R","has_investments":true,"has_stocks_securities":true,"investing_active":false}, ?, James, M, 1, 0, Cusack, 9146713891, 5500000, $5,500,000.00 Mega Cash Prize, NY, new, KBABL6ZHRZ, 2026-07-16 13:26:57, 10605), (510 Palm Beach Rd, Dickinson, 2026-07-16 13:26:57, 1941-10-30, {"net_worth":"I","credit_rating":"B","homeowner_probability":"H","marital_status":"M","has_credit_card":true,"credit_card_user":true,"household_size":"1","gaming_casino":true,"sweepstakes":true,"occupation_group":"Retired","estimated_income_code":"R","has_investments":true,"has_stocks_securities":true,"investing_active":false}, memarob@ndsupernet.com, Anita, F, 1, 0, Roberts, 3372779323, 5500000, $5,500,000.00 Mega Cash Prize, ND, new, P46Z9TLET9, 2026-07-16 13:26:57, 58601), (4620 Portland Dr, Hood River, 2026-07-16 13:26:57, 1937-05-24, {"net_worth":"I","credit_rating":"B","homeowner_probability":"H","marital_status":"M","has_credit_card":true,"credit_card_user":true,"household_size":"2","gaming_casino":false,"sweepstakes":false,"occupation_group":"Retired","estimated_income_code":"R","has_investments":true,"has_stocks_securities":false,"investing_active":true}, ehasegawa@hotmail.com, Ella, F, 1, 0, Hasegawa, 5413863502, 5500000, $5,500,000.00 Mega Cash Prize, OR, new, 8T2SRREWKD, 2026-07-16 13:26:57, 97031)) {"exception":"[object] (Illuminate\\Database\\QueryException(code: 21S01): SQLSTATE[21S01]: Insert value list does not match column list: 1136 Column count doesn't match value count at row 196 (Connection: mysql, SQL: insert into `winners` (`address`, `city`, `created_at`, `date_of_birth`, `demographics`, `email`, `first_name`, `gender`, `is_active`, `is_claimed`, `last_name`, `phone`, `prize_amount`, `prize_description`, `state`, `status`, `unique_code`, `updated_at`, `zip`) values (12 Brookside Ter, Caldwell, 2026-07-16 13:26:57, 1941-05-30, {\"net_worth\":\"I\",\"credit_rating\":\"C\",\"homeowner_probability\":\"H\",\"marital_status\":\"M\",\"has_credit_card\":true,\"credit_card_user\":true,\"household_size\":\"2\",\"gaming_casino\":false,\"sweepstakes\":false,\"occupation_group\":\"Retired\",\"estimated_income_code\":\"S\",\"has_investments\":true,\"has_stocks_securities\":false,\"investing_active\":false}, pruessd@hotmail.com, Ellen, F, 1, 0, Pruess, 2012187651, 5500000, $5,500,000.00 Mega Cash Prize, NJ, new, JF92HYEWCT, 2026-07-16 13:26:57, 7006), (8 Notch Hill Dr, Livingston, 2026-07-16 13:26:57, 1934-12-14, {\"net_worth\":\"I\",\"credit_rating\":\"B\",\"homeowner_probability\":\"H\",\"marital_status\":\"M\",\"has_credit_card\":true,\"credit_card_user\":true,\"household_size\":\"2\",\"gaming_casino\":false,\"sweepstakes\":false,\"occupation_group\":\"Retired\",\"estimated_income_code\":\"S\",\"has_investments\":false,\"has_stocks_securities\":false,\"investing_active\":false}, ?, Erwin, M, 1, 0, Fisch, 9739940386, 5500000, $5,500,000.00 Mega Cash Prize, NJ, new, UHP7RWGPDR, 2026-07-16 13:26:57, 7039), (4 Phillips Ln, Roseland, 2026-07-16 13:26:57, 1936-06-14, {\"net_worth\":\"I\",\"credit_rating\":\"B\",\"homeowner_probability\":\"H\",\"marital_status\":\"M\",\"has_credit_card\":true,\"credit_card_user\":true,\"household_size\":\"2\",\"gaming_casino\":false,\"sweepstakes\":true,\"occupation_group\":\"Retired\",\"estimated_income_code\":\"R\",\"has_investments\":true,\"has_stocks_securities\":false,\"investing_active\":true}, ?, Sandra, F, 1, 0, Fredericks, 9735330022, 5500000, $5,500,000.00 Mega Cash Prize, NJ, new, 2F7VR9X4QJ, 2026-07-16 13:26:57, 7068), (29 Manitou Cir, Westfield, 2026-07-16 13:26:57, 1937-08-01, {\"net_worth\":\"I\",\"credit_rating\":\"C\",\"homeowner_probability\":\"H\",\"marital_status\":\"M\",\"has_credit_card\":true,\"credit_card_user\":true,\"household_size\":\"2\",\"gaming_casino\":false,\"sweepstakes\":true,\"occupation_group\":\"Retired\",\"estimated_income_code\":\"S\",\"has_investments\":true,\"has_stocks_securities\":false,\"investing_active\":true}, cruss1142@aol.com, Julio, M, 1, 0, Russ, 8569792126, 5500000, $5,500,000.00 Mega Cash Prize, NJ, new, TG2YGDR2Z3, 2026-07-16 13:26:57, 7090), (2 Genesee Trl, Westfield, 2026-07-16 13:26:57, 1939-07-02, {\"net_worth\":\"I\",\"credit_rating\":\"A\",\"homeowner_probability\":\"H\",\"marital_status\":\"M\",\"has_credit_card\":true,\"credit_card_user\":true,\"household_size\":\"2\",\"gaming_casino\":false,\"sweepstakes\":false,\"occupation_group\":\"Retired\",\"estimated_income_code\":\"S\",\"has_investments\":false,\"has_stocks_securities\":false,\"investing_active\":false}, ckocaj@angelfire.com, Carla, F, 1, 0, Kocaj, 8569240748, 5500000, $5,500,000.00 Mega Cash Prize, NJ, new, 4MLZJ6TGKU, 2026-07-16 13:26:57, 7090), (351 Hillview Ter, Franklin Lks, 2026-07-16 13:26:57, 1941-12-16, {\"net_worth\":\"I\",\"credit_rating\":\"B\",\"homeowner_probability\":\"H\",\"marital_status\":\"M\",\"has_credit_card\":true,\"credit_card_user\":true,\"household_size\":\"2\",\"gaming_casino\":false,\"sweepstakes\":true,\"occupation_group\":\"Retired\",\"estimated_income_code\":\"R\",\"has_investments\":true,\"has_stocks_securities\":false,\"investing_active\":true}, kenscorvette@yahoo.com, Joyce, F, 1, 0, Hartos, 2013374119, 5500000, $5,500,000.00 Mega Cash Prize, NJ, new, CWDDH7DQTU, 2026-07-16 13:26:57, 7417), (219 Oldwoods Rd, Franklin Lks, 2026-07-16 13:26:57, 1935-01-26, {\"net_worth\":\"I\",\"credit_rating\":\"B\",\"homeowner_probability\":\"H\",\"marital_status\":\"M\",\"has_credit_card\":true,\"credit_card_user\":true,\"household_size\":\"2\",\"gaming_casino\":false,\"sweepstakes\":false,\"occupation_group\":\"Retired\",\"estimated_income_code\":\"S\",\"has_investments\":true,\"has_stocks_securities\":false,\"investing_active\":true}, ?, Laryssa, F, 1, 0, Gorloff, 2013375695, 5500000, $5,500,000.00 Mega Cash Prize, NJ, new, EZG5QR3QFG, 2026-07-16 13:26:57, 7417), (31 Archung Rd, Wayne, 2026-07-16 13:26:57, 1939-03-02, {\"net_worth\":\"I\",\"credit_rating\":\"A\",\"homeowner_probability\":\"H\",\"marital_status\":\"M\",\"has_credit_card\":true,\"credit_card_user\":true,\"household_size\":\"2\",\"gaming_casino\":false,\"sweepstakes\":true,\"occupation_group\":\"Retired\",\"estimated_income_code\":\"S\",\"has_investments\":true,\"has_stocks_securities\":true,\"investing_active\":false}, chrissyrapp@hotmail.com, Raymond, M, 1, 0, Rapp, 2012405260, 5500000, $5,500,000.00 Mega Cash Prize, NJ, new, KR4WEGENGZ, 2026-07-16 13:26:57, 7470), (358 Canterbury Ln, Wyckoff, 2026-07-16 13:26:57, 1933-07-01, {\"net_worth\":\"I\",\"credit_rating\":\"B\",\"homeowner_probability\":\"H\",\"marital_status\":\"M\",\"has_credit_card\":true,\"credit_card_user\":true,\"household_size\":\"1\",\"gaming_casino\":false,\"sweepstakes\":true,\"occupation_group\":\"Retired\",\"estimated_income_code\":\"S\",\"has_investments\":true,\"has_stocks_securities\":true,\"investing_active\":false}, ?, Edward, M, 1, 0, Miller, 2017397261, 5500000, $5,500,000.00 Mega Cash Prize, NJ, new, N6HPMFUKNK, 2026-07-16 13:26:57, 7481), (96 Logan Ln, Wyckoff, 2026-07-16 13:26:57, 1933-01-12, {\"net_worth\":\"I\",\"credit_rating\":\"A\",\"homeowner_probability\":\"H\",\"marital_status\":\"M\",\"has_credit_card\":true,\"credit_card_user\":true,\"household_size\":\"1\",\"gaming_casino\":false,\"sweepstakes\":true,\"occupation_group\":\"Retired\",\"estimated_income_code\":\"S\",\"has_investments\":true,\"has_stocks_securities\":false,\"investing_active\":false}, ?, Bertha, F, 1, 0, Miller, 2017397424, 5500000, $5,500,000.00 Mega Cash Prize, NJ, new, CRJFJAE398, 2026-07-16 13:26:57, 7481), (841 Lincoln Ave, Maywood, 2026-07-16 13:26:57, 1952-12-27, {\"net_worth\":\"I\",\"credit_rating\":\"A\",\"homeowner_probability\":\"H\",\"marital_status\":\"M\",\"has_credit_card\":true,\"credit_card_user\":true,\"household_size\":\"2\",\"gaming_casino\":false,\"sweepstakes\":false,\"occupation_group\":\"Retired\",\"estimated_income_code\":\"R\",\"has_investments\":true,\"has_stocks_securities\":false,\"investing_active\":false}, gary.shea@aol.com, Gary, M, 1, 0, Shea, 2017888667, 5500000, $5,500,000.00 Mega Cash Prize, NJ, new, R9MVDU95CT, 2026-07-16 13:26:57, 7607), (353 Homans Ave, Closter, 2026-07-16 13:26:57, 1940-10-24, {\"net_worth\":\"I\",\"credit_rating\":\"B\",\"homeowner_probability\":\"H\",\"marital_status\":\"M\",\"has_credit_card\":true,\"credit_card_user\":true,\"household_size\":\"2\",\"gaming_casino\":false,\"sweepstakes\":false,\"occupation_group\":\"Retired\",\"estimated_income_code\":\"R\",\"has_investments\":true,\"has_stocks_securities\":false,\"investing_active\":false}, ?, Anna, F, 1, 0, Cavalli, 2013158196, 5500000, $5,500,000.00 Mega Cash Prize, NJ, new, S3AE4QUM8P, 2026-07-16 13:26:57, 7624), (90 Hillside Ave, Emerson, 2026-07-16 13:26:57, 1937-10-07, {\"net_worth\":\"I\",\"credit_rating\":\"A\",\"homeowner_probability\":\"H\",\"marital_status\":\"M\",\"has_credit_card\":true,\"credit_card_user\":true,\"household_size\":\"2\",\"gaming_casino\":false,\"sweepstakes\":true,\"occupation_group\":\"Retired\",\"estimated_income_code\":\"R\",\"has_investments\":true,\"has_stocks_securities\":false,\"investing_active\":false}, ?, Baerbel, F, 1, 0, Ashley, 5518046303, 5500000, $5,500,000.00 Mega Cash Prize, NJ, new, 997DJDPPZH, 2026-07-16 13:26:57, 7630), (666 Floyd St, Englewd Clfs, 2026-07-16 13:26:57, 1935-03-10, {\"net_worth\":\"I\",\"credit_rating\":\"C\",\"homeowner_probability\":\"H\",\"marital_status\":\"M\",\"has_credit_card\":true,\"credit_card_user\":true,\"household_size\":\"2\",\"gaming_casino\":false,\"sweepstakes\":true,\"occupation_group\":\"Retired\",\"estimated_income_code\":\"S\",\"has_investments\":true,\"has_stocks_securities\":false,\"investing_active\":true}, muse235hg@aol.com, Hans, M, 1, 0, Gesell, 2015689566, 5500000, $5,500,000.00 Mega Cash Prize, NJ, new, SKLFFS3789, 2026-07-16 13:26:57, 7632), (845 Club Rd, Teaneck, 2026-07-16 13:26:57, 1939-09-23, {\"net_worth\":\"I\",\"credit_rating\":\"A\",\"homeowner_probability\":\"H\",\"marital_status\":\"M\",\"has_credit_card\":true,\"credit_card_user\":true,\"household_size\":\"2\",\"gaming_casino\":false,\"sweepstakes\":false,\"occupation_group\":\"Retired\",\"estimated_income_code\":\"R\",\"has_investments\":true,\"has_stocks_securities\":false,\"investing_active\":false}, ?, Amy, F, 1, 0, Loh, 2018378392, 5500000, $5,500,000.00 Mega Cash Prize, NJ, new, TVLR585SMA, 2026-07-16 13:26:57, 7666), (46 Forsgate Ct, Twp Washinton, 2026-07-16 13:26:57, 1943-02-15, {\"net_worth\":\"I\",\"credit_rating\":\"C\",\"homeowner_probability\":\"H\",\"marital_status\":\"S\",\"has_credit_card\":true,\"credit_card_user\":true,\"household_size\":\"2\",\"gaming_casino\":false,\"sweepstakes\":false,\"occupation_group\":\"Retired\",\"estimated_income_code\":\"S\",\"has_investments\":true,\"has_stocks_securities\":false,\"investing_active\":false}, ?, Robert, M, 1, 0, Kanwisher, 2016667372, 5500000, $5,500,000.00 Mega Cash Prize, NJ, new, WK24G6B37Z, 2026-07-16 13:26:57, 7676), (153 Buttonwood Dr, Fair Haven, 2026-07-16 13:26:57, 1937-07-27, {\"net_worth\":\"I\",\"credit_rating\":\"A\",\"homeowner_probability\":\"H\",\"marital_status\":\"M\",\"has_credit_card\":true,\"credit_card_user\":true,\"household_size\":\"1\",\"gaming_casino\":false,\"sweepstakes\":false,\"occupation_group\":\"Retired\",\"estimated_income_code\":\"S\",\"has_investments\":true,\"has_stocks_securities\":false,\"investing_active\":true}, ?, Susan, F, 1, 0, Whyman, 7327411729, 5500000, $5,500,000.00 Mega Cash Prize, NJ, new, WAX4ELSKG4, 2026-07-16 13:26:57, 7704), (52 Salem Ln, Little Silver, 2026-07-16 13:26:57, 1959-04-01, {\"net_worth\":\"I\",\"credit_rating\":\"C\",\"homeowner_probability\":\"H\",\"marital_status\":\"S\",\"has_credit_card\":true,\"credit_card_user\":true,\"household_size\":\"2\",\"gaming_casino\":false,\"sweepstakes\":false,\"occupation_group\":\"Retired\",\"estimated_income_code\":\"R\",\"has_investments\":true,\"has_stocks_securities\":false,\"investing_active\":false}, ?, Margaret, F, 1, 0, Rizzo, 9084581006, 5500000, $5,500,000.00 Mega Cash Prize, NJ, new, XV76J4GZM2, 2026-07-16 13:26:57, 7739), (40 Circle Dr, Rumson, 2026-07-16 13:26:57, 1934-10-31, {\"net_worth\":\"I\",\"credit_rating\":\"B\",\"homeowner_probability\":\"H\",\"marital_status\":\"M\",\"has_credit_card\":true,\"credit_card_user\":true,\"household_size\":\"2\",\"gaming_casino\":false,\"sweepstakes\":false,\"occupation_group\":\"Retired\",\"estimated_income_code\":\"S\",\"has_investments\":true,\"has_stocks_securities\":false,\"investing_active\":true}, ?, Anne, F, 1, 0, Wissel, 7327136140, 5500000, $5,500,000.00 Mega Cash Prize, NJ, new, 7DC5ZK3HAA, 2026-07-16 13:26:57, 7760), (1807 5th Ave, Spring Lake, 2026-07-16 13:26:57, 1936-01-08, {\"net_worth\":\"I\",\"credit_rating\":\"A\",\"homeowner_probability\":\"H\",\"marital_status\":\"M\",\"has_credit_card\":true,\"credit_card_user\":true,\"household_size\":\"2\",\"gaming_casino\":false,\"sweepstakes\":false,\"occupation_group\":\"Retired\",\"estimated_income_code\":\"R\",\"has_investments\":true,\"has_stocks_securities\":false,\"investing_active\":false}, annhassett@gmail.com, Noel, M, 1, 0, Hassett, 7327138226, 5500000, $5,500,000.00 Mega Cash Prize, NJ, new, XMV78D4EEM, 2026-07-16 13:26:57, 7762), (19 Georgian Rd, Randolph, 2026-07-16 13:26:57, 1946-11-03, {\"net_worth\":\"I\",\"credit_rating\":\"A\",\"homeowner_probability\":\"H\",\"marital_status\":\"M\",\"has_credit_card\":true,\"credit_card_user\":true,\"household_size\":\"2\",\"gaming_casino\":false,\"sweepstakes\":false,\"occupation_group\":\"Retired\",\"estimated_income_code\":\"S\",\"has_investments\":true,\"has_stocks_securities\":true,\"investing_active\":false}, ?, Sandra, F, 1, 0, Snopkowski, 9738851855, 5500000, $5,500,000.00 Mega Cash Prize, NJ, new, G9VFYXRYSZ, 2026-07-16 13:26:57, 7869), (119 Galloping Hill Rd, Basking Ridge, 2026-07-16 13:26:57, 1958-08-21, {\"net_worth\":\"I\",\"credit_rating\":\"C\",\"homeowner_probability\":\"H\",\"marital_status\":\"M\",\"has_credit_card\":true,\"credit_card_user\":true,\"household_size\":\"1\",\"gaming_casino\":false,\"sweepstakes\":false,\"occupation_group\":\"Retired\",\"estimated_income_code\":\"R\",\"has_investments\":false,\"has_stocks_securities\":false,\"investing_active\":false}, bobspiwak@verizon.net, Robert, M, 1, 0, Spiwak, 9087666642, 5500000, $5,500,000.00 Mega Cash Prize, NJ, new, EJVNYT6XN9, 2026-07-16 13:26:57, 7920), (46 Four Oaks Rd, Bedminster, 2026-07-16 13:26:57, 1931-08-11, {\"net_worth\":\"I\",\"credit_rating\":\"B\",\"homeowner_probability\":\"H\",\"marital_status\":\"S\",\"has_credit_card\":true,\"credit_card_user\":true,\"household_size\":\"1\",\"gaming_casino\":false,\"sweepstakes\":false,\"occupation_group\":\"Retired\",\"estimated_income_code\":\"R\",\"has_investments\":true,\"has_stocks_securities\":false,\"investing_active\":false}, ?, Francis, M, 1, 0, Chan, 9085101918, 5500000, $5,500,000.00 Mega Cash Prize, NJ, new, 8QTDAMB56W, 2026-07-16 13:26:57, 7921), (25 Wynwood Rd, Chatham, 2026-07-16 13:26:57, 1937-04-27, {\"net_worth\":\"I\",\"credit_rating\":\"B\",\"homeowner_probability\":\"H\",\"marital_status\":\"M\",\"has_credit_card\":true,\"credit_card_user\":true,\"household_size\":\"2\",\"gaming_casino\":false,\"sweepstakes\":false,\"occupation_group\":\"Retired\",\"estimated_income_code\":\"S\",\"has_investments\":true,\"has_stocks_securities\":false,\"investing_active\":true}, cereyo@hotmail.com, Dolores, F, 1, 0, Dewling, 9736355681, 5500000, $5,500,000.00 Mega Cash Prize, NJ, new, Q7X3H473XV, 2026-07-16 13:26:57, 7928), (5 Laurel Way, Madison, 2026-07-16 13:26:57, 1936-07-01, {\"net_worth\":\"I\",\"credit_rating\":\"B\",\"homeowner_probability\":\"H\",\"marital_status\":\"M\",\"has_credit_card\":true,\"credit_card_user\":true,\"household_size\":\"1\",\"gaming_casino\":false,\"sweepstakes\":false,\"occupation_group\":\"Retired\",\"estimated_income_code\":\"S\",\"has_investments\":false,\"has_stocks_securities\":false,\"investing_active\":false}, ?, Ruth, F, 1, 0, Goodell, 9088832129, 5500000, $5,500,000.00 Mega Cash Prize, NJ, new, 33T4ALS8VQ, 2026-07-16 13:26:57, 7940), (15 Rose Ave, Madison, 2026-07-16 13:26:57, 1935-06-21, {\"net_worth\":\"I\",\"credit_rating\":\"B\",\"homeowner_probability\":\"H\",\"marital_status\":\"M\",\"has_credit_card\":true,\"credit_card_user\":true,\"household_size\":\"2\",\"gaming_casino\":false,\"sweepstakes\":false,\"occupation_group\":\"Retired\",\"estimated_income_code\":\"R\",\"has_investments\":true,\"has_stocks_securities\":false,\"investing_active\":true}, ?, Rita, F, 1, 0, Brogan, 9737659558, 5500000, $5,500,000.00 Mega Cash Prize, NJ, new, HN8V67RKGD, 2026-07-16 13:26:57, 7940), (315 Knolltop Ln, Haddonfield, 2026-07-16 13:26:57, 1937-05-07, {\"net_worth\":\"I\",\"credit_rating\":\"A\",\"homeowner_probability\":\"H\",\"marital_status\":\"M\",\"has_credit_card\":true,\"credit_card_user\":true,\"household_size\":\"2\",\"gaming_casino\":false,\"sweepstakes\":true,\"occupation_group\":\"Retired\",\"estimated_income_code\":\"S\",\"has_investments\":true,\"has_stocks_securities\":false,\"investing_active\":false}, ?, Jacqueline, F, 1, 0, Mariano, 6093142031, 5500000, $5,500,000.00 Mega Cash Prize, NJ, new, YX9WKJSPQC, 2026-07-16 13:26:57, 8033), (904 Fernwood Rd, Moorestown, 2026-07-16 13:26:57, 1942-12-02, {\"net_worth\":\"I\",\"credit_rating\":\"B\",\"homeowner_probability\":\"H\",\"marital_status\":\"M\",\"has_credit_card\":true,\"credit_card_user\":true,\"household_size\":\"2\",\"gaming_casino\":false,\"sweepstakes\":false,\"occupation_group\":\"Retired\",\"estimated_income_code\":\"R\",\"has_investments\":false,\"has_stocks_securities\":false,\"investing_active\":false}, ?, Annamaria, F, 1, 0, Smith, 8568667565, 5500000, $5,500,000.00 Mega Cash Prize, NJ, new, DB7M6ZTWYF, 2026-07-16 13:26:57, 8057), (225 E Oak Ave, Moorestown, 2026-07-16 13:26:57, 1936-10-25, {\"net_worth\":\"I\",\"credit_rating\":\"B\",\"homeowner_probability\":\"H\",\"marital_status\":\"M\",\"has_credit_card\":true,\"credit_card_user\":true,\"household_size\":\"2\",\"gaming_casino\":false,\"sweepstakes\":false,\"occupation_group\":\"Retired\",\"estimated_income_code\":\"S\",\"has_investments\":true,\"has_stocks_securities\":false,\"investing_active\":true}, ?, Carol, F, 1, 0, Frank, 8562355358, 5500000, $5,500,000.00 Mega Cash Prize, NJ, new, K7753CVMXY, 2026-07-16 13:26:57, 8057), (87 Deer Path, Princeton, 2026-07-16 13:26:57, 1941-06-16, {\"net_worth\":\"I\",\"credit_rating\":\"B\",\"homeowner_probability\":\"H\",\"marital_status\":\"M\",\"has_credit_card\":true,\"credit_card_user\":true,\"household_size\":\"2\",\"gaming_casino\":false,\"sweepstakes\":false,\"occupation_group\":\"Retired\",\"estimated_income_code\":\"R\",\"has_investments\":true,\"has_stocks_securities\":false,\"investing_active\":true}, cschrire@yahoo.com, Carmel, F, 1, 0, Steiger, 6099211735, 5500000, $5,500,000.00 Mega Cash Prize, NJ, new, VR6S8W7LFG, 2026-07-16 13:26:57, 8540), (924 Birch Dr, Brielle, 2026-07-16 13:26:57, 1940-07-31, {\"net_worth\":\"I\",\"credit_rating\":\"B\",\"homeowner_probability\":\"H\",\"marital_status\":\"M\",\"has_credit_card\":true,\"credit_card_user\":true,\"household_size\":\"2\",\"gaming_casino\":false,\"sweepstakes\":false,\"occupation_group\":\"Retired\",\"estimated_income_code\":\"R\",\"has_investments\":true,\"has_stocks_securities\":false,\"investing_active\":true}, bianna924@gmail.com, Barbara, F, 1, 0, Iannacone, 7329048939, 5500000, $5,500,000.00 Mega Cash Prize, NJ, new, W9QXD39BGB, 2026-07-16 13:26:57, 8730), (124 Magee Ct, E Brunswick, 2026-07-16 13:26:57, 1934-11-23, {\"net_worth\":\"I\",\"credit_rating\":\"B\",\"homeowner_probability\":\"H\",\"marital_status\":\"M\",\"has_credit_card\":true,\"credit_card_user\":true,\"household_size\":\"2\",\"gaming_casino\":true,\"sweepstakes\":false,\"occupation_group\":\"Retired\",\"estimated_income_code\":\"R\",\"has_investments\":true,\"has_stocks_securities\":false,\"investing_active\":true}, ?, Helen, F, 1, 0, Pollack, 7328221877, 5500000, $5,500,000.00 Mega Cash Prize, NJ, new, UABTQ3PDBT, 2026-07-16 13:26:57, 8816), (85 Beth Page Dr, Monroe Twp, 2026-07-16 13:26:57, 1936-06-22, {\"net_worth\":\"I\",\"credit_rating\":\"B\",\"homeowner_probability\":\"H\",\"marital_status\":\"M\",\"has_credit_card\":true,\"credit_card_user\":true,\"household_size\":\"2\",\"gaming_casino\":false,\"sweepstakes\":false,\"occupation_group\":\"Retired\",\"estimated_income_code\":\"S\",\"has_investments\":true,\"has_stocks_securities\":false,\"investing_active\":true}, lwhipple0530@yahoo.com, Lorraine, F, 1, 0, Raden, 7325215776, 5500000, $5,500,000.00 Mega Cash Prize, NJ, new, YQG4YJKRL2, 2026-07-16 13:26:57, 8831), (254 Stanton Mountain Rd, Lebanon, 2026-07-16 13:26:57, 1941-06-21, {\"net_worth\":\"I\",\"credit_rating\":\"B\",\"homeowner_probability\":\"H\",\"marital_status\":\"S\",\"has_credit_card\":true,\"credit_card_user\":true,\"household_size\":\"2\",\"gaming_casino\":false,\"sweepstakes\":false,\"occupation_group\":\"Retired\",\"estimated_income_code\":\"R\",\"has_investments\":true,\"has_stocks_securities\":true,\"investing_active\":true}, ?, Walter, M, 1, 0, Caskey, 9086728103, 5500000, $5,500,000.00 Mega Cash Prize, NJ, new, GFDJZCCXTF, 2026-07-16 13:26:57, 8833), (140 Perry St, New York, 2026-07-16 13:26:57, 1935-12-18, {\"net_worth\":\"I\",\"credit_rating\":\"B\",\"homeowner_probability\":\"H\",\"marital_status\":\"M\",\"has_credit_card\":true,\"credit_card_user\":true,\"household_size\":\"1\",\"gaming_casino\":false,\"sweepstakes\":false,\"occupation_group\":\"Retired\",\"estimated_income_code\":\"R\",\"has_investments\":true,\"has_stocks_securities\":false,\"investing_active\":false}, jhowell@gateway.net, James, M, 1, 0, Howell, 9178684407, 5500000, $5,500,000.00 Mega Cash Prize, NY, new, TV79ZANQD3, 2026-07-16 13:26:57, 10014), (165 E 32nd St, New York, 2026-07-16 13:26:57, 1938-01-14, {\"net_worth\":\"I\",\"credit_rating\":\"B\",\"homeowner_probability\":\"H\",\"marital_status\":\"M\",\"has_credit_card\":true,\"credit_card_user\":true,\"household_size\":\"2\",\"gaming_casino\":false,\"sweepstakes\":true,\"occupation_group\":\"Retired\",\"estimated_income_code\":\"S\",\"has_investments\":true,\"has_stocks_securities\":false,\"investing_active\":true}, alinasaif786@gmail.com, Silvia, F, 1, 0, Last, 9179301053, 5500000, $5,500,000.00 Mega Cash Prize, NY, new, M9H3W7ERGQ, 2026-07-16 13:26:57, 10016), (401 E 74th St, New York, 2026-07-16 13:26:57, 1939-07-25, {\"net_worth\":\"I\",\"credit_rating\":\"B\",\"homeowner_probability\":\"H\",\"marital_status\":\"S\",\"has_credit_card\":true,\"credit_card_user\":true,\"household_size\":\"1\",\"gaming_casino\":false,\"sweepstakes\":false,\"occupation_group\":\"Retired\",\"estimated_income_code\":\"S\",\"has_investments\":true,\"has_stocks_securities\":false,\"investing_active\":false}, robert@andnowuknow.com, Christopher, M, 1, 0, Cadbury, 2122491131, 5500000, $5,500,000.00 Mega Cash Prize, NY, new, FZ9HV3X7SD, 2026-07-16 13:26:57, 10021), (200 E 57th St, New York, 2026-07-16 13:26:57, 1940-06-16, {\"net_worth\":\"I\",\"credit_rating\":\"B\",\"homeowner_probability\":\"H\",\"marital_status\":\"M\",\"has_credit_card\":true,\"credit_card_user\":true,\"household_size\":\"2\",\"gaming_casino\":false,\"sweepstakes\":false,\"occupation_group\":\"Retired\",\"estimated_income_code\":\"R\",\"has_investments\":false,\"has_stocks_securities\":false,\"investing_active\":false}, esolender@webtv.net, Elsa, F, 1, 0, Solender, 2123087137, 5500000, $5,500,000.00 Mega Cash Prize, NY, new, CYTLRV3YEM, 2026-07-16 13:26:57, 10022), (200 W 86th St, New York, 2026-07-16 13:26:57, 1937-01-18, {\"net_worth\":\"I\",\"credit_rating\":\"B\",\"homeowner_probability\":\"H\",\"marital_status\":\"S\",\"has_credit_card\":true,\"credit_card_user\":true,\"household_size\":\"1\",\"gaming_casino\":false,\"sweepstakes\":false,\"occupation_group\":\"Retired\",\"estimated_income_code\":\"R\",\"has_investments\":true,\"has_stocks_securities\":false,\"investing_active\":false}, formul@verizon.net, Harold, M, 1, 0, Forbes, 9178414406, 5500000, $5,500,000.00 Mega Cash Prize, NY, new, 2SDAT3B4WQ, 2026-07-16 13:26:57, 10024), (400 Riverside Dr, New York, 2026-07-16 13:26:57, 1935-03-21, {\"net_worth\":\"I\",\"credit_rating\":\"A\",\"homeowner_probability\":\"H\",\"marital_status\":\"M\",\"has_credit_card\":true,\"credit_card_user\":true,\"household_size\":\"2\",\"gaming_casino\":false,\"sweepstakes\":true,\"occupation_group\":\"Retired\",\"estimated_income_code\":\"R\",\"has_investments\":true,\"has_stocks_securities\":false,\"investing_active\":false}, mornethf25@gmail.com, Mokhtar, M, 1, 0, Mokhtefi, 2127492395, 5500000, $5,500,000.00 Mega Cash Prize, NY, new, RNJPSUZMSD, 2026-07-16 13:26:57, 10025), (528 W 111th St, New York, 2026-07-16 13:26:57, 1936-12-30, {\"net_worth\":\"I\",\"credit_rating\":\"C\",\"homeowner_probability\":\"H\",\"marital_status\":\"M\",\"has_credit_card\":true,\"credit_card_user\":true,\"household_size\":\"2\",\"gaming_casino\":false,\"sweepstakes\":true,\"occupation_group\":\"Retired\",\"estimated_income_code\":\"R\",\"has_investments\":true,\"has_stocks_securities\":false,\"investing_active\":false}, teresazebrowska@msn.com, Teresa, F, 1, 0, Zebrowski, 9177413795, 5500000, $5,500,000.00 Mega Cash Prize, NY, new, N4A8E87SDD, 2026-07-16 13:26:57, 10025), (845 W End Ave, New York, 2026-07-16 13:26:57, 1937-05-29, {\"net_worth\":\"I\",\"credit_rating\":\"C\",\"homeowner_probability\":\"H\",\"marital_status\":\"M\",\"has_credit_card\":true,\"credit_card_user\":true,\"household_size\":\"2\",\"gaming_casino\":false,\"sweepstakes\":false,\"occupation_group\":\"Retired\",\"estimated_income_code\":\"R\",\"has_investments\":true,\"has_stocks_securities\":false,\"investing_active\":false}, gzicht1@nyc.rr.com, Gloria, F, 1, 0, Zicht, 2122221999, 5500000, $5,500,000.00 Mega Cash Prize, NY, new, HVMKVQ4W3Q, 2026-07-16 13:26:57, 10025), (160 E 65th St, New York, 2026-07-16 13:26:57, 1935-06-23, {\"net_worth\":\"I\",\"credit_rating\":\"B\",\"homeowner_probability\":\"H\",\"marital_status\":\"M\",\"has_credit_card\":true,\"credit_card_user\":true,\"household_size\":\"2\",\"gaming_casino\":false,\"sweepstakes\":false,\"occupation_group\":\"Retired\",\"estimated_income_code\":\"S\",\"has_investments\":true,\"has_stocks_securities\":false,\"investing_active\":false}, leilalima2012@hotmail.com, Lucio, M, 1, 0, Caputo, 2127446453, 5500000, $5,500,000.00 Mega Cash Prize, NY, new, GG9K6XQCQH, 2026-07-16 13:26:57, 10065), (333 E 79th St, New York, 2026-07-16 13:26:57, 1936-08-10, {\"net_worth\":\"I\",\"credit_rating\":\"B\",\"homeowner_probability\":\"H\",\"marital_status\":\"M\",\"has_credit_card\":true,\"credit_card_user\":true,\"household_size\":\"2\",\"gaming_casino\":false,\"sweepstakes\":false,\"occupation_group\":\"Retired\",\"estimated_income_code\":\"R\",\"has_investments\":true,\"has_stocks_securities\":false,\"investing_active\":true}, hjoselson@hotmail.com, Helene, F, 1, 0, Joselson, 6462381989, 5500000, $5,500,000.00 Mega Cash Prize, NY, new, JLFRU8LXMW, 2026-07-16 13:26:57, 10075), (230 Coverly Ave, Staten Island, 2026-07-16 13:26:57, 1935-09-27, {\"net_worth\":\"I\",\"credit_rating\":\"C\",\"homeowner_probability\":\"H\",\"marital_status\":\"M\",\"has_credit_card\":true,\"credit_card_user\":true,\"household_size\":\"1\",\"gaming_casino\":false,\"sweepstakes\":false,\"occupation_group\":\"Retired\",\"estimated_income_code\":\"R\",\"has_investments\":true,\"has_stocks_securities\":false,\"investing_active\":false}, ?, Norma, F, 1, 0, Maratea, 7187205799, 5500000, $5,500,000.00 Mega Cash Prize, NY, new, QMBV4AB4UE, 2026-07-16 13:26:57, 10301), (17 Arden Dr, Amawalk, 2026-07-16 13:26:57, 1940-11-18, {\"net_worth\":\"I\",\"credit_rating\":\"A\",\"homeowner_probability\":\"H\",\"marital_status\":\"M\",\"has_credit_card\":true,\"credit_card_user\":true,\"household_size\":\"2\",\"gaming_casino\":false,\"sweepstakes\":false,\"occupation_group\":\"Retired\",\"estimated_income_code\":\"R\",\"has_investments\":true,\"has_stocks_securities\":false,\"investing_active\":false}, ?, Doris, F, 1, 0, Olsen, 9142456480, 5500000, $5,500,000.00 Mega Cash Prize, NY, new, HT84D8JCB3, 2026-07-16 13:26:57, 10501), (9 Long Ridge Rd, Bedford, 2026-07-16 13:26:57, 1931-09-15, {\"net_worth\":\"I\",\"credit_rating\":\"C\",\"homeowner_probability\":\"H\",\"marital_status\":\"S\",\"has_credit_card\":true,\"credit_card_user\":true,\"household_size\":\"1\",\"gaming_casino\":false,\"sweepstakes\":false,\"occupation_group\":\"Retired\",\"estimated_income_code\":\"S\",\"has_investments\":false,\"has_stocks_securities\":false,\"investing_active\":false}, ?, Marilyn, F, 1, 0, Eskenazi, 9142347682, 5500000, $5,500,000.00 Mega Cash Prize, NY, new, WQKEHWV4C9, 2026-07-16 13:26:57, 10506), (41 Neustadt Ln, Chappaqua, 2026-07-16 13:26:57, 1941-08-20, {\"net_worth\":\"I\",\"credit_rating\":\"B\",\"homeowner_probability\":\"H\",\"marital_status\":\"M\",\"has_credit_card\":true,\"credit_card_user\":true,\"household_size\":\"2\",\"gaming_casino\":false,\"sweepstakes\":false,\"occupation_group\":\"Retired\",\"estimated_income_code\":\"S\",\"has_investments\":true,\"has_stocks_securities\":false,\"investing_active\":true}, entshernthymus@hotmail.com, Elizabeth, F, 1, 0, Baum, 9148501860, 5500000, $5,500,000.00 Mega Cash Prize, NY, new, QWEA3YF3GL, 2026-07-16 13:26:57, 10514), (47 Florence Ave, Dobbs Ferry, 2026-07-16 13:26:57, 1931-01-23, {\"net_worth\":\"I\",\"credit_rating\":\"A\",\"homeowner_probability\":\"H\",\"marital_status\":\"M\",\"has_credit_card\":true,\"credit_card_user\":true,\"household_size\":\"2\",\"gaming_casino\":false,\"sweepstakes\":true,\"occupation_group\":\"Retired\",\"estimated_income_code\":\"S\",\"has_investments\":true,\"has_stocks_securities\":false,\"investing_active\":true}, ?, Thomas, M, 1, 0, Quick, 9146932328, 5500000, $5,500,000.00 Mega Cash Prize, NY, new, W93SEWVKUZ, 2026-07-16 13:26:57, 10522), (60 Paret Ln, Hartsdale, 2026-07-16 13:26:57, 1938-06-17, {\"net_worth\":\"I\",\"credit_rating\":\"B\",\"homeowner_probability\":\"H\",\"marital_status\":\"M\",\"has_credit_card\":true,\"credit_card_user\":true,\"household_size\":\"2\",\"gaming_casino\":false,\"sweepstakes\":false,\"occupation_group\":\"Retired\",\"estimated_income_code\":\"R\",\"has_investments\":true,\"has_stocks_securities\":false,\"investing_active\":false}, ?, Richard, M, 1, 0, Osullivan, 9146820610, 5500000, $5,500,000.00 Mega Cash Prize, NY, new, 3ERUB69TLQ, 2026-07-16 13:26:57, 10530), (41 Maple Hill Dr, Larchmont, 2026-07-16 13:26:57, 1941-06-24, {\"net_worth\":\"I\",\"credit_rating\":\"B\",\"homeowner_probability\":\"H\",\"marital_status\":\"M\",\"has_credit_card\":true,\"credit_card_user\":true,\"household_size\":\"2\",\"gaming_casino\":false,\"sweepstakes\":false,\"occupation_group\":\"Retired\",\"estimated_income_code\":\"S\",\"has_investments\":true,\"has_stocks_securities\":true,\"investing_active\":false}, fisch.joseph@yahoo.com, Betty, F, 1, 0, Fisch, 9147157012, 5500000, $5,500,000.00 Mega Cash Prize, NY, new, BEDVT7D2P9, 2026-07-16 13:26:57, 10538), (1009 Old White Plains Rd, Mamaroneck, 2026-07-16 13:26:57, 1931-03-19, {\"net_worth\":\"I\",\"credit_rating\":\"A\",\"homeowner_probability\":\"H\",\"marital_status\":\"S\",\"has_credit_card\":true,\"credit_card_user\":true,\"household_size\":\"1\",\"gaming_casino\":false,\"sweepstakes\":false,\"occupation_group\":\"Retired\",\"estimated_income_code\":\"S\",\"has_investments\":true,\"has_stocks_securities\":false,\"investing_active\":true}, tim2tom1@gmail.com, Thomas, M, 1, 0, Kohlberg, 2039181873, 5500000, $5,500,000.00 Mega Cash Prize, NY, new, AJJ6HU3U9C, 2026-07-16 13:26:57, 10543), (1275 Raleigh Rd, Mamaroneck, 2026-07-16 13:26:57, 1931-03-19, {\"net_worth\":\"H\",\"credit_rating\":\"A\",\"homeowner_probability\":\"H\",\"marital_status\":\"M\",\"has_credit_card\":true,\"credit_card_user\":true,\"household_size\":\"1\",\"gaming_casino\":false,\"sweepstakes\":false,\"occupation_group\":\"Retired\",\"estimated_income_code\":\"R\",\"has_investments\":true,\"has_stocks_securities\":false,\"investing_active\":true}, bockybob@aol.com, Corinne, F, 1, 0, Mastruzzi, 9146982993, 5500000, $5,500,000.00 Mega Cash Prize, NY, new, 48QVXD3FR3, 2026-07-16 13:26:57, 10543), (204 Forest Dr, Mount Kisco, 2026-07-16 13:26:57, 1942-02-01, {\"net_worth\":\"I\",\"credit_rating\":\"A\",\"homeowner_probability\":\"H\",\"marital_status\":\"M\",\"has_credit_card\":true,\"credit_card_user\":true,\"household_size\":\"2\",\"gaming_casino\":false,\"sweepstakes\":true,\"occupation_group\":\"Retired\",\"estimated_income_code\":\"S\",\"has_investments\":true,\"has_stocks_securities\":false,\"investing_active\":false}, curliq@gmail.com, Andrea, F, 1, 0, Keri, 9146497214, 5500000, $5,500,000.00 Mega Cash Prize, NY, new, CUYRKX3NGX, 2026-07-16 13:26:57, 10549), (31 Bonwit Rd, Port Chester, 2026-07-16 13:26:57, 1940-07-01, {\"net_worth\":\"I\",\"credit_rating\":\"B\",\"homeowner_probability\":\"H\",\"marital_status\":\"M\",\"has_credit_card\":true,\"credit_card_user\":true,\"household_size\":\"2\",\"gaming_casino\":false,\"sweepstakes\":false,\"occupation_group\":\"Retired\",\"estimated_income_code\":\"S\",\"has_investments\":true,\"has_stocks_securities\":false,\"investing_active\":true}, austinprop@aol.com, Carl, M, 1, 0, Austin, 9149396793, 5500000, $5,500,000.00 Mega Cash Prize, NY, new, 4TB4K8327E, 2026-07-16 13:26:57, 10573), (155 Florence Ave, Rye, 2026-07-16 13:26:57, 1935-04-25, {\"net_worth\":\"I\",\"credit_rating\":\"A\",\"homeowner_probability\":\"H\",\"marital_status\":\"M\",\"has_credit_card\":true,\"credit_card_user\":true,\"household_size\":\"2\",\"gaming_casino\":false,\"sweepstakes\":true,\"occupation_group\":\"Retired\",\"estimated_income_code\":\"S\",\"has_investments\":true,\"has_stocks_securities\":false,\"investing_active\":true}, afsdjs621@aol.com, Anthony, M, 1, 0, Storino, 9144748758, 5500000, $5,500,000.00 Mega Cash Prize, NY, new, PWDXATZ9MU, 2026-07-16 13:26:57, 10580), (440 Heritage Hls, Somers, 2026-07-16 13:26:57, 1939-12-04, {\"net_worth\":\"I\",\"credit_rating\":\"B\",\"homeowner_probability\":\"H\",\"marital_status\":\"S\",\"has_credit_card\":true,\"credit_card_user\":true,\"household_size\":\"2\",\"gaming_casino\":false,\"sweepstakes\":false,\"occupation_group\":\"Retired\",\"estimated_income_code\":\"R\",\"has_investments\":true,\"has_stocks_securities\":false,\"investing_active\":false}, gabriellem2890@yahoo.com, Gabrielle, F, 1, 0, Mcdonough, 7728079752, 5500000, $5,500,000.00 Mega Cash Prize, NY, new, 8Z6KJWXGX4, 2026-07-16 13:26:57, 10589), (22 Beech Ln, Tarrytown, 2026-07-16 13:26:57, 1937-03-14, {\"net_worth\":\"I\",\"credit_rating\":\"B\",\"homeowner_probability\":\"H\",\"marital_status\":\"M\",\"has_credit_card\":true,\"credit_card_user\":true,\"household_size\":\"2\",\"gaming_casino\":false,\"sweepstakes\":false,\"occupation_group\":\"Retired\",\"estimated_income_code\":\"R\",\"has_investments\":true,\"has_stocks_securities\":false,\"investing_active\":true}, ?, Michael, M, 1, 0, Lechner, 9146314228, 5500000, $5,500,000.00 Mega Cash Prize, NY, new, 3L4S9CSKUZ, 2026-07-16 13:26:57, 10591), (20 Kass Rd, White Plains, 2026-07-16 13:26:57, 1936-02-25, {\"net_worth\":\"I\",\"credit_rating\":\"B\",\"homeowner_probability\":\"H\",\"marital_status\":\"M\",\"has_credit_card\":true,\"credit_card_user\":true,\"household_size\":\"2\",\"gaming_casino\":false,\"sweepstakes\":false,\"occupation_group\":\"Retired\",\"estimated_income_code\":\"R\",\"has_investments\":true,\"has_stocks_securities\":true,\"investing_active\":true}, ?, William, M, 1, 0, Knapp, 9149469341, 5500000, $5,500,000.00 Mega Cash Prize, NY, new, K8KN3L7ZT8, 2026-07-16 13:26:57, 10605), (182 Soundview Ave, White Plains, 2026-07-16 13:26:57, 1937-01-09, {\"net_worth\":\"I\",\"credit_rating\":\"A\",\"homeowner_probability\":\"H\",\"marital_status\":\"M\",\"has_credit_card\":true,\"credit_card_user\":true,\"household_size\":\"1\",\"gaming_casino\":false,\"sweepstakes\":false,\"occupation_group\":\"Retired\",\"estimated_income_code\":\"R\",\"has_investments\":false,\"has_stocks_securities\":false,\"investing_active\":false}, ?, Susan, F, 1, 0, Pon, 9147610020, 5500000, $5,500,000.00 Mega Cash Prize, NY, new, ZEJZQU6D6A, 2026-07-16 13:26:57, 10606), (33 Mile Rd, Suffern, 2026-07-16 13:26:57, 1936-06-06, {\"net_worth\":\"I\",\"credit_rating\":\"B\",\"homeowner_probability\":\"H\",\"marital_status\":\"M\",\"has_credit_card\":true,\"credit_card_user\":true,\"household_size\":\"2\",\"gaming_casino\":false,\"sweepstakes\":true,\"occupation_group\":\"Retired\",\"estimated_income_code\":\"S\",\"has_investments\":true,\"has_stocks_securities\":false,\"investing_active\":true}, ?, Philip, M, 1, 0, Fey, 8453577202, 5500000, $5,500,000.00 Mega Cash Prize, NY, new, HKET2GV7SP, 2026-07-16 13:26:57, 10901), (15 Central Ave N, Nyack, 2026-07-16 13:26:57, 1953-04-24, {\"net_worth\":\"I\",\"credit_rating\":\"B\",\"homeowner_probability\":\"H\",\"marital_status\":\"S\",\"has_credit_card\":true,\"credit_card_user\":true,\"household_size\":\"1\",\"gaming_casino\":false,\"sweepstakes\":false,\"occupation_group\":\"Retired\",\"estimated_income_code\":\"R\",\"has_investments\":false,\"has_stocks_securities\":false,\"investing_active\":false}, ?, Marilyn, F, 1, 0, Kaskel, 8455353112, 5500000, $5,500,000.00 Mega Cash Prize, NY, new, CSVEALL24B, 2026-07-16 13:26:57, 10960), (18 David Dr, Spring Valley, 2026-07-16 13:26:57, 1938-01-08, {\"net_worth\":\"I\",\"credit_rating\":\"B\",\"homeowner_probability\":\"H\",\"marital_status\":\"S\",\"has_credit_card\":true,\"credit_card_user\":true,\"household_size\":\"2\",\"gaming_casino\":false,\"sweepstakes\":true,\"occupation_group\":\"Retired\",\"estimated_income_code\":\"R\",\"has_investments\":true,\"has_stocks_securities\":false,\"investing_active\":false}, g.gauravmehta@gmail.com, Ramesh, M, 1, 0, Mehta, 8453629203, 5500000, $5,500,000.00 Mega Cash Prize, NY, new, 9F9ZQXE6TJ, 2026-07-16 13:26:57, 10977), (21 Huron Rd, Floral Park, 2026-07-16 13:26:57, 1937-08-06, {\"net_worth\":\"I\",\"credit_rating\":\"B\",\"homeowner_probability\":\"H\",\"marital_status\":\"M\",\"has_credit_card\":true,\"credit_card_user\":true,\"household_size\":\"2\",\"gaming_casino\":false,\"sweepstakes\":false,\"occupation_group\":\"Retired\",\"estimated_income_code\":\"R\",\"has_investments\":true,\"has_stocks_securities\":false,\"investing_active\":true}, waltergoepfert@aol.com, Walter, M, 1, 0, Goepfert, 5162421297, 5500000, $5,500,000.00 Mega Cash Prize, NY, new, KYJJKWCTHD, 2026-07-16 13:26:57, 11001), (30 Ellard Ave, Great Neck, 2026-07-16 13:26:57, 1942-06-16, {\"net_worth\":\"I\",\"credit_rating\":\"A\",\"homeowner_probability\":\"H\",\"marital_status\":\"M\",\"has_credit_card\":true,\"credit_card_user\":true,\"household_size\":\"2\",\"gaming_casino\":false,\"sweepstakes\":false,\"occupation_group\":\"Retired\",\"estimated_income_code\":\"R\",\"has_investments\":false,\"has_stocks_securities\":false,\"investing_active\":false}, ?, Sarah, F, 1, 0, Kaboli, 5164454440, 5500000, $5,500,000.00 Mega Cash Prize, NY, new, WXJP6LADDJ, 2026-07-16 13:26:57, 11024), (10 Aberdeen Rd, New Hyde Park, 2026-07-16 13:26:57, 1942-08-04, {\"net_worth\":\"I\",\"credit_rating\":\"B\",\"homeowner_probability\":\"H\",\"marital_status\":\"M\",\"has_credit_card\":true,\"credit_card_user\":true,\"household_size\":\"2\",\"gaming_casino\":false,\"sweepstakes\":false,\"occupation_group\":\"Retired\",\"estimated_income_code\":\"R\",\"has_investments\":true,\"has_stocks_securities\":false,\"investing_active\":false}, bcasella@optonline.net, Robert, M, 1, 0, Casella, 5623979141, 5500000, $5,500,000.00 Mega Cash Prize, NY, new, BC6LQRZ6ZT, 2026-07-16 13:26:57, 11040), (36 Sandy Ct, Prt Washingtn, 2026-07-16 13:26:57, 1941-01-26, {\"net_worth\":\"I\",\"credit_rating\":\"B\",\"homeowner_probability\":\"H\",\"marital_status\":\"M\",\"has_credit_card\":true,\"credit_card_user\":true,\"household_size\":\"2\",\"gaming_casino\":false,\"sweepstakes\":true,\"occupation_group\":\"Retired\",\"estimated_income_code\":\"R\",\"has_investments\":true,\"has_stocks_securities\":false,\"investing_active\":true}, oblam@aol.com, Ora, F, 1, 0, Blam, 5163166387, 5500000, $5,500,000.00 Mega Cash Prize, NY, new, LEC3P5VEB7, 2026-07-16 13:26:57, 11050), (20 Willow St, Brooklyn, 2026-07-16 13:26:57, 1941-09-25, {\"net_worth\":\"I\",\"credit_rating\":\"B\",\"homeowner_probability\":\"H\",\"marital_status\":\"M\",\"has_credit_card\":true,\"credit_card_user\":true,\"household_size\":\"2\",\"gaming_casino\":false,\"sweepstakes\":false,\"occupation_group\":\"Retired\",\"estimated_income_code\":\"R\",\"has_investments\":true,\"has_stocks_securities\":false,\"investing_active\":false}, ?, Ciro, M, 1, 0, Scala, 3478669630, 5500000, $5,500,000.00 Mega Cash Prize, NY, new, QUK54832YU, 2026-07-16 13:26:57, 11201), (424 Avenue T, Brooklyn, 2026-07-16 13:26:57, 1939-10-11, {\"net_worth\":\"I\",\"credit_rating\":\"C\",\"homeowner_probability\":\"H\",\"marital_status\":\"M\",\"has_credit_card\":true,\"credit_card_user\":true,\"household_size\":\"2\",\"gaming_casino\":false,\"sweepstakes\":false,\"occupation_group\":\"Retired\",\"estimated_income_code\":\"R\",\"has_investments\":true,\"has_stocks_securities\":false,\"investing_active\":true}, ?, Lorraine, F, 1, 0, Gindi, 7189967603, 5500000, $5,500,000.00 Mega Cash Prize, NY, new, DRWSQN5MWD, 2026-07-16 13:26:57, 11223), (289 Rushmore Ave, Carle Place, 2026-07-16 13:26:57, 1937-11-01, {\"net_worth\":\"I\",\"credit_rating\":\"A\",\"homeowner_probability\":\"H\",\"marital_status\":\"M\",\"has_credit_card\":true,\"credit_card_user\":true,\"household_size\":\"1\",\"gaming_casino\":false,\"sweepstakes\":false,\"occupation_group\":\"Retired\",\"estimated_income_code\":\"R\",\"has_investments\":true,\"has_stocks_securities\":false,\"investing_active\":true}, janethalfpenny@msn.com, James, M, 1, 0, Halfpenny, 5163347127, 5500000, $5,500,000.00 Mega Cash Prize, NY, new, CFN8WK47Q5, 2026-07-16 13:26:57, 11514), (134 Willow St, Garden City, 2026-07-16 13:26:57, 1939-10-22, {\"net_worth\":\"I\",\"credit_rating\":\"B\",\"homeowner_probability\":\"H\",\"marital_status\":\"M\",\"has_credit_card\":true,\"credit_card_user\":true,\"household_size\":\"2\",\"gaming_casino\":false,\"sweepstakes\":false,\"occupation_group\":\"Retired\",\"estimated_income_code\":\"R\",\"has_investments\":true,\"has_stocks_securities\":false,\"investing_active\":true}, ?, Margit, F, 1, 0, Roelofsen, 5167417580, 5500000, $5,500,000.00 Mega Cash Prize, NY, new, 39WVX3XE7V, 2026-07-16 13:26:57, 11530), (6 Colonial Dr, Glen Head, 2026-07-16 13:26:57, 1935-08-10, {\"net_worth\":\"I\",\"credit_rating\":\"B\",\"homeowner_probability\":\"H\",\"marital_status\":\"S\",\"has_credit_card\":true,\"credit_card_user\":true,\"household_size\":\"2\",\"gaming_casino\":false,\"sweepstakes\":false,\"occupation_group\":\"Retired\",\"estimated_income_code\":\"S\",\"has_investments\":true,\"has_stocks_securities\":false,\"investing_active\":true}, cmeinzinger@gmail.com, Christa, F, 1, 0, Meinzinger, 5163750212, 5500000, $5,500,000.00 Mega Cash Prize, NY, new, 9BYMPUMU58, 2026-07-16 13:26:57, 11545), (23 Donna Ln, Long Beach, 2026-07-16 13:26:57, 1940-09-01, {\"net_worth\":\"I\",\"credit_rating\":\"A\",\"homeowner_probability\":\"H\",\"marital_status\":\"M\",\"has_credit_card\":true,\"credit_card_user\":true,\"household_size\":\"2\",\"gaming_casino\":false,\"sweepstakes\":true,\"occupation_group\":\"Retired\",\"estimated_income_code\":\"R\",\"has_investments\":true,\"has_stocks_securities\":true,\"investing_active\":true}, larryav306@aol.com, Lawrence, M, 1, 0, Aptekar, 5168897416, 5500000, $5,500,000.00 Mega Cash Prize, NY, new, 38QKXA8P27, 2026-07-16 13:26:57, 11561), (3425 Jami St, Merrick, 2026-07-16 13:26:57, 1938-06-03, {\"net_worth\":\"I\",\"credit_rating\":\"B\",\"homeowner_probability\":\"H\",\"marital_status\":\"M\",\"has_credit_card\":true,\"credit_card_user\":true,\"household_size\":\"2\",\"gaming_casino\":false,\"sweepstakes\":false,\"occupation_group\":\"Retired\",\"estimated_income_code\":\"S\",\"has_investments\":true,\"has_stocks_securities\":false,\"investing_active\":true}, ?, Samuel, M, 1, 0, Siegel, 5163780872, 5500000, $5,500,000.00 Mega Cash Prize, NY, new, JFDRJ96JZX, 2026-07-16 13:26:57, 11566), (61 Tara Dr, Roslyn, 2026-07-16 13:26:57, 1935-07-01, {\"net_worth\":\"I\",\"credit_rating\":\"B\",\"homeowner_probability\":\"H\",\"marital_status\":\"S\",\"has_credit_card\":true,\"credit_card_user\":true,\"household_size\":\"1\",\"gaming_casino\":false,\"sweepstakes\":true,\"occupation_group\":\"Retired\",\"estimated_income_code\":\"R\",\"has_investments\":true,\"has_stocks_securities\":false,\"investing_active\":false}, rjiaz@hotmail.com, Lewis, M, 1, 0, Katz, 5163533601, 5500000, $5,500,000.00 Mega Cash Prize, NY, new, HW2WZKPUK6, 2026-07-16 13:26:57, 11576), (452 Links Dr S, Roslyn, 2026-07-16 13:26:57, 1938-06-27, {\"net_worth\":\"I\",\"credit_rating\":\"B\",\"homeowner_probability\":\"H\",\"marital_status\":\"M\",\"has_credit_card\":true,\"credit_card_user\":true,\"household_size\":\"1\",\"gaming_casino\":false,\"sweepstakes\":false,\"occupation_group\":\"Retired\",\"estimated_income_code\":\"S\",\"has_investments\":true,\"has_stocks_securities\":false,\"investing_active\":true}, pjhoch@aol.com, Paul, M, 1, 0, Hochhauser, 5164577782, 5500000, $5,500,000.00 Mega Cash Prize, NY, new, C7U3DS2ULG, 2026-07-16 13:26:57, 11576), (46 Wimbledon Dr, Roslyn, 2026-07-16 13:26:57, 1939-10-22, {\"net_worth\":\"I\",\"credit_rating\":\"B\",\"homeowner_probability\":\"H\",\"marital_status\":\"M\",\"has_credit_card\":true,\"credit_card_user\":true,\"household_size\":\"1\",\"gaming_casino\":false,\"sweepstakes\":false,\"occupation_group\":\"Retired\",\"estimated_income_code\":\"S\",\"has_investments\":true,\"has_stocks_securities\":false,\"investing_active\":true}, ?, Sondra, F, 1, 0, Schneider, 5168516467, 5500000, $5,500,000.00 Mega Cash Prize, NY, new, BEYACRD5RF, 2026-07-16 13:26:57, 11576), (41 Saddle Ln, Roslyn Hts, 2026-07-16 13:26:57, 1938-04-28, {\"net_worth\":\"I\",\"credit_rating\":\"B\",\"homeowner_probability\":\"H\",\"marital_status\":\"M\",\"has_credit_card\":true,\"credit_card_user\":true,\"household_size\":\"2\",\"gaming_casino\":false,\"sweepstakes\":false,\"occupation_group\":\"Retired\",\"estimated_income_code\":\"R\",\"has_investments\":true,\"has_stocks_securities\":false,\"investing_active\":true}, ?, June, F, 1, 0, Dellova, 5164264955, 5500000, $5,500,000.00 Mega Cash Prize, NY, new, 2Z3BCGQA9T, 2026-07-16 13:26:57, 11577), (10 Meritoria Dr, Williston Pk, 2026-07-16 13:26:57, 1938-08-27, {\"net_worth\":\"I\",\"credit_rating\":\"A\",\"homeowner_probability\":\"H\",\"marital_status\":\"S\",\"has_credit_card\":true,\"credit_card_user\":true,\"household_size\":\"2\",\"gaming_casino\":false,\"sweepstakes\":false,\"occupation_group\":\"Retired\",\"estimated_income_code\":\"S\",\"has_investments\":true,\"has_stocks_securities\":false,\"investing_active\":true}, pergolis@yahoo.com, Roseanne, F, 1, 0, Pergolis, 5162480135, 5500000, $5,500,000.00 Mega Cash Prize, NY, new, HQJ633FA8T, 2026-07-16 13:26:57, 11596), (899 Green Pl, Woodmere, 2026-07-16 13:26:57, 1936-06-23, {\"net_worth\":\"I\",\"credit_rating\":\"B\",\"homeowner_probability\":\"H\",\"marital_status\":\"M\",\"has_credit_card\":true,\"credit_card_user\":true,\"household_size\":\"2\",\"gaming_casino\":false,\"sweepstakes\":false,\"occupation_group\":\"Retired\",\"estimated_income_code\":\"S\",\"has_investments\":true,\"has_stocks_securities\":false,\"investing_active\":true}, ?, Joshua, M, 1, 0, Danzger, 5163746250, 5500000, $5,500,000.00 Mega Cash Prize, NY, new, L24TZA6JF6, 2026-07-16 13:26:57, 11598), (349 Silver St, West Babylon, 2026-07-16 13:26:57, 1939-11-14, {\"net_worth\":\"I\",\"credit_rating\":\"B\",\"homeowner_probability\":\"H\",\"marital_status\":\"M\",\"has_credit_card\":true,\"credit_card_user\":true,\"household_size\":\"2\",\"gaming_casino\":false,\"sweepstakes\":true,\"occupation_group\":\"Retired\",\"estimated_income_code\":\"S\",\"has_investments\":true,\"has_stocks_securities\":false,\"investing_active\":true}, decos28@yahoo.com, Eleanor, F, 1, 0, Decos, 6318353670, 5500000, $5,500,000.00 Mega Cash Prize, NY, new, MX6DBLL872, 2026-07-16 13:26:57, 11704), (25 Boylan Ln, Blue Point, 2026-07-16 13:26:57, 1940-07-05, {\"net_worth\":\"I\",\"credit_rating\":\"C\",\"homeowner_probability\":\"H\",\"marital_status\":\"M\",\"has_credit_card\":true,\"credit_card_user\":true,\"household_size\":\"2\",\"gaming_casino\":false,\"sweepstakes\":false,\"occupation_group\":\"Retired\",\"estimated_income_code\":\"R\",\"has_investments\":true,\"has_stocks_securities\":false,\"investing_active\":false}, baltomipero@hotmail.com, Janet, F, 1, 0, Mulvey, 6314451818, 5500000, $5,500,000.00 Mega Cash Prize, NY, new, EM9KKKYBZG, 2026-07-16 13:26:57, 11715), (26 Cedarwood Ln, Commack, 2026-07-16 13:26:57, 1937-10-19, {\"net_worth\":\"I\",\"credit_rating\":\"B\",\"homeowner_probability\":\"H\",\"marital_status\":\"M\",\"has_credit_card\":true,\"credit_card_user\":true,\"household_size\":\"2\",\"gaming_casino\":false,\"sweepstakes\":false,\"occupation_group\":\"Retired\",\"estimated_income_code\":\"R\",\"has_investments\":true,\"has_stocks_securities\":false,\"investing_active\":false}, stellam3481@aol.com, Stella, F, 1, 0, Mulligan, 5165432995, 5500000, $5,500,000.00 Mega Cash Prize, NY, new, B3SATBW8RQ, 2026-07-16 13:26:57, 11725), (31 Monmouth Dr, E Northport, 2026-07-16 13:26:57, 1935-01-10, {\"net_worth\":\"I\",\"credit_rating\":\"C\",\"homeowner_probability\":\"H\",\"marital_status\":\"M\",\"has_credit_card\":true,\"credit_card_user\":true,\"household_size\":\"2\",\"gaming_casino\":false,\"sweepstakes\":false,\"occupation_group\":\"Retired\",\"estimated_income_code\":\"R\",\"has_investments\":true,\"has_stocks_securities\":true,\"investing_active\":false}, ?, Walter, M, 1, 0, Tomforde, 6317579323, 5500000, $5,500,000.00 Mega Cash Prize, NY, new, DH6CWCBPKV, 2026-07-16 13:26:57, 11731), (12 Woodhull Cove Ln, East Setauket, 2026-07-16 13:26:57, 1952-11-06, {\"net_worth\":\"I\",\"credit_rating\":\"B\",\"homeowner_probability\":\"H\",\"marital_status\":\"M\",\"has_credit_card\":true,\"credit_card_user\":true,\"household_size\":\"1\",\"gaming_casino\":false,\"sweepstakes\":false,\"occupation_group\":\"Retired\",\"estimated_income_code\":\"S\",\"has_investments\":false,\"has_stocks_securities\":false,\"investing_active\":false}, ?, Nan, F, 1, 0, Mezzatesta, 6317513040, 5500000, $5,500,000.00 Mega Cash Prize, NY, new, 74FZXY4ZZA, 2026-07-16 13:26:57, 11733), (6 Oakwood St, Greenlawn, 2026-07-16 13:26:57, 1939-03-02, {\"net_worth\":\"I\",\"credit_rating\":\"A\",\"homeowner_probability\":\"H\",\"marital_status\":\"M\",\"has_credit_card\":true,\"credit_card_user\":true,\"household_size\":\"2\",\"gaming_casino\":false,\"sweepstakes\":true,\"occupation_group\":\"Retired\",\"estimated_income_code\":\"R\",\"has_investments\":true,\"has_stocks_securities\":true,\"investing_active\":true}, ?, Alice, F, 1, 0, Ricard, 6465946191, 5500000, $5,500,000.00 Mega Cash Prize, NY, new, SERFWSLY8T, 2026-07-16 13:26:57, 11740), (4 Manor Rd, Huntington, 2026-07-16 13:26:57, 1932-01-06, {\"net_worth\":\"I\",\"credit_rating\":\"A\",\"homeowner_probability\":\"H\",\"marital_status\":\"M\",\"has_credit_card\":true,\"credit_card_user\":true,\"household_size\":\"2\",\"gaming_casino\":false,\"sweepstakes\":false,\"occupation_group\":\"Retired\",\"estimated_income_code\":\"S\",\"has_investments\":false,\"has_stocks_securities\":false,\"investing_active\":false}, ?, Joseph, M, 1, 0, Tavernese, 6312615021, 5500000, $5,500,000.00 Mega Cash Prize, NY, new, XKV2BWXRS3, 2026-07-16 13:26:57, 11743), (36 Sherman St, Huntington, 2026-07-16 13:26:57, 1936-08-13, {\"net_worth\":\"I\",\"credit_rating\":\"B\",\"homeowner_probability\":\"H\",\"marital_status\":\"M\",\"has_credit_card\":true,\"credit_card_user\":true,\"household_size\":\"2\",\"gaming_casino\":false,\"sweepstakes\":false,\"occupation_group\":\"Retired\",\"estimated_income_code\":\"R\",\"has_investments\":true,\"has_stocks_securities\":false,\"investing_active\":false}, mkostoini@gmail.com, Marilyn, F, 1, 0, Kostolni, 5163598416, 5500000, $5,500,000.00 Mega Cash Prize, NY, new, KJ3SVA87CM, 2026-07-16 13:26:57, 11743), (163 Chichester Rd, Huntington, 2026-07-16 13:26:57, 1937-05-04, {\"net_worth\":\"I\",\"credit_rating\":\"B\",\"homeowner_probability\":\"H\",\"marital_status\":\"M\",\"has_credit_card\":true,\"credit_card_user\":true,\"household_size\":\"1\",\"gaming_casino\":false,\"sweepstakes\":true,\"occupation_group\":\"Retired\",\"estimated_income_code\":\"R\",\"has_investments\":true,\"has_stocks_securities\":false,\"investing_active\":false}, stepheby.miller74@verizon.net, Stephen, M, 1, 0, Miller, 2107530462, 5500000, $5,500,000.00 Mega Cash Prize, NY, new, SK5C4NJXQH, 2026-07-16 13:26:57, 11743), (13 Bushwick St, Melville, 2026-07-16 13:26:57, 1935-02-10, {\"net_worth\":\"I\",\"credit_rating\":\"A\",\"homeowner_probability\":\"H\",\"marital_status\":\"S\",\"has_credit_card\":true,\"credit_card_user\":true,\"household_size\":\"1\",\"gaming_casino\":false,\"sweepstakes\":false,\"occupation_group\":\"Retired\",\"estimated_income_code\":\"R\",\"has_investments\":false,\"has_stocks_securities\":false,\"investing_active\":false}, bscali@msn.com, Barbara, F, 1, 0, Scali, 3479878288, 5500000, $5,500,000.00 Mega Cash Prize, NY, new, F7YFU9HKKS, 2026-07-16 13:26:57, 11747), (5 Gaston St, Melville, 2026-07-16 13:26:57, 1932-03-24, {\"net_worth\":\"I\",\"credit_rating\":\"B\",\"homeowner_probability\":\"H\",\"marital_status\":\"M\",\"has_credit_card\":true,\"credit_card_user\":true,\"household_size\":\"2\",\"gaming_casino\":false,\"sweepstakes\":true,\"occupation_group\":\"Retired\",\"estimated_income_code\":\"R\",\"has_investments\":true,\"has_stocks_securities\":false,\"investing_active\":false}, ?, William, M, 1, 0, Dunn, 5164240098, 5500000, $5,500,000.00 Mega Cash Prize, NY, new, RUGQFJPL7J, 2026-07-16 13:26:57, 11747), (143 Altessa Blvd, Melville, 2026-07-16 13:26:57, 1938-07-16, {\"net_worth\":\"I\",\"credit_rating\":\"B\",\"homeowner_probability\":\"H\",\"marital_status\":\"M\",\"has_credit_card\":true,\"credit_card_user\":true,\"household_size\":\"2\",\"gaming_casino\":false,\"sweepstakes\":false,\"occupation_group\":\"Retired\",\"estimated_income_code\":\"R\",\"has_investments\":false,\"has_stocks_securities\":false,\"investing_active\":false}, glorisch@yahoo.com, Gloria, F, 1, 0, Schoenfeld, 8505985883, 5500000, $5,500,000.00 Mega Cash Prize, NY, new, R5KS2TWM57, 2026-07-16 13:26:57, 11747), (180 N Kentucky Ave, Massapequa, 2026-07-16 13:26:57, 1933-01-24, {\"net_worth\":\"I\",\"credit_rating\":\"A\",\"homeowner_probability\":\"H\",\"marital_status\":\"M\",\"has_credit_card\":true,\"credit_card_user\":true,\"household_size\":\"2\",\"gaming_casino\":false,\"sweepstakes\":true,\"occupation_group\":\"Retired\",\"estimated_income_code\":\"R\",\"has_investments\":true,\"has_stocks_securities\":false,\"investing_active\":false}, ?, Esther, F, 1, 0, Levy, 5167560281, 5500000, $5,500,000.00 Mega Cash Prize, NY, new, 2FH8MUTS9N, 2026-07-16 13:26:57, 11758), (161 Hamlet Dr, Mount Sinai, 2026-07-16 13:26:57, 1940-05-14, {\"net_worth\":\"I\",\"credit_rating\":\"A\",\"homeowner_probability\":\"H\",\"marital_status\":\"M\",\"has_credit_card\":true,\"credit_card_user\":true,\"household_size\":\"2\",\"gaming_casino\":false,\"sweepstakes\":false,\"occupation_group\":\"Retired\",\"estimated_income_code\":\"R\",\"has_investments\":false,\"has_stocks_securities\":false,\"investing_active\":false}, patricia_carpenter@msn.com, Yvonne, F, 1, 0, Felton, 6316427640, 5500000, $5,500,000.00 Mega Cash Prize, NY, new, M672DT3YWP, 2026-07-16 13:26:57, 11766), (120 Highwood Cir, Oyster Bay, 2026-07-16 13:26:57, 1943-01-23, {\"net_worth\":\"I\",\"credit_rating\":\"C\",\"homeowner_probability\":\"H\",\"marital_status\":\"M\",\"has_credit_card\":true,\"credit_card_user\":true,\"household_size\":\"1\",\"gaming_casino\":false,\"sweepstakes\":false,\"occupation_group\":\"Retired\",\"estimated_income_code\":\"S\",\"has_investments\":true,\"has_stocks_securities\":false,\"investing_active\":true}, frogobc@hotmail.com, Ruth, F, 1, 0, Meyer, 5169227933, 5500000, $5,500,000.00 Mega Cash Prize, NY, new, 3LVW4TGP9F, 2026-07-16 13:26:57, 11771), (10 Patton Rd, Saint James, 2026-07-16 13:26:57, 1932-09-19, {\"net_worth\":\"I\",\"credit_rating\":\"B\",\"homeowner_probability\":\"H\",\"marital_status\":\"M\",\"has_credit_card\":true,\"credit_card_user\":true,\"household_size\":\"2\",\"gaming_casino\":false,\"sweepstakes\":false,\"occupation_group\":\"Retired\",\"estimated_income_code\":\"R\",\"has_investments\":true,\"has_stocks_securities\":false,\"investing_active\":true}, ?, Gladys, F, 1, 0, Blake, 5167210192, 5500000, $5,500,000.00 Mega Cash Prize, NY, new, 56CWBGFPPZ, 2026-07-16 13:26:57, 11780), (96 Julbet Dr, Sayville, 2026-07-16 13:26:57, 1952-11-01, {\"net_worth\":\"I\",\"credit_rating\":\"A\",\"homeowner_probability\":\"H\",\"marital_status\":\"M\",\"has_credit_card\":true,\"credit_card_user\":true,\"household_size\":\"2\",\"gaming_casino\":false,\"sweepstakes\":false,\"occupation_group\":\"Retired\",\"estimated_income_code\":\"R\",\"has_investments\":true,\"has_stocks_securities\":false,\"investing_active\":false}, itz33@hotmail.com, Howard, M, 1, 0, Metzger, 5166974033, 5500000, $5,500,000.00 Mega Cash Prize, NY, new, JQWWC8E3ZL, 2026-07-16 13:26:57, 11782), (4040 Burke Ct, Seaford, 2026-07-16 13:26:57, 1936-09-02, {\"net_worth\":\"I\",\"credit_rating\":\"A\",\"homeowner_probability\":\"H\",\"marital_status\":\"M\",\"has_credit_card\":true,\"credit_card_user\":true,\"household_size\":\"2\",\"gaming_casino\":false,\"sweepstakes\":true,\"occupation_group\":\"Retired\",\"estimated_income_code\":\"S\",\"has_investments\":true,\"has_stocks_securities\":false,\"investing_active\":true}, ?, Carole, F, 1, 0, Bacchi, 5162216741, 5500000, $5,500,000.00 Mega Cash Prize, NY, new, H6RSSDQQBE, 2026-07-16 13:26:57, 11783), (299 Bow Dr, Hauppauge, 2026-07-16 13:26:57, 1938-04-06, {\"net_worth\":\"I\",\"credit_rating\":\"C\",\"homeowner_probability\":\"H\",\"marital_status\":\"M\",\"has_credit_card\":true,\"credit_card_user\":true,\"household_size\":\"2\",\"gaming_casino\":false,\"sweepstakes\":false,\"occupation_group\":\"Retired\",\"estimated_income_code\":\"R\",\"has_investments\":true,\"has_stocks_securities\":false,\"investing_active\":false}, alexholtz@outlook.com, Alex, M, 1, 0, Holtz, 5167243371, 5500000, $5,500,000.00 Mega Cash Prize, NY, new, MTWY37H5X9, 2026-07-16 13:26:57, 11788), (15 Homestead Cir, Hauppauge, 2026-07-16 13:26:57, 1938-11-13, {\"net_worth\":\"I\",\"credit_rating\":\"A\",\"homeowner_probability\":\"H\",\"marital_status\":\"M\",\"has_credit_card\":true,\"credit_card_user\":true,\"household_size\":\"2\",\"gaming_casino\":false,\"sweepstakes\":true,\"occupation_group\":\"Retired\",\"estimated_income_code\":\"R\",\"has_investments\":true,\"has_stocks_securities\":false,\"investing_active\":true}, tom101238@aol.com, Thomas, M, 1, 0, Mcgowan, 9173315672, 5500000, $5,500,000.00 Mega Cash Prize, NY, new, PBC6C96HD2, 2026-07-16 13:26:57, 11788), (78 Quaker Path, Stony Brook, 2026-07-16 13:26:57, 1937-05-04, {\"net_worth\":\"I\",\"credit_rating\":\"B\",\"homeowner_probability\":\"H\",\"marital_status\":\"M\",\"has_credit_card\":true,\"credit_card_user\":true,\"household_size\":\"2\",\"gaming_casino\":false,\"sweepstakes\":false,\"occupation_group\":\"Retired\",\"estimated_income_code\":\"R\",\"has_investments\":true,\"has_stocks_securities\":false,\"investing_active\":true}, tommenten@aol.com, Constance, F, 1, 0, Menten, 6319743894, 5500000, $5,500,000.00 Mega Cash Prize, NY, new, QUVLMQ9XU5, 2026-07-16 13:26:57, 11790), (3 Greenway Dr, Syosset, 2026-07-16 13:26:57, 1942-05-02, {\"net_worth\":\"I\",\"credit_rating\":\"A\",\"homeowner_probability\":\"H\",\"marital_status\":\"M\",\"has_credit_card\":true,\"credit_card_user\":true,\"household_size\":\"2\",\"gaming_casino\":false,\"sweepstakes\":false,\"occupation_group\":\"Retired\",\"estimated_income_code\":\"R\",\"has_investments\":true,\"has_stocks_securities\":false,\"investing_active\":true}, ?, Evelyn, F, 1, 0, Regan, 5163642985, 5500000, $5,500,000.00 Mega Cash Prize, NY, new, BMGKT9Y677, 2026-07-16 13:26:57, 11791), (17 Elm St, Woodbury, 2026-07-16 13:26:57, 1941-03-02, {\"net_worth\":\"I\",\"credit_rating\":\"C\",\"homeowner_probability\":\"H\",\"marital_status\":\"S\",\"has_credit_card\":true,\"credit_card_user\":true,\"household_size\":\"1\",\"gaming_casino\":false,\"sweepstakes\":false,\"occupation_group\":\"Retired\",\"estimated_income_code\":\"S\",\"has_investments\":true,\"has_stocks_securities\":false,\"investing_active\":true}, cjdistrv@aim.com, Harvey, M, 1, 0, Sobler, 5165108172, 5500000, $5,500,000.00 Mega Cash Prize, NY, new, KQLTV5A3PW, 2026-07-16 13:26:57, 11797), (16 Cranford Rd, Plainview, 2026-07-16 13:26:57, 1952-11-04, {\"net_worth\":\"I\",\"credit_rating\":\"C\",\"homeowner_probability\":\"H\",\"marital_status\":\"M\",\"has_credit_card\":true,\"credit_card_user\":true,\"household_size\":\"2\",\"gaming_casino\":false,\"sweepstakes\":true,\"occupation_group\":\"Retired\",\"estimated_income_code\":\"R\",\"has_investments\":false,\"has_stocks_securities\":false,\"investing_active\":false}, ?, Phyllis, F, 1, 0, Epstein, 5167281622, 5500000, $5,500,000.00 Mega Cash Prize, NY, new, KF94LFQ6W2, 2026-07-16 13:26:57, 11803), (29 Barnum Ave, Plainview, 2026-07-16 13:26:57, 1936-06-23, {\"net_worth\":\"I\",\"credit_rating\":\"A\",\"homeowner_probability\":\"H\",\"marital_status\":\"M\",\"has_credit_card\":true,\"credit_card_user\":true,\"household_size\":\"2\",\"gaming_casino\":false,\"sweepstakes\":false,\"occupation_group\":\"Retired\",\"estimated_income_code\":\"S\",\"has_investments\":true,\"has_stocks_securities\":false,\"investing_active\":true}, francesboullianne@worldnet.att.net, Richard, M, 1, 0, Boullianne, 5169312507, 5500000, $5,500,000.00 Mega Cash Prize, NY, new, L8RN23XBF6, 2026-07-16 13:26:57, 11803), (62 Lakeview Dr, Manorville, 2026-07-16 13:26:57, 1936-11-03, {\"net_worth\":\"I\",\"credit_rating\":\"B\",\"homeowner_probability\":\"H\",\"marital_status\":\"S\",\"has_credit_card\":true,\"credit_card_user\":true,\"household_size\":\"1\",\"gaming_casino\":false,\"sweepstakes\":false,\"occupation_group\":\"Retired\",\"estimated_income_code\":\"R\",\"has_investments\":true,\"has_stocks_securities\":false,\"investing_active\":true}, ?, Elisabeth, F, 1, 0, Becker, 6318748916, 5500000, $5,500,000.00 Mega Cash Prize, NY, new, GFKUQKX6V6, 2026-07-16 13:26:57, 11949), (5705 Harveysburg Rd, Waynesville, 2026-07-16 13:26:57, 1941-07-01, {\"net_worth\":\"I\",\"credit_rating\":\"A\",\"homeowner_probability\":\"H\",\"marital_status\":\"M\",\"has_credit_card\":true,\"credit_card_user\":true,\"household_size\":\"2\",\"gaming_casino\":false,\"sweepstakes\":false,\"occupation_group\":\"Retired\",\"estimated_income_code\":\"R\",\"has_investments\":true,\"has_stocks_securities\":true,\"investing_active\":false}, res6843@gmail.com, Barbara, F, 1, 0, Scarboro, 8284002733, 5500000, $5,500,000.00 Mega Cash Prize, OH, new, SUD66LA6AG, 2026-07-16 13:26:57, 45068), (240 Wood St, Batavia, 2026-07-16 13:26:57, 1937-01-16, {\"net_worth\":\"I\",\"credit_rating\":\"B\",\"homeowner_probability\":\"H\",\"marital_status\":\"M\",\"has_credit_card\":true,\"credit_card_user\":true,\"household_size\":\"2\",\"gaming_casino\":false,\"sweepstakes\":false,\"occupation_group\":\"Retired\",\"estimated_income_code\":\"S\",\"has_investments\":false,\"has_stocks_securities\":false,\"investing_active\":false}, ?, Kathleen, F, 1, 0, Leone, 5133780296, 5500000, $5,500,000.00 Mega Cash Prize, OH, new, HH7RSGSHPY, 2026-07-16 13:26:57, 45103), (9927 Forestglen Dr, Cincinnati, 2026-07-16 13:26:57, 1937-03-09, {\"net_worth\":\"I\",\"credit_rating\":\"B\",\"homeowner_probability\":\"H\",\"marital_status\":\"M\",\"has_credit_card\":true,\"credit_card_user\":true,\"household_size\":\"2\",\"gaming_casino\":false,\"sweepstakes\":false,\"occupation_group\":\"Retired\",\"estimated_income_code\":\"R\",\"has_investments\":true,\"has_stocks_securities\":true,\"investing_active\":false}, ?, Barbara, F, 1, 0, Judd, 5132919287, 5500000, $5,500,000.00 Mega Cash Prize, OH, new, X8TFKD5EYW, 2026-07-16 13:26:57, 45242), (6676 Kenwood Rd, Cincinnati, 2026-07-16 13:26:57, 1933-08-12, {\"net_worth\":\"I\",\"credit_rating\":\"A\",\"homeowner_probability\":\"H\",\"marital_status\":\"M\",\"has_credit_card\":true,\"credit_card_user\":true,\"household_size\":\"2\",\"gaming_casino\":false,\"sweepstakes\":false,\"occupation_group\":\"Retired\",\"estimated_income_code\":\"R\",\"has_investments\":true,\"has_stocks_securities\":false,\"investing_active\":false}, ?, Joan, F, 1, 0, Osterbrock, 8323142991, 5500000, $5,500,000.00 Mega Cash Prize, OH, new, 8U4REHWH4C, 2026-07-16 13:26:57, 45243), (4605 Burley Hills Dr, Cincinnati, 2026-07-16 13:26:57, 1942-08-05, {\"net_worth\":\"I\",\"credit_rating\":\"B\",\"homeowner_probability\":\"H\",\"marital_status\":\"M\",\"has_credit_card\":true,\"credit_card_user\":true,\"household_size\":\"2\",\"gaming_casino\":false,\"sweepstakes\":true,\"occupation_group\":\"Retired\",\"estimated_income_code\":\"S\",\"has_investments\":true,\"has_stocks_securities\":false,\"investing_active\":true}, connersam1@gmail.com, Samuel, M, 1, 0, Conner, 5132723404, 5500000, $5,500,000.00 Mega Cash Prize, OH, new, 6PGFPCX9DN, 2026-07-16 13:26:57, 45243), (7085 Ravens Run, Cincinnati, 2026-07-16 13:26:57, 1941-12-23, {\"net_worth\":\"I\",\"credit_rating\":\"B\",\"homeowner_probability\":\"H\",\"marital_status\":\"M\",\"has_credit_card\":true,\"credit_card_user\":true,\"household_size\":\"2\",\"gaming_casino\":false,\"sweepstakes\":true,\"occupation_group\":\"Retired\",\"estimated_income_code\":\"R\",\"has_investments\":true,\"has_stocks_securities\":false,\"investing_active\":true}, chicktaylo@comcast.net, Wilbert, M, 1, 0, Schwartz, 5136247702, 5500000, $5,500,000.00 Mega Cash Prize, OH, new, NN8YCRWNGH, 2026-07-16 13:26:57, 45244), (8198 Daleview Rd, Cincinnati, 2026-07-16 13:26:57, 1944-02-04, {\"net_worth\":\"H\",\"credit_rating\":\"B\",\"homeowner_probability\":\"H\",\"marital_status\":\"M\",\"has_credit_card\":true,\"credit_card_user\":true,\"household_size\":\"2\",\"gaming_casino\":false,\"sweepstakes\":false,\"occupation_group\":\"Retired\",\"estimated_income_code\":\"R\",\"has_investments\":true,\"has_stocks_securities\":false,\"investing_active\":false}, ramcvay@gmail.com, Richard, M, 1, 0, Mcvay, 8323670473, 5500000, $5,500,000.00 Mega Cash Prize, OH, new, D4MDG2PP4F, 2026-07-16 13:26:57, 45247), (2926 Stone Mill Ct, Dayton, 2026-07-16 13:26:57, 1946-10-23, {\"net_worth\":\"I\",\"credit_rating\":\"A\",\"homeowner_probability\":\"H\",\"marital_status\":\"M\",\"has_credit_card\":true,\"credit_card_user\":true,\"household_size\":\"2\",\"gaming_casino\":false,\"sweepstakes\":true,\"occupation_group\":\"Retired\",\"estimated_income_code\":\"R\",\"has_investments\":true,\"has_stocks_securities\":false,\"investing_active\":true}, dunn509@hotmail.com, Ronald, M, 1, 0, Dunn, 9374268809, 5500000, $5,500,000.00 Mega Cash Prize, OH, new, U8CR2SP8ZZ, 2026-07-16 13:26:57, 45434), (3441 Marblecrest Ct, Dayton, 2026-07-16 13:26:57, 1941-02-24, {\"net_worth\":\"I\",\"credit_rating\":\"C\",\"homeowner_probability\":\"H\",\"marital_status\":\"M\",\"has_credit_card\":true,\"credit_card_user\":true,\"household_size\":\"2\",\"gaming_casino\":false,\"sweepstakes\":false,\"occupation_group\":\"Retired\",\"estimated_income_code\":\"R\",\"has_investments\":true,\"has_stocks_securities\":false,\"investing_active\":true}, cmhunterrn@yahoo.com, Robert, M, 1, 0, Brant, 9374292735, 5500000, $5,500,000.00 Mega Cash Prize, OH, new, JJDK93CQG3, 2026-07-16 13:26:57, 45440), (3270 40th Ave S, Fargo, 2026-07-16 13:26:57, 1937-03-12, {\"net_worth\":\"H\",\"credit_rating\":\"A\",\"homeowner_probability\":\"H\",\"marital_status\":\"M\",\"has_credit_card\":true,\"credit_card_user\":true,\"household_size\":\"2\",\"gaming_casino\":false,\"sweepstakes\":false,\"occupation_group\":\"Retired\",\"estimated_income_code\":\"R\",\"has_investments\":true,\"has_stocks_securities\":false,\"investing_active\":true}, ?, James, M, 1, 0, Meehan, 7015210286, 5500000, $5,500,000.00 Mega Cash Prize, ND, new, GNWSA9XKWA, 2026-07-16 13:26:57, 58104), (5018 Driftwood Ln, Bismarck, 2026-07-16 13:26:57, 1943-08-31, {\"net_worth\":\"I\",\"credit_rating\":\"B\",\"homeowner_probability\":\"H\",\"marital_status\":\"S\",\"has_credit_card\":true,\"credit_card_user\":true,\"household_size\":\"1\",\"gaming_casino\":false,\"sweepstakes\":false,\"occupation_group\":\"Retired\",\"estimated_income_code\":\"S\",\"has_investments\":false,\"has_stocks_securities\":false,\"investing_active\":false}, bh5018@gmail.com, Barney, M, 1, 0, Halldorson, 7013907426, 5500000, $5,500,000.00 Mega Cash Prize, ND, new, EAAYBNUFBQ, 2026-07-16 13:26:57, 58503), (3735 Corbin Dr, Billings, 2026-07-16 13:26:57, 1938-06-28, {\"net_worth\":\"I\",\"credit_rating\":\"B\",\"homeowner_probability\":\"H\",\"marital_status\":\"M\",\"has_credit_card\":true,\"credit_card_user\":true,\"household_size\":\"2\",\"gaming_casino\":false,\"sweepstakes\":true,\"occupation_group\":\"Retired\",\"estimated_income_code\":\"S\",\"has_investments\":true,\"has_stocks_securities\":true,\"investing_active\":false}, lacandccc@aol.com, Clayton, M, 1, 0, Cummins, 4066989623, 5500000, $5,500,000.00 Mega Cash Prize, MT, new, WD82JMFQZ9, 2026-07-16 13:26:57, 59102), (17111 Chaise Ridge Rd, Chesterfield, 2026-07-16 13:26:57, 1942-01-21, {\"net_worth\":\"I\",\"credit_rating\":\"A\",\"homeowner_probability\":\"H\",\"marital_status\":\"M\",\"has_credit_card\":true,\"credit_card_user\":true,\"household_size\":\"2\",\"gaming_casino\":false,\"sweepstakes\":true,\"occupation_group\":\"Retired\",\"estimated_income_code\":\"S\",\"has_investments\":true,\"has_stocks_securities\":false,\"investing_active\":false}, vivianstroker@att.net, Vivian, F, 1, 0, Stroker, 6363997541, 5500000, $5,500,000.00 Mega Cash Prize, MO, new, FVS6AYC8LB, 2026-07-16 13:26:57, 63005), (243 Bristol Rd, Saint Louis, 2026-07-16 13:26:57, 1935-08-14, {\"net_worth\":\"I\",\"credit_rating\":\"B\",\"homeowner_probability\":\"H\",\"marital_status\":\"M\",\"has_credit_card\":true,\"credit_card_user\":true,\"household_size\":\"2\",\"gaming_casino\":false,\"sweepstakes\":false,\"occupation_group\":\"Retired\",\"estimated_income_code\":\"R\",\"has_investments\":false,\"has_stocks_securities\":false,\"investing_active\":false}, thomahamm@aol.com, Jane, F, 1, 0, Hammond, 3149680337, 5500000, $5,500,000.00 Mega Cash Prize, MO, new, FKJHM3SYR2, 2026-07-16 13:26:57, 63119), (903 Bluespring Ln, Saint Louis, 2026-07-16 13:26:57, 1939-05-13, {\"net_worth\":\"I\",\"credit_rating\":\"A\",\"homeowner_probability\":\"H\",\"marital_status\":\"M\",\"has_credit_card\":true,\"credit_card_user\":true,\"household_size\":\"2\",\"gaming_casino\":false,\"sweepstakes\":true,\"occupation_group\":\"Retired\",\"estimated_income_code\":\"R\",\"has_investments\":true,\"has_stocks_securities\":false,\"investing_active\":true}, ?, Linda, F, 1, 0, Blumoff, 3146519427, 5500000, $5,500,000.00 Mega Cash Prize, MO, new, HVQGYMLH5L, 2026-07-16 13:26:57, 63131), (62 Moorings Dr, Lake St Louis, 2026-07-16 13:26:57, 1936-03-05, {\"net_worth\":\"I\",\"credit_rating\":\"B\",\"homeowner_probability\":\"H\",\"marital_status\":\"M\",\"has_credit_card\":true,\"credit_card_user\":true,\"household_size\":\"1\",\"gaming_casino\":false,\"sweepstakes\":true,\"occupation_group\":\"Retired\",\"estimated_income_code\":\"S\",\"has_investments\":true,\"has_stocks_securities\":false,\"investing_active\":false}, mogerman@i1.net, Sallie, F, 1, 0, Mogerman, 3147241869, 5500000, $5,500,000.00 Mega Cash Prize, MO, new, YHZGNT888V, 2026-07-16 13:26:57, 63367), (15 W 57th St, Kansas City, 2026-07-16 13:26:57, 1942-01-28, {\"net_worth\":\"I\",\"credit_rating\":\"B\",\"homeowner_probability\":\"H\",\"marital_status\":\"M\",\"has_credit_card\":true,\"credit_card_user\":true,\"household_size\":\"2\",\"gaming_casino\":false,\"sweepstakes\":false,\"occupation_group\":\"Retired\",\"estimated_income_code\":\"R\",\"has_investments\":true,\"has_stocks_securities\":false,\"investing_active\":false}, mariododson65@gmail.com, James, M, 1, 0, Carns, 8165222471, 5500000, $5,500,000.00 Mega Cash Prize, MO, new, ZHWRGAB684, 2026-07-16 13:26:57, 64113), (350 Kimberly Ln, Los Alamos, 2026-07-16 13:26:57, 1957-01-01, {\"net_worth\":\"H\",\"credit_rating\":\"A\",\"homeowner_probability\":\"H\",\"marital_status\":\"M\",\"has_credit_card\":true,\"credit_card_user\":true,\"household_size\":\"2\",\"gaming_casino\":false,\"sweepstakes\":true,\"occupation_group\":\"Retired\",\"estimated_income_code\":\"S\",\"has_investments\":true,\"has_stocks_securities\":true,\"investing_active\":false}, barbarafellows@netzero.net, Denise, F, 1, 0, Pelowitz, 5056720363, 5500000, $5,500,000.00 Mega Cash Prize, NM, new, QKHSWZZRMM, 2026-07-16 13:26:57, 87547), (12 La Rosa Ct, Los Alamos, 2026-07-16 13:26:57, 1941-04-01, {\"net_worth\":\"I\",\"credit_rating\":\"B\",\"homeowner_probability\":\"H\",\"marital_status\":\"M\",\"has_credit_card\":true,\"credit_card_user\":true,\"household_size\":\"1\",\"gaming_casino\":false,\"sweepstakes\":false,\"occupation_group\":\"Retired\",\"estimated_income_code\":\"S\",\"has_investments\":true,\"has_stocks_securities\":false,\"investing_active\":false}, artdana@trail.com, Arthur, M, 1, 0, Dana, 5056723260, 5500000, $5,500,000.00 Mega Cash Prize, NM, new, X85N2U2NYL, 2026-07-16 13:26:57, 87547), (10060 Tuscany Dr, Las Cruces, 2026-07-16 13:26:57, 1939-01-07, {\"net_worth\":\"I\",\"credit_rating\":\"B\",\"homeowner_probability\":\"H\",\"marital_status\":\"M\",\"has_credit_card\":true,\"credit_card_user\":true,\"household_size\":\"2\",\"gaming_casino\":false,\"sweepstakes\":false,\"occupation_group\":\"Retired\",\"estimated_income_code\":\"R\",\"has_investments\":true,\"has_stocks_securities\":false,\"investing_active\":false}, ?, Robert, M, 1, 0, Palmer, 5756404056, 5500000, $5,500,000.00 Mega Cash Prize, NM, new, D8FE2862J4, 2026-07-16 13:26:57, 88007), (33 Brandermill Dr, Henderson, 2026-07-16 13:26:57, 1935-09-22, {\"net_worth\":\"I\",\"credit_rating\":\"B\",\"homeowner_probability\":\"H\",\"marital_status\":\"M\",\"has_credit_card\":true,\"credit_card_user\":true,\"household_size\":\"2\",\"gaming_casino\":false,\"sweepstakes\":false,\"occupation_group\":\"Retired\",\"estimated_income_code\":\"R\",\"has_investments\":true,\"has_stocks_securities\":false,\"investing_active\":false}, ?, William, M, 1, 0, Thurston, 7026162375, 5500000, $5,500,000.00 Mega Cash Prize, NV, new, WYMPVMNB36, 2026-07-16 13:26:57, 89052), (9117 Kettle Creek Dr, Las Vegas, 2026-07-16 13:26:57, 1941-10-29, {\"net_worth\":\"I\",\"credit_rating\":\"B\",\"homeowner_probability\":\"H\",\"marital_status\":\"M\",\"has_credit_card\":true,\"credit_card_user\":true,\"household_size\":\"2\",\"gaming_casino\":false,\"sweepstakes\":false,\"occupation_group\":\"Retired\",\"estimated_income_code\":\"R\",\"has_investments\":true,\"has_stocks_securities\":false,\"investing_active\":false}, gary.vetter@gmail.com, Gary, M, 1, 0, Vetter, 7025268841, 5500000, $5,500,000.00 Mega Cash Prize, NV, new, 89RKRJQV6S, 2026-07-16 13:26:57, 89117), (2909 Granite Pointe Ct, Reno, 2026-07-16 13:26:57, 1937-07-07, {\"net_worth\":\"I\",\"credit_rating\":\"B\",\"homeowner_probability\":\"H\",\"marital_status\":\"M\",\"has_credit_card\":true,\"credit_card_user\":true,\"household_size\":\"2\",\"gaming_casino\":false,\"sweepstakes\":false,\"occupation_group\":\"Retired\",\"estimated_income_code\":\"S\",\"has_investments\":true,\"has_stocks_securities\":false,\"investing_active\":true}, dalexbutler2@gmail.com, Derek, M, 1, 0, Butler, 7757221230, 5500000, $5,500,000.00 Mega Cash Prize, NV, new, XR4E8U3DY5, 2026-07-16 13:26:57, 89511), (4235 Great Falls Loop, Reno, 2026-07-16 13:26:57, 1937-01-31, {\"net_worth\":\"I\",\"credit_rating\":\"B\",\"homeowner_probability\":\"H\",\"marital_status\":\"M\",\"has_credit_card\":true,\"credit_card_user\":true,\"household_size\":\"2\",\"gaming_casino\":false,\"sweepstakes\":false,\"occupation_group\":\"Retired\",\"estimated_income_code\":\"R\",\"has_investments\":true,\"has_stocks_securities\":false,\"investing_active\":false}, ?, Lon, M, 1, 0, Marsh, 7758511344, 5500000, $5,500,000.00 Mega Cash Prize, NV, new, WKXGEADRQV, 2026-07-16 13:26:57, 89511), (3005 Johnson Ln, Reno, 2026-07-16 13:26:57, 1934-03-09, {\"net_worth\":\"I\",\"credit_rating\":\"A\",\"homeowner_probability\":\"H\",\"marital_status\":\"S\",\"has_credit_card\":true,\"credit_card_user\":true,\"household_size\":\"1\",\"gaming_casino\":false,\"sweepstakes\":true,\"occupation_group\":\"Retired\",\"estimated_income_code\":\"R\",\"has_investments\":true,\"has_stocks_securities\":false,\"investing_active\":true}, ?, John, M, 1, 0, Lazovich, 7757416216, 5500000, $5,500,000.00 Mega Cash Prize, NV, new, WL72PJQNWD, 2026-07-16 13:26:57, 89511), (2315 Crows Nest Pkwy, Reno, 2026-07-16 13:26:57, 1935-12-25, {\"net_worth\":\"I\",\"credit_rating\":\"C\",\"homeowner_probability\":\"H\",\"marital_status\":\"S\",\"has_credit_card\":true,\"credit_card_user\":true,\"household_size\":\"1\",\"gaming_casino\":false,\"sweepstakes\":false,\"occupation_group\":\"Retired\",\"estimated_income_code\":\"R\",\"has_investments\":true,\"has_stocks_securities\":false,\"investing_active\":false}, ?, John, M, 1, 0, Burroughs, 4258940834, 5500000, $5,500,000.00 Mega Cash Prize, NV, new, XDAMK27FDD, 2026-07-16 13:26:57, 89519), (8890 Chipshot Trl, Reno, 2026-07-16 13:26:57, 1933-06-16, {\"net_worth\":\"I\",\"credit_rating\":\"C\",\"homeowner_probability\":\"H\",\"marital_status\":\"M\",\"has_credit_card\":true,\"credit_card_user\":true,\"household_size\":\"2\",\"gaming_casino\":false,\"sweepstakes\":false,\"occupation_group\":\"Retired\",\"estimated_income_code\":\"R\",\"has_investments\":false,\"has_stocks_securities\":false,\"investing_active\":false}, ?, Patricia, F, 1, 0, Lockwood, 7757460148, 5500000, $5,500,000.00 Mega Cash Prize, NV, new, VESASE56Q7, 2026-07-16 13:26:57, 89523), (1500 Zivney Ln, Lake Oswego, 2026-07-16 13:26:57, 1939-05-01, {\"net_worth\":\"I\",\"credit_rating\":\"A\",\"homeowner_probability\":\"H\",\"marital_status\":\"M\",\"has_credit_card\":true,\"credit_card_user\":true,\"household_size\":\"2\",\"gaming_casino\":false,\"sweepstakes\":false,\"occupation_group\":\"Retired\",\"estimated_income_code\":\"R\",\"has_investments\":true,\"has_stocks_securities\":false,\"investing_active\":true}, douglasdwight@gmail.com, Diane, F, 1, 0, Dwight, 5034750527, 5500000, $5,500,000.00 Mega Cash Prize, OR, new, KHKHTKLBBD, 2026-07-16 13:26:57, 97034), (3215 B St, Forest Grove, 2026-07-16 13:26:57, 1941-05-02, {\"net_worth\":\"I\",\"credit_rating\":\"A\",\"homeowner_probability\":\"H\",\"marital_status\":\"M\",\"has_credit_card\":true,\"credit_card_user\":true,\"household_size\":\"1\",\"gaming_casino\":false,\"sweepstakes\":false,\"occupation_group\":\"Retired\",\"estimated_income_code\":\"R\",\"has_investments\":false,\"has_stocks_securities\":false,\"investing_active\":false}, ?, Peter, M, 1, 0, Russell, 5033574733, 5500000, $5,500,000.00 Mega Cash Prize, OR, new, 8MY34C9GPX, 2026-07-16 13:26:57, 97116), (2717 SW English Ct, Portland, 2026-07-16 13:26:57, 1933-10-09, {\"net_worth\":\"I\",\"credit_rating\":\"B\",\"homeowner_probability\":\"H\",\"marital_status\":\"M\",\"has_credit_card\":true,\"credit_card_user\":true,\"household_size\":\"2\",\"gaming_casino\":false,\"sweepstakes\":false,\"occupation_group\":\"Retired\",\"estimated_income_code\":\"R\",\"has_investments\":true,\"has_stocks_securities\":false,\"investing_active\":false}, geraldine.fettig@earthlink.net, Geraldine, F, 1, 0, Fettig, 5032282061, 5500000, $5,500,000.00 Mega Cash Prize, OR, new, 6QDJF6NE8S, 2026-07-16 13:26:57, 97201), (7423 SE 31st Ave, Portland, 2026-07-16 13:26:57, 1931-01-01, {\"net_worth\":\"I\",\"credit_rating\":\"B\",\"homeowner_probability\":\"H\",\"marital_status\":\"S\",\"has_credit_card\":true,\"credit_card_user\":true,\"household_size\":\"1\",\"gaming_casino\":false,\"sweepstakes\":false,\"occupation_group\":\"Retired\",\"estimated_income_code\":\"S\",\"has_investments\":true,\"has_stocks_securities\":false,\"investing_active\":true}, ehcarp@gmail.com, Lloyd, M, 1, 0, Reynolds, 5037714448, 5500000, $5,500,000.00 Mega Cash Prize, OR, new, 6DR52Z4E5A, 2026-07-16 13:26:57, 97202), (5145 SW Bancroft St, Portland, 2026-07-16 13:26:57, 1941-12-02, {\"net_worth\":\"I\",\"credit_rating\":\"B\",\"homeowner_probability\":\"H\",\"marital_status\":\"S\",\"has_credit_card\":true,\"credit_card_user\":true,\"household_size\":\"2\",\"gaming_casino\":false,\"sweepstakes\":false,\"occupation_group\":\"Retired\",\"estimated_income_code\":\"R\",\"has_investments\":true,\"has_stocks_securities\":false,\"investing_active\":true}, untouchable1988@hotmail.com, Karen, F, 1, 0, Fale, 5035224212, 5500000, $5,500,000.00 Mega Cash Prize, OR, new, WXFFZXHEHQ, 2026-07-16 13:26:57, 97221), (4170 SW Dogwood Ln, Portland, 2026-07-16 13:26:57, 1943-02-06, {\"net_worth\":\"I\",\"credit_rating\":\"A\",\"homeowner_probability\":\"H\",\"marital_status\":\"M\",\"has_credit_card\":true,\"credit_card_user\":true,\"household_size\":\"2\",\"gaming_casino\":false,\"sweepstakes\":false,\"occupation_group\":\"Retired\",\"estimated_income_code\":\"R\",\"has_investments\":true,\"has_stocks_securities\":false,\"investing_active\":true}, ?, Elizabeth, F, 1, 0, Gill, 5039981367, 5500000, $5,500,000.00 Mega Cash Prize, OR, new, 83HWKJ6J9J, 2026-07-16 13:26:57, 97225), (10929 NW Lucerne Ct, Portland, 2026-07-16 13:26:57, 1939-10-02, {\"net_worth\":\"I\",\"credit_rating\":\"A\",\"homeowner_probability\":\"H\",\"marital_status\":\"M\",\"has_credit_card\":true,\"credit_card_user\":true,\"household_size\":\"2\",\"gaming_casino\":false,\"sweepstakes\":false,\"occupation_group\":\"Retired\",\"estimated_income_code\":\"R\",\"has_investments\":false,\"has_stocks_securities\":false,\"investing_active\":false}, ?, Carol, F, 1, 0, Welch, 9715700494, 5500000, $5,500,000.00 Mega Cash Prize, OR, new, T3LJ6A2P9B, 2026-07-16 13:26:57, 97229), (3979 Mirror Pond Way, Eugene, 2026-07-16 13:26:57, 1935-11-04, {\"net_worth\":\"H\",\"credit_rating\":\"B\",\"homeowner_probability\":\"H\",\"marital_status\":\"M\",\"has_credit_card\":true,\"credit_card_user\":true,\"household_size\":\"2\",\"gaming_casino\":false,\"sweepstakes\":false,\"occupation_group\":\"Retired\",\"estimated_income_code\":\"R\",\"has_investments\":true,\"has_stocks_securities\":false,\"investing_active\":false}, ?, Joseph, M, 1, 0, Tufariello, 5416850539, 5500000, $5,500,000.00 Mega Cash Prize, OR, new, 9ZGN9Z4NBT, 2026-07-16 13:26:57, 97408), (4155 Dry Creek Rd, Medford, 2026-07-16 13:26:57, 1932-02-02, {\"net_worth\":\"I\",\"credit_rating\":\"C\",\"homeowner_probability\":\"H\",\"marital_status\":\"S\",\"has_credit_card\":true,\"credit_card_user\":true,\"household_size\":\"2\",\"gaming_casino\":false,\"sweepstakes\":false,\"occupation_group\":\"Retired\",\"estimated_income_code\":\"R\",\"has_investments\":true,\"has_stocks_securities\":false,\"investing_active\":false}, ?, Gloria, F, 1, 0, Sargent, 5412453767, 5500000, $5,500,000.00 Mega Cash Prize, OR, new, KGC7PC9DCG, 2026-07-16 13:26:57, 97504), (221 Pleasant Hill Rd, Flanders, 2026-07-16 13:26:57, 1937-11-02, {\"net_worth\":\"I\",\"credit_rating\":\"A\",\"homeowner_probability\":\"H\",\"marital_status\":\"M\",\"has_credit_card\":true,\"credit_card_user\":true,\"household_size\":\"2\",\"gaming_casino\":false,\"sweepstakes\":false,\"occupation_group\":\"Retired\",\"estimated_income_code\":\"R\",\"has_investments\":true,\"has_stocks_securities\":false,\"investing_active\":false}, emcjim2006@yahoo.com, James, M, 1, 0, Balicki, 9735845478, 5500000, $5,500,000.00 Mega Cash Prize, NJ, new, 7JN3YFJF3J, 2026-07-16 13:26:57, 7836), (38 Monmouth Dr, E Northport, 2026-07-16 13:26:57, 1932-02-21, {\"net_worth\":\"I\",\"credit_rating\":\"A\",\"homeowner_probability\":\"H\",\"marital_status\":\"S\",\"has_credit_card\":true,\"credit_card_user\":true,\"household_size\":\"2\",\"gaming_casino\":false,\"sweepstakes\":false,\"occupation_group\":\"Retired\",\"estimated_income_code\":\"R\",\"has_investments\":true,\"has_stocks_securities\":false,\"investing_active\":true}, ?, Norma, F, 1, 0, Troiano, 6318063105, 5500000, $5,500,000.00 Mega Cash Prize, NY, new, V57RLBCXCP, 2026-07-16 13:26:57, 11731), (647 Kerryton Place Cir, Ballwin, 2026-07-16 13:26:57, 1934-09-24, {\"net_worth\":\"I\",\"credit_rating\":\"B\",\"homeowner_probability\":\"H\",\"marital_status\":\"M\",\"has_credit_card\":true,\"credit_card_user\":true,\"household_size\":\"1\",\"gaming_casino\":false,\"sweepstakes\":false,\"occupation_group\":\"Retired\",\"estimated_income_code\":\"R\",\"has_investments\":false,\"has_stocks_securities\":false,\"investing_active\":false}, ?, Patricia, F, 1, 0, Loso, 6363995317, 5500000, $5,500,000.00 Mega Cash Prize, MO, new, SMWHBPTEE2, 2026-07-16 13:26:57, 63021), (76 Journey Ln, Glenmont, 2026-07-16 13:26:57, 1932-09-04, {\"net_worth\":\"I\",\"credit_rating\":\"A\",\"homeowner_probability\":\"H\",\"marital_status\":\"M\",\"has_credit_card\":true,\"credit_card_user\":true,\"household_size\":\"2\",\"gaming_casino\":false,\"sweepstakes\":false,\"occupation_group\":\"Retired\",\"estimated_income_code\":\"S\",\"has_investments\":true,\"has_stocks_securities\":false,\"investing_active\":false}, budmas@aol.com, Wynette, F, 1, 0, Thien, 9086160591, 5500000, $5,500,000.00 Mega Cash Prize, NY, new, GHT86DC893, 2026-07-16 13:26:57, 12077), (2640 Britannia Ct, Xenia, 2026-07-16 13:26:57, 1932-03-01, {\"net_worth\":\"I\",\"credit_rating\":\"B\",\"homeowner_probability\":\"H\",\"marital_status\":\"M\",\"has_credit_card\":true,\"credit_card_user\":true,\"household_size\":\"2\",\"gaming_casino\":false,\"sweepstakes\":false,\"occupation_group\":\"Retired\",\"estimated_income_code\":\"S\",\"has_investments\":true,\"has_stocks_securities\":false,\"investing_active\":false}, ?, Audrey, F, 1, 0, Gordhammer, 9373727911, 5500000, $5,500,000.00 Mega Cash Prize, OH, new, L5WPWBZ6D8, 2026-07-16 13:26:57, 45385), (1860 Sun Mountain Dr, Santa Fe, 2026-07-16 13:26:57, 1941-10-01, {\"net_worth\":\"I\",\"credit_rating\":\"B\",\"homeowner_probability\":\"H\",\"marital_status\":\"M\",\"has_credit_card\":true,\"credit_card_user\":true,\"household_size\":\"2\",\"gaming_casino\":false,\"sweepstakes\":false,\"occupation_group\":\"Retired\",\"estimated_income_code\":\"S\",\"has_investments\":true,\"has_stocks_securities\":false,\"investing_active\":false}, ?, Philip, M, 1, 0, Metcalf, 7039299723, 5500000, $5,500,000.00 Mega Cash Prize, NM, new, JV63HSBZEC, 2026-07-16 13:26:57, 87505), (95 Richmond Ln, Peconic, 2026-07-16 13:26:57, 1939-01-25, {\"net_worth\":\"I\",\"credit_rating\":\"B\",\"homeowner_probability\":\"H\",\"marital_status\":\"M\",\"has_credit_card\":true,\"credit_card_user\":true,\"household_size\":\"2\",\"gaming_casino\":false,\"sweepstakes\":false,\"occupation_group\":\"Retired\",\"estimated_income_code\":\"S\",\"has_investments\":false,\"has_stocks_securities\":false,\"investing_active\":false}, kathryn.lynch@hotmail.com, Kathryn, F, 1, 0, Lynch, 5177758668, 5500000, $5,500,000.00 Mega Cash Prize, NY, new, EK45LT8HAP, 2026-07-16 13:26:57, 11958), (13 Elba Pl, Scarsdale, 2026-07-16 13:26:57, 1942-01-20, {\"net_worth\":\"I\",\"credit_rating\":\"A\",\"homeowner_probability\":\"H\",\"marital_status\":\"M\",\"has_credit_card\":true,\"credit_card_user\":true,\"household_size\":\"2\",\"gaming_casino\":false,\"sweepstakes\":false,\"occupation_group\":\"Retired\",\"estimated_income_code\":\"S\",\"has_investments\":true,\"has_stocks_securities\":false,\"investing_active\":true}, nicknancam@aol.com, Nicholas, M, 1, 0, Camillone, 9143180904, 5500000, $5,500,000.00 Mega Cash Prize, NY, new, 7DXFWGF8WS, 2026-07-16 13:26:57, 10583), (60 Balsam Rd, Wayne, 2026-07-16 13:26:57, 1947-03-28, {\"net_worth\":\"I\",\"credit_rating\":\"B\",\"homeowner_probability\":\"H\",\"marital_status\":\"M\",\"has_credit_card\":true,\"credit_card_user\":true,\"household_size\":\"1\",\"gaming_casino\":false,\"sweepstakes\":false,\"occupation_group\":\"Retired\",\"estimated_income_code\":\"S\",\"has_investments\":true,\"has_stocks_securities\":true,\"investing_active\":false}, bdh7412@aol.com, Barbara, F, 1, 0, Hall, 2016156904, 5500000, $5,500,000.00 Mega Cash Prize, NJ, new, 34LDAHEKWP, 2026-07-16 13:26:57, 7470), (71 S Bow Rd, Bow, 2026-07-16 13:26:57, 1959-12-22, {\"net_worth\":\"H\",\"credit_rating\":\"C\",\"homeowner_probability\":\"H\",\"marital_status\":\"M\",\"has_credit_card\":true,\"credit_card_user\":true,\"household_size\":\"2\",\"gaming_casino\":false,\"sweepstakes\":false,\"occupation_group\":\"Retired\",\"estimated_income_code\":\"R\",\"has_investments\":false,\"has_stocks_securities\":false,\"investing_active\":false}, ?, Joan, F, 1, 0, Faust, 6032263851, 5500000, $5,500,000.00 Mega Cash Prize, NH, new, TARWATDGNN, 2026-07-16 13:26:57, 3304), (7157 S Evanston Ave, Tulsa, 2026-07-16 13:26:57, 1936-12-28, {\"net_worth\":\"I\",\"credit_rating\":\"B\",\"homeowner_probability\":\"H\",\"marital_status\":\"M\",\"has_credit_card\":true,\"credit_card_user\":true,\"household_size\":\"2\",\"gaming_casino\":false,\"sweepstakes\":false,\"occupation_group\":\"Retired\",\"estimated_income_code\":\"S\",\"has_investments\":true,\"has_stocks_securities\":false,\"investing_active\":false}, mikelou55@sbcglobal.net, Michael, M, 1, 0, Mcwilliams, 9184947720, 5500000, $5,500,000.00 Mega Cash Prize, OK, new, LYNJVPTAXC, 2026-07-16 13:26:57, 74136), (16 Landfall Cir, East Hampton, 2026-07-16 13:26:57, 1941-08-27, {\"net_worth\":\"I\",\"credit_rating\":\"B\",\"homeowner_probability\":\"H\",\"marital_status\":\"M\",\"has_credit_card\":true,\"credit_card_user\":true,\"household_size\":\"2\",\"gaming_casino\":false,\"sweepstakes\":false,\"occupation_group\":\"Retired\",\"estimated_income_code\":\"R\",\"has_investments\":true,\"has_stocks_securities\":false,\"investing_active\":true}, ?, Patricia, F, 1, 0, Weissman, 6317455655, 5500000, $5,500,000.00 Mega Cash Prize, NY, new, QE2XZDTKF6, 2026-07-16 13:26:57, 11937), (1221 Elm St N, Fargo, 2026-07-16 13:26:57, 1934-06-15, {\"net_worth\":\"I\",\"credit_rating\":\"B\",\"homeowner_probability\":\"H\",\"marital_status\":\"S\",\"has_credit_card\":true,\"credit_card_user\":true,\"household_size\":\"2\",\"gaming_casino\":false,\"sweepstakes\":false,\"occupation_group\":\"Retired\",\"estimated_income_code\":\"R\",\"has_investments\":true,\"has_stocks_securities\":true,\"investing_active\":false}, wshelver@aol.com, William, M, 1, 0, Shelver, 7014261794, 5500000, $5,500,000.00 Mega Cash Prize, ND, new, 3JZQ8ZBZDU, 2026-07-16 13:26:57, 58102), (1600 River Bluff Ln, Allenwood, 2026-07-16 13:26:57, 1950-03-13, {\"net_worth\":\"I\",\"credit_rating\":\"A\",\"homeowner_probability\":\"H\",\"marital_status\":\"M\",\"has_credit_card\":true,\"credit_card_user\":true,\"household_size\":\"2\",\"gaming_casino\":false,\"sweepstakes\":false,\"occupation_group\":\"Retired\",\"estimated_income_code\":\"R\",\"has_investments\":false,\"has_stocks_securities\":false,\"investing_active\":false}, rosehorre@gmail.com, Bob, M, 1, 0, Horre, 7322232279, 5500000, $5,500,000.00 Mega Cash Prize, NJ, new, JNH6LKLHM4, 2026-07-16 13:26:57, 8720), (189 Northshore Blvd, Madison, 2026-07-16 13:26:57, 1938-06-04, {\"net_worth\":\"I\",\"credit_rating\":\"B\",\"homeowner_probability\":\"H\",\"marital_status\":\"M\",\"has_credit_card\":true,\"credit_card_user\":true,\"household_size\":\"2\",\"gaming_casino\":false,\"sweepstakes\":false,\"occupation_group\":\"Retired\",\"estimated_income_code\":\"S\",\"has_investments\":true,\"has_stocks_securities\":false,\"investing_active\":false}, dbowen355@bellsouth.net, Dan, M, 1, 0, Bowen, 6019196531, 5500000, $5,500,000.00 Mega Cash Prize, MS, new, BSNFKKXQJQ, 2026-07-16 13:26:57, 39110), (96 Walnut St, Oakland, 2026-07-16 13:26:57, 1954-05-02, {\"net_worth\":\"I\",\"credit_rating\":\"B\",\"homeowner_probability\":\"H\",\"marital_status\":\"S\",\"has_credit_card\":true,\"credit_card_user\":true,\"household_size\":\"2\",\"gaming_casino\":false,\"sweepstakes\":true,\"occupation_group\":\"Retired\",\"estimated_income_code\":\"R\",\"has_investments\":false,\"has_stocks_securities\":false,\"investing_active\":false}, willieewilliams@yahoo.com, Willie, M, 1, 0, Williams, 2014051920, 5500000, $5,500,000.00 Mega Cash Prize, NJ, new, 83YCB868U6, 2026-07-16 13:26:57, 7436), (314 Franklin Ave, Sea Cliff, 2026-07-16 13:26:57, 1955-09-15, {\"net_worth\":\"I\",\"credit_rating\":\"A\",\"homeowner_probability\":\"H\",\"marital_status\":\"S\",\"has_credit_card\":true,\"credit_card_user\":true,\"household_size\":\"1\",\"gaming_casino\":false,\"sweepstakes\":false,\"occupation_group\":\"Retired\",\"estimated_income_code\":\"S\",\"has_investments\":false,\"has_stocks_securities\":false,\"investing_active\":false}, ?, Jonathan, M, 1, 0, Sherman, 5167765755, 5500000, $5,500,000.00 Mega Cash Prize, NY, new, KDK49GLYVZ, 2026-07-16 13:26:57, 11579), (4356 Shelbourne Ln, Columbus, 2026-07-16 13:26:57, 1941-07-14, {\"net_worth\":\"I\",\"credit_rating\":\"B\",\"homeowner_probability\":\"H\",\"marital_status\":\"M\",\"has_credit_card\":true,\"credit_card_user\":true,\"household_size\":\"2\",\"gaming_casino\":false,\"sweepstakes\":false,\"occupation_group\":\"Retired\",\"estimated_income_code\":\"R\",\"has_investments\":false,\"has_stocks_securities\":false,\"investing_active\":false}, ?, Paul, M, 1, 0, Peterson Jr, 6144574833, 5500000, $5,500,000.00 Mega Cash Prize, OH, new, WJBYD2EZ68, 2026-07-16 13:26:57, 43220), (2140 Partlow Dr, Columbus, 2026-07-16 13:26:57, 1939-06-19, {\"net_worth\":\"I\",\"credit_rating\":\"B\",\"homeowner_probability\":\"H\",\"marital_status\":\"S\",\"has_credit_card\":true,\"credit_card_user\":true,\"household_size\":\"2\",\"gaming_casino\":false,\"sweepstakes\":true,\"occupation_group\":\"Retired\",\"estimated_income_code\":\"S\",\"has_investments\":false,\"has_stocks_securities\":false,\"investing_active\":false}, ?, Lorena, F, 1, 0, Garey, 6144578620, 5500000, $5,500,000.00 Mega Cash Prize, OH, new, H8LDVG3UY7, 2026-07-16 13:26:57, 43220), (29751 Somerset Rd, Perrysburg, 2026-07-16 13:26:57, 1931-09-08, {\"net_worth\":\"I\",\"credit_rating\":\"B\",\"homeowner_probability\":\"H\",\"marital_status\":\"M\",\"has_credit_card\":true,\"credit_card_user\":true,\"household_size\":\"1\",\"gaming_casino\":false,\"sweepstakes\":false,\"occupation_group\":\"Retired\",\"estimated_income_code\":\"R\",\"has_investments\":false,\"has_stocks_securities\":false,\"investing_active\":false}, ?, Betty, F, 1, 0, Collins, 4194101210, 5500000, $5,500,000.00 Mega Cash Prize, OH, new, YHJ6SQJSSP, 2026-07-16 13:26:57, 43551), (1047 Camino San Acacio, Santa Fe, 2026-07-16 13:26:57, 1939-05-06, {\"net_worth\":\"I\",\"credit_rating\":\"A\",\"homeowner_probability\":\"H\",\"marital_status\":\"M\",\"has_credit_card\":true,\"credit_card_user\":true,\"household_size\":\"2\",\"gaming_casino\":false,\"sweepstakes\":false,\"occupation_group\":\"Retired\",\"estimated_income_code\":\"R\",\"has_investments\":true,\"has_stocks_securities\":false,\"investing_active\":false}, ?, Roderick, M, 1, 0, Watts, 5125547006, 5500000, $5,500,000.00 Mega Cash Prize, NM, new, XWNK9F87KD, 2026-07-16 13:26:57, 87505), (860 5th Ave, New York, 2026-07-16 13:26:57, 1935-12-26, {\"net_worth\":\"I\",\"credit_rating\":\"B\",\"homeowner_probability\":\"H\",\"marital_status\":\"S\",\"has_credit_card\":true,\"credit_card_user\":true,\"household_size\":\"1\",\"gaming_casino\":false,\"sweepstakes\":false,\"occupation_group\":\"Retired\",\"estimated_income_code\":\"R\",\"has_investments\":true,\"has_stocks_securities\":false,\"investing_active\":true}, ?, Barbara, F, 1, 0, Goldfarb, 2127727177, 5500000, $5,500,000.00 Mega Cash Prize, NY, new, FCKMA3EER9, 2026-07-16 13:26:57, 10065), (11 Sylvester St, Cranford, 2026-07-16 13:26:57, 1937-08-26, {\"net_worth\":\"I\",\"credit_rating\":\"B\",\"homeowner_probability\":\"H\",\"marital_status\":\"S\",\"has_credit_card\":true,\"credit_card_user\":true,\"household_size\":\"2\",\"gaming_casino\":false,\"sweepstakes\":true,\"occupation_group\":\"Retired\",\"estimated_income_code\":\"S\",\"has_investments\":true,\"has_stocks_securities\":true,\"investing_active\":false}, ?, Dolores, F, 1, 0, Mcgrath, 2672413404, 5500000, $5,500,000.00 Mega Cash Prize, NJ, new, VCYBHKTRSF, 2026-07-16 13:26:57, 7016), (267 E Cedar St, Livingston, 2026-07-16 13:26:57, 1940-04-26, {\"net_worth\":\"I\",\"credit_rating\":\"B\",\"homeowner_probability\":\"H\",\"marital_status\":\"M\",\"has_credit_card\":true,\"credit_card_user\":true,\"household_size\":\"2\",\"gaming_casino\":false,\"sweepstakes\":false,\"occupation_group\":\"Retired\",\"estimated_income_code\":\"R\",\"has_investments\":true,\"has_stocks_securities\":false,\"investing_active\":false}, agecorp1@yahoo.com, Arthur, M, 1, 0, Goldberg, 9739921914, 5500000, $5,500,000.00 Mega Cash Prize, NJ, new, M8YEMYVC2L, 2026-07-16 13:26:57, 7039), (37 Fieldstone Dr, Livingston, 2026-07-16 13:26:57, 1938-12-05, {\"net_worth\":\"I\",\"credit_rating\":\"A\",\"homeowner_probability\":\"H\",\"marital_status\":\"M\",\"has_credit_card\":true,\"credit_card_user\":true,\"household_size\":\"2\",\"gaming_casino\":false,\"sweepstakes\":false,\"occupation_group\":\"Retired\",\"estimated_income_code\":\"R\",\"has_investments\":true,\"has_stocks_securities\":false,\"investing_active\":true}, jdl604@comcast.net, Jules, M, 1, 0, Lerner, 9739943689, 5500000, $5,500,000.00 Mega Cash Prize, NJ, new, 9NUS6MC7H8, 2026-07-16 13:26:57, 7039), (2214 Edgewood Ter, Scotch Plains, 2026-07-16 13:26:57, 1941-12-01, {\"net_worth\":\"I\",\"credit_rating\":\"B\",\"homeowner_probability\":\"H\",\"marital_status\":\"M\",\"has_credit_card\":true,\"credit_card_user\":true,\"household_size\":\"1\",\"gaming_casino\":false,\"sweepstakes\":false,\"occupation_group\":\"Retired\",\"estimated_income_code\":\"R\",\"has_investments\":true,\"has_stocks_securities\":false,\"investing_active\":true}, ?, Gerlinde, F, 1, 0, Di Francesco, 9083103674, 5500000, $5,500,000.00 Mega Cash Prize, NJ, new, JP3BWQLV6R, 2026-07-16 13:26:57, 7076), (31 Ocean Bay Blvd, Lavallette, 2026-07-16 13:26:57, 1942-08-06, {\"net_worth\":\"I\",\"credit_rating\":\"B\",\"homeowner_probability\":\"H\",\"marital_status\":\"S\",\"has_credit_card\":true,\"credit_card_user\":true,\"household_size\":\"1\",\"gaming_casino\":false,\"sweepstakes\":true,\"occupation_group\":\"Retired\",\"estimated_income_code\":\"R\",\"has_investments\":false,\"has_stocks_securities\":false,\"investing_active\":false}, udbell@aol.com, Dennis, M, 1, 0, Bellars, 7327932865, 5500000, $5,500,000.00 Mega Cash Prize, NJ, new, YNUZ7A9G8Z, 2026-07-16 13:26:57, 8735), (845 United Nations Plz, New York, 2026-07-16 13:26:57, 1938-07-05, {\"net_worth\":\"I\",\"credit_rating\":\"B\",\"homeowner_probability\":\"H\",\"marital_status\":\"S\",\"has_credit_card\":true,\"credit_card_user\":true,\"household_size\":\"2\",\"gaming_casino\":false,\"sweepstakes\":true,\"occupation_group\":\"Retired\",\"estimated_income_code\":\"S\",\"has_investments\":true,\"has_stocks_securities\":false,\"investing_active\":false}, ?, Milan, F, 1, 0, Sy, 2126019180, 5500000, $5,500,000.00 Mega Cash Prize, NY, new, L296LHYKK4, 2026-07-16 13:26:57, 10017), (2020 SW Montgomery Dr, Portland, 2026-07-16 13:26:57, 1939-02-19, {\"net_worth\":\"I\",\"credit_rating\":\"A\",\"homeowner_probability\":\"H\",\"marital_status\":\"M\",\"has_credit_card\":true,\"credit_card_user\":true,\"household_size\":\"2\",\"gaming_casino\":false,\"sweepstakes\":false,\"occupation_group\":\"Retired\",\"estimated_income_code\":\"R\",\"has_investments\":true,\"has_stocks_securities\":false,\"investing_active\":true}, ?, Elizabeth, F, 1, 0, Andrews, 5037036117, 5500000, $5,500,000.00 Mega Cash Prize, OR, new, TC6DGKP3P6, 2026-07-16 13:26:57, 97201), (1 Grenada Ln, Ocean City, 2026-07-16 13:26:57, 1939-03-22, {\"net_worth\":\"I\",\"credit_rating\":\"B\",\"homeowner_probability\":\"H\",\"marital_status\":\"M\",\"has_credit_card\":true,\"credit_card_user\":true,\"household_size\":\"2\",\"gaming_casino\":false,\"sweepstakes\":false,\"occupation_group\":\"Retired\",\"estimated_income_code\":\"R\",\"has_investments\":true,\"has_stocks_securities\":true,\"investing_active\":false}, aquiroli@hotmail.com, Anthony, M, 1, 0, Quiroli, 6093984217, 5500000, $5,500,000.00 Mega Cash Prize, NJ, new, ZAWV2MCE68, 2026-07-16 13:26:57, 8226), (178 Queens Cove Rd, Mooresville, 2026-07-16 13:26:57, 1939-03-29, {\"net_worth\":\"I\",\"credit_rating\":\"C\",\"homeowner_probability\":\"H\",\"marital_status\":\"S\",\"has_credit_card\":true,\"credit_card_user\":true,\"household_size\":\"2\",\"gaming_casino\":false,\"sweepstakes\":false,\"occupation_group\":\"Retired\",\"estimated_income_code\":\"S\",\"has_investments\":true,\"has_stocks_securities\":false,\"investing_active\":true}, ?, Charles, M, 1, 0, Pinkston, 7035999100, 5500000, $5,500,000.00 Mega Cash Prize, NC, new, JUTJ637HVB, 2026-07-16 13:26:57, 28117), (3506 Bayard Dr, Cincinnati, 2026-07-16 13:26:57, 1940-08-19, {\"net_worth\":\"I\",\"credit_rating\":\"B\",\"homeowner_probability\":\"H\",\"marital_status\":\"M\",\"has_credit_card\":true,\"credit_card_user\":true,\"household_size\":\"2\",\"gaming_casino\":false,\"sweepstakes\":false,\"occupation_group\":\"Retired\",\"estimated_income_code\":\"S\",\"has_investments\":false,\"has_stocks_securities\":false,\"investing_active\":false}, greenehouse@cinci.rr.com, Kathleen, F, 1, 0, Greene, 5133212209, 5500000, $5,500,000.00 Mega Cash Prize, OH, new, V4EGXAXZMM, 2026-07-16 13:26:57, 45208), (2425 Crestmont Cir S, Salem, 2026-07-16 13:26:57, 1953-11-28, {\"net_worth\":\"I\",\"credit_rating\":\"B\",\"homeowner_probability\":\"H\",\"marital_status\":\"M\",\"has_credit_card\":true,\"credit_card_user\":true,\"household_size\":\"2\",\"gaming_casino\":false,\"sweepstakes\":true,\"occupation_group\":\"Retired\",\"estimated_income_code\":\"R\",\"has_investments\":true,\"has_stocks_securities\":true,\"investing_active\":false}, atkoller@aol.com, Stephen, M, 1, 0, Koller, 9724675448, 5500000, $5,500,000.00 Mega Cash Prize, OR, new, 4M4W68D7XL, 2026-07-16 13:26:57, 97302), (949 NW Overton St, Portland, 2026-07-16 13:26:57, 1941-10-13, {\"net_worth\":\"I\",\"credit_rating\":\"A\",\"homeowner_probability\":\"H\",\"marital_status\":\"S\",\"has_credit_card\":true,\"credit_card_user\":true,\"household_size\":\"1\",\"gaming_casino\":false,\"sweepstakes\":false,\"occupation_group\":\"Retired\",\"estimated_income_code\":\"R\",\"has_investments\":true,\"has_stocks_securities\":false,\"investing_active\":true}, ?, Phillip, M, 1, 0, Smith, 8162106404, 5500000, $5,500,000.00 Mega Cash Prize, OR, new, 9P79YNJQV9, 2026-07-16 13:26:57, 97209), (20 Prince Willow Ln, Mamaroneck, 2026-07-16 13:26:57, 1940-09-23, {\"net_worth\":\"I\",\"credit_rating\":\"B\",\"homeowner_probability\":\"H\",\"marital_status\":\"M\",\"has_credit_card\":true,\"credit_card_user\":true,\"household_size\":\"2\",\"gaming_casino\":false,\"sweepstakes\":false,\"occupation_group\":\"Retired\",\"estimated_income_code\":\"S\",\"has_investments\":true,\"has_stocks_securities\":false,\"investing_active\":true}, ?, Ellen, F, 1, 0, Lemberg, 5166060239, 5500000, $5,500,000.00 Mega Cash Prize, NY, new, ALJFU246B2, 2026-07-16 13:26:57, 10543), (32 Westland Dr, Glen Cove, 2026-07-16 13:26:57, 1930-12-29, {\"net_worth\":\"I\",\"credit_rating\":\"C\",\"homeowner_probability\":\"H\",\"marital_status\":\"M\",\"has_credit_card\":true,\"credit_card_user\":true,\"household_size\":\"1\",\"gaming_casino\":false,\"sweepstakes\":false,\"occupation_group\":\"Retired\",\"estimated_income_code\":\"S\",\"has_investments\":false,\"has_stocks_securities\":false,\"investing_active\":false}, ruths3407@aol.com, Ruth, F, 1, 0, Sarnoff, 5166740648, 5500000, $5,500,000.00 Mega Cash Prize, NY, new, UD77E4CN2G, 2026-07-16 13:26:57, 11542), (87 Norwood Rd, Chapel Hill, 2026-07-16 13:26:57, 1941-07-29, {\"net_worth\":\"I\",\"credit_rating\":\"B\",\"homeowner_probability\":\"H\",\"marital_status\":\"M\",\"has_credit_card\":true,\"credit_card_user\":true,\"household_size\":\"2\",\"gaming_casino\":false,\"sweepstakes\":true,\"occupation_group\":\"Retired\",\"estimated_income_code\":\"S\",\"has_investments\":true,\"has_stocks_securities\":false,\"investing_active\":false}, fefejones38@sbcglobal.net, James, M, 1, 0, Hodgin, 9195222399, 5500000, $5,500,000.00 Mega Cash Prize, NC, new, WJAY2YVL23, 2026-07-16 13:26:57, 27516), (8 Everit St, Brooklyn, 2026-07-16 13:26:57, 1936-02-07, {\"net_worth\":\"I\",\"credit_rating\":\"A\",\"homeowner_probability\":\"H\",\"marital_status\":\"S\",\"has_credit_card\":true,\"credit_card_user\":true,\"household_size\":\"2\",\"gaming_casino\":false,\"sweepstakes\":true,\"occupation_group\":\"Retired\",\"estimated_income_code\":\"R\",\"has_investments\":true,\"has_stocks_securities\":false,\"investing_active\":false}, lyre21@aol.com, Michael, M, 1, 0, Stelzer, 3472280557, 5500000, $5,500,000.00 Mega Cash Prize, NY, new, CMGGM9W8RG, 2026-07-16 13:26:57, 11201), (8514 N Sycamore Ave, Kansas City, 2026-07-16 13:26:57, 1939-08-14, {\"net_worth\":\"I\",\"credit_rating\":\"C\",\"homeowner_probability\":\"H\",\"marital_status\":\"M\",\"has_credit_card\":true,\"credit_card_user\":true,\"household_size\":\"2\",\"gaming_casino\":false,\"sweepstakes\":true,\"occupation_group\":\"Retired\",\"estimated_income_code\":\"S\",\"has_investments\":true,\"has_stocks_securities\":false,\"investing_active\":false}, ?, Ramona, F, 1, 0, Stonecipher, 8168076158, 5500000, $5,500,000.00 Mega Cash Prize, MO, new, J4Y3WHNV4U, 2026-07-16 13:26:57, 64157), (6310 SW Oakmont, Lawton, 2026-07-16 13:26:57, 1937-02-28, {\"net_worth\":\"I\",\"credit_rating\":\"A\",\"homeowner_probability\":\"H\",\"marital_status\":\"M\",\"has_credit_card\":true,\"credit_card_user\":true,\"household_size\":\"2\",\"gaming_casino\":false,\"sweepstakes\":false,\"occupation_group\":\"Retired\",\"estimated_income_code\":\"R\",\"has_investments\":false,\"has_stocks_securities\":false,\"investing_active\":false}, swchemco@sbcglobal.net, Jerry, M, 1, 0, Swigert, 5806479077, 5500000, $5,500,000.00 Mega Cash Prize, OK, new, G85HH5JYPZ, 2026-07-16 13:26:57, 73505), (1629 Falmouth Ave, New Hyde Park, 2026-07-16 13:26:57, 1957-10-28, {\"net_worth\":\"I\",\"credit_rating\":\"B\",\"homeowner_probability\":\"H\",\"marital_status\":\"S\",\"has_credit_card\":true,\"credit_card_user\":true,\"household_size\":\"1\",\"gaming_casino\":false,\"sweepstakes\":false,\"occupation_group\":\"Retired\",\"estimated_income_code\":\"R\",\"has_investments\":true,\"has_stocks_securities\":false,\"investing_active\":true}, ltjjbrown@gmail.com, John, M, 1, 0, Brown, 5164375910, 5500000, $5,500,000.00 Mega Cash Prize, NY, new, W83ETXQW2V, 2026-07-16 13:26:57, 11040), (2001 Falls Farm Xing, Raleigh, 2026-07-16 13:26:57, 1940-07-01, {\"net_worth\":\"I\",\"credit_rating\":\"C\",\"homeowner_probability\":\"H\",\"marital_status\":\"M\",\"has_credit_card\":true,\"credit_card_user\":true,\"household_size\":\"2\",\"gaming_casino\":false,\"sweepstakes\":false,\"occupation_group\":\"Retired\",\"estimated_income_code\":\"S\",\"has_investments\":false,\"has_stocks_securities\":false,\"investing_active\":false}, thomasparksjr@nc.rr.com, Thomas, M, 1, 0, Parks, 9196328637, 5500000, $5,500,000.00 Mega Cash Prize, NC, new, 8SUYERV44T, 2026-07-16 13:26:57, 27614), (14 Schanck Rd, Holmdel, 2026-07-16 13:26:57, 1941-09-05, {\"net_worth\":\"I\",\"credit_rating\":\"C\",\"homeowner_probability\":\"H\",\"marital_status\":\"M\",\"has_credit_card\":true,\"credit_card_user\":true,\"household_size\":\"2\",\"gaming_casino\":false,\"sweepstakes\":false,\"occupation_group\":\"Retired\",\"estimated_income_code\":\"R\",\"has_investments\":true,\"has_stocks_securities\":false,\"investing_active\":true}, ?, Ann, F, 1, 0, Johnson, 7325136518, 5500000, $5,500,000.00 Mega Cash Prize, NJ, new, UEGC7JF6CL, 2026-07-16 13:26:57, 7733), (6301 Cliffbrush Ln NE, Albuquerque, 2026-07-16 13:26:57, 1939-09-02, {\"net_worth\":\"I\",\"credit_rating\":\"A\",\"homeowner_probability\":\"H\",\"marital_status\":\"M\",\"has_credit_card\":true,\"credit_card_user\":true,\"household_size\":\"1\",\"gaming_casino\":false,\"sweepstakes\":false,\"occupation_group\":\"Retired\",\"estimated_income_code\":\"S\",\"has_investments\":false,\"has_stocks_securities\":false,\"investing_active\":false}, debragriffee@att.net, Douglas, M, 1, 0, Collister, 5757706705, 5500000, $5,500,000.00 Mega Cash Prize, NM, new, 9CV34MXUQV, 2026-07-16 13:26:57, 87111), (21 Jackson Pl, Massapequa, 2026-07-16 13:26:57, 1940-10-23, {\"net_worth\":\"I\",\"credit_rating\":\"B\",\"homeowner_probability\":\"H\",\"marital_status\":\"M\",\"has_credit_card\":true,\"credit_card_user\":true,\"household_size\":\"2\",\"gaming_casino\":false,\"sweepstakes\":false,\"occupation_group\":\"Retired\",\"estimated_income_code\":\"S\",\"has_investments\":true,\"has_stocks_securities\":false,\"investing_active\":false}, ?, Franz, M, 1, 0, Puswald, 5169961952, 5500000, $5,500,000.00 Mega Cash Prize, NY, new, VHFPTWVJZQ, 2026-07-16 13:26:57, 11758), (4585 McAlister Park Dr, Westerville, 2026-07-16 13:26:57, 1937-02-06, {\"net_worth\":\"I\",\"credit_rating\":\"A\",\"homeowner_probability\":\"H\",\"marital_status\":\"M\",\"has_credit_card\":true,\"credit_card_user\":true,\"household_size\":\"2\",\"gaming_casino\":false,\"sweepstakes\":true,\"occupation_group\":\"Retired\",\"estimated_income_code\":\"S\",\"has_investments\":true,\"has_stocks_securities\":true,\"investing_active\":false}, jkirn@att.net, John, M, 1, 0, Kirn, 6143169492, 5500000, $5,500,000.00 Mega Cash Prize, OH, new, BKQC7F43XS, 2026-07-16 13:26:57, 43082), (3159 Riverwood Ct, Perrysburg, 2026-07-16 13:26:57, 1932-05-27, {\"net_worth\":\"I\",\"credit_rating\":\"A\",\"homeowner_probability\":\"H\",\"marital_status\":\"M\",\"has_credit_card\":true,\"credit_card_user\":true,\"household_size\":\"1\",\"gaming_casino\":false,\"sweepstakes\":false,\"occupation_group\":\"Retired\",\"estimated_income_code\":\"R\",\"has_investments\":true,\"has_stocks_securities\":false,\"investing_active\":true}, lindahenry624@bellsouth.net, James, M, 1, 0, Findlay, 4198738091, 5500000, $5,500,000.00 Mega Cash Prize, OH, new, LHXCSQNP8B, 2026-07-16 13:26:57, 43551), (41 Dogwood Ave, Malverne, 2026-07-16 13:26:57, 1942-07-02, {\"net_worth\":\"I\",\"credit_rating\":\"B\",\"homeowner_probability\":\"H\",\"marital_status\":\"M\",\"has_credit_card\":true,\"credit_card_user\":true,\"household_size\":\"1\",\"gaming_casino\":false,\"sweepstakes\":false,\"occupation_group\":\"Retired\",\"estimated_income_code\":\"R\",\"has_investments\":true,\"has_stocks_securities\":false,\"investing_active\":true}, ?, Marie, F, 1, 0, Fiorelli, 9176717310, 5500000, $5,500,000.00 Mega Cash Prize, NY, new, RYYNQXK6PP, 2026-07-16 13:26:57, 11565), (110 Riverside Dr, New York, 2026-07-16 13:26:57, 1941-07-14, {\"net_worth\":\"I\",\"credit_rating\":\"B\",\"homeowner_probability\":\"H\",\"marital_status\":\"S\",\"has_credit_card\":true,\"credit_card_user\":true,\"household_size\":\"1\",\"gaming_casino\":false,\"sweepstakes\":true,\"occupation_group\":\"Retired\",\"estimated_income_code\":\"R\",\"has_investments\":true,\"has_stocks_securities\":false,\"investing_active\":false}, ?, Daniel, M, 1, 0, Javitch, 2124968145, 5500000, $5,500,000.00 Mega Cash Prize, NY, new, WGVLF68PW5, 2026-07-16 13:26:57, 10024), (10852 S 94th East Ave, Tulsa, 2026-07-16 13:26:57, 1936-06-10, {\"net_worth\":\"I\",\"credit_rating\":\"B\",\"homeowner_probability\":\"H\",\"marital_status\":\"M\",\"has_credit_card\":true,\"credit_card_user\":true,\"household_size\":\"2\",\"gaming_casino\":false,\"sweepstakes\":false,\"occupation_group\":\"Retired\",\"estimated_income_code\":\"S\",\"has_investments\":true,\"has_stocks_securities\":false,\"investing_active\":true}, donaldhg@aol.com, Donald, M, 1, 0, Gallemore, 3123423767, 5500000, $5,500,000.00 Mega Cash Prize, OK, new, 49692FSBB9, 2026-07-16 13:26:57, 74133), (808 Angelica Cir, Cary, 2026-07-16 13:26:57, 1932-06-02, {\"net_worth\":\"I\",\"credit_rating\":\"C\",\"homeowner_probability\":\"H\",\"marital_status\":\"M\",\"has_credit_card\":true,\"credit_card_user\":true,\"household_size\":\"2\",\"gaming_casino\":false,\"sweepstakes\":false,\"occupation_group\":\"Retired\",\"estimated_income_code\":\"S\",\"has_investments\":true,\"has_stocks_securities\":true,\"investing_active\":true}, rcecchetti@hotmail.com, Ralph, M, 1, 0, Cecchetti, 9197400205, 5500000, $5,500,000.00 Mega Cash Prize, NC, new, ML8CCABQM3, 2026-07-16 13:26:57, 27518), (16291 Upper Chesterfield Ridge Dr, Chesterfield, 2026-07-16 13:26:57, 1931-03-01, {\"net_worth\":\"I\",\"credit_rating\":\"A\",\"homeowner_probability\":\"H\",\"marital_status\":\"M\",\"has_credit_card\":true,\"credit_card_user\":true,\"household_size\":\"2\",\"gaming_casino\":false,\"sweepstakes\":false,\"occupation_group\":\"Retired\",\"estimated_income_code\":\"R\",\"has_investments\":true,\"has_stocks_securities\":true,\"investing_active\":false}, ?, Ann, F, 1, 0, Wells, 3144097398, 5500000, $5,500,000.00 Mega Cash Prize, MO, new, 83T8FM2MBM, 2026-07-16 13:26:57, 63017), (1562 Radian Rd, Wilmington, 2026-07-16 13:26:57, 1953-05-02, {\"net_worth\":\"I\",\"credit_rating\":\"C\",\"homeowner_probability\":\"H\",\"marital_status\":\"S\",\"has_credit_card\":true,\"credit_card_user\":true,\"household_size\":\"1\",\"gaming_casino\":false,\"sweepstakes\":false,\"occupation_group\":\"Retired\",\"estimated_income_code\":\"S\",\"has_investments\":true,\"has_stocks_securities\":false,\"investing_active\":false}, babytee110582@aol.com, Lesley, F, 1, 0, Blakeman, 9102565794, 5500000, $5,500,000.00 Mega Cash Prize, NC, new, ASS6J3936Y, 2026-07-16 13:26:57, 28405), (77 Maple Ave, Rockville Ctr, 2026-07-16 13:26:57, 1938-03-26, {\"net_worth\":\"I\",\"credit_rating\":\"C\",\"homeowner_probability\":\"H\",\"marital_status\":\"M\",\"has_credit_card\":true,\"credit_card_user\":true,\"household_size\":\"1\",\"gaming_casino\":false,\"sweepstakes\":false,\"occupation_group\":\"Retired\",\"estimated_income_code\":\"S\",\"has_investments\":true,\"has_stocks_securities\":false,\"investing_active\":true}, ?, Patricia, F, 1, 0, Procops, 5500000, $5,500,000.00 Mega Cash Prize, NY, new, PF8KZRLWFZ, 2026-07-16 13:26:57, 11570), (1105 Donna Ct, Saint Louis, 2026-07-16 13:26:57, 1938-04-15, {\"net_worth\":\"I\",\"credit_rating\":\"C\",\"homeowner_probability\":\"H\",\"marital_status\":\"M\",\"has_credit_card\":true,\"credit_card_user\":true,\"household_size\":\"1\",\"gaming_casino\":false,\"sweepstakes\":false,\"occupation_group\":\"Retired\",\"estimated_income_code\":\"R\",\"has_investments\":true,\"has_stocks_securities\":false,\"investing_active\":true}, ?, Ann, F, 1, 0, Schaefer, 3149932721, 5500000, $5,500,000.00 Mega Cash Prize, MO, new, FUFQMSWHQS, 2026-07-16 13:26:57, 63124), (16 Macy Ave, White Plains, 2026-07-16 13:26:57, 1936-01-31, {\"net_worth\":\"I\",\"credit_rating\":\"B\",\"homeowner_probability\":\"H\",\"marital_status\":\"M\",\"has_credit_card\":true,\"credit_card_user\":true,\"household_size\":\"2\",\"gaming_casino\":false,\"sweepstakes\":false,\"occupation_group\":\"Retired\",\"estimated_income_code\":\"R\",\"has_investments\":true,\"has_stocks_securities\":true,\"investing_active\":false}, ?, James, M, 1, 0, Cusack, 9146713891, 5500000, $5,500,000.00 Mega Cash Prize, NY, new, KBABL6ZHRZ, 2026-07-16 13:26:57, 10605), (510 Palm Beach Rd, Dickinson, 2026-07-16 13:26:57, 1941-10-30, {\"net_worth\":\"I\",\"credit_rating\":\"B\",\"homeowner_probability\":\"H\",\"marital_status\":\"M\",\"has_credit_card\":true,\"credit_card_user\":true,\"household_size\":\"1\",\"gaming_casino\":true,\"sweepstakes\":true,\"occupation_group\":\"Retired\",\"estimated_income_code\":\"R\",\"has_investments\":true,\"has_stocks_securities\":true,\"investing_active\":false}, memarob@ndsupernet.com, Anita, F, 1, 0, Roberts, 3372779323, 5500000, $5,500,000.00 Mega Cash Prize, ND, new, P46Z9TLET9, 2026-07-16 13:26:57, 58601), (4620 Portland Dr, Hood River, 2026-07-16 13:26:57, 1937-05-24, {\"net_worth\":\"I\",\"credit_rating\":\"B\",\"homeowner_probability\":\"H\",\"marital_status\":\"M\",\"has_credit_card\":true,\"credit_card_user\":true,\"household_size\":\"2\",\"gaming_casino\":false,\"sweepstakes\":false,\"occupation_group\":\"Retired\",\"estimated_income_code\":\"R\",\"has_investments\":true,\"has_stocks_securities\":false,\"investing_active\":true}, ehasegawa@hotmail.com, Ella, F, 1, 0, Hasegawa, 5413863502, 5500000, $5,500,000.00 Mega Cash Prize, OR, new, 8T2SRREWKD, 2026-07-16 13:26:57, 97031)) at /home/og/Desktop/projects/road/publishersclearinghouse/vendor/laravel/framework/src/Illuminate/Database/Connection.php:825)
[stacktrace]
#0 /home/og/Desktop/projects/road/publishersclearinghouse/vendor/laravel/framework/src/Illuminate/Database/Connection.php(779): Illuminate\\Database\\Connection->runQueryCallback()
#1 /home/og/Desktop/projects/road/publishersclearinghouse/vendor/laravel/framework/src/Illuminate/Database/MySqlConnection.php(42): Illuminate\\Database\\Connection->run()
#2 /home/og/Desktop/projects/road/publishersclearinghouse/vendor/laravel/framework/src/Illuminate/Database/Query/Builder.php(3717): Illuminate\\Database\\MySqlConnection->insert()
#3 /home/og/Desktop/projects/road/publishersclearinghouse/vendor/laravel/framework/src/Illuminate/Database/Eloquent/Builder.php(2120): Illuminate\\Database\\Query\\Builder->insert()
#4 /home/og/Desktop/projects/road/publishersclearinghouse/vendor/laravel/framework/src/Illuminate/Support/Traits/ForwardsCalls.php(23): Illuminate\\Database\\Eloquent\\Builder->__call()
#5 /home/og/Desktop/projects/road/publishersclearinghouse/vendor/laravel/framework/src/Illuminate/Database/Eloquent/Model.php(2372): Illuminate\\Database\\Eloquent\\Model->forwardCallTo()
#6 /home/og/Desktop/projects/road/publishersclearinghouse/vendor/laravel/framework/src/Illuminate/Database/Eloquent/Model.php(2384): Illuminate\\Database\\Eloquent\\Model->__call()
#7 /home/og/Desktop/projects/road/publishersclearinghouse/app/Console/Commands/ImportWinnersCsv.php(159): Illuminate\\Database\\Eloquent\\Model::__callStatic()
#8 /home/og/Desktop/projects/road/publishersclearinghouse/vendor/laravel/framework/src/Illuminate/Container/BoundMethod.php(36): App\\Console\\Commands\\ImportWinnersCsv->handle()
#9 /home/og/Desktop/projects/road/publishersclearinghouse/vendor/laravel/framework/src/Illuminate/Container/Util.php(43): Illuminate\\Container\\BoundMethod::Illuminate\\Container\\{closure}()
#10 /home/og/Desktop/projects/road/publishersclearinghouse/vendor/laravel/framework/src/Illuminate/Container/BoundMethod.php(95): Illuminate\\Container\\Util::unwrapIfClosure()
#11 /home/og/Desktop/projects/road/publishersclearinghouse/vendor/laravel/framework/src/Illuminate/Container/BoundMethod.php(35): Illuminate\\Container\\BoundMethod::callBoundMethod()
#12 /home/og/Desktop/projects/road/publishersclearinghouse/vendor/laravel/framework/src/Illuminate/Container/Container.php(696): Illuminate\\Container\\BoundMethod::call()
#13 /home/og/Desktop/projects/road/publishersclearinghouse/vendor/laravel/framework/src/Illuminate/Console/Command.php(213): Illuminate\\Container\\Container->call()
#14 /home/og/Desktop/projects/road/publishersclearinghouse/vendor/symfony/console/Command/Command.php(341): Illuminate\\Console\\Command->execute()
#15 /home/og/Desktop/projects/road/publishersclearinghouse/vendor/laravel/framework/src/Illuminate/Console/Command.php(182): Symfony\\Component\\Console\\Command\\Command->run()
#16 /home/og/Desktop/projects/road/publishersclearinghouse/vendor/symfony/console/Application.php(1117): Illuminate\\Console\\Command->run()
#17 /home/og/Desktop/projects/road/publishersclearinghouse/vendor/symfony/console/Application.php(356): Symfony\\Component\\Console\\Application->doRunCommand()
#18 /home/og/Desktop/projects/road/publishersclearinghouse/vendor/symfony/console/Application.php(195): Symfony\\Component\\Console\\Application->doRun()
#19 /home/og/Desktop/projects/road/publishersclearinghouse/vendor/laravel/framework/src/Illuminate/Foundation/Console/Kernel.php(198): Symfony\\Component\\Console\\Application->run()
#20 /home/og/Desktop/projects/road/publishersclearinghouse/artisan(12): Illuminate\\Foundation\\Console\\Kernel->handle()
#21 {main}

[previous exception] [object] (PDOException(code: 21S01): SQLSTATE[21S01]: Insert value list does not match column list: 1136 Column count doesn't match value count at row 196 at /home/og/Desktop/projects/road/publishersclearinghouse/vendor/laravel/framework/src/Illuminate/Database/MySqlConnection.php:47)
[stacktrace]
#0 /home/og/Desktop/projects/road/publishersclearinghouse/vendor/laravel/framework/src/Illuminate/Database/MySqlConnection.php(47): PDO->prepare()
#1 /home/og/Desktop/projects/road/publishersclearinghouse/vendor/laravel/framework/src/Illuminate/Database/Connection.php(812): Illuminate\\Database\\MySqlConnection->Illuminate\\Database\\{closure}()
#2 /home/og/Desktop/projects/road/publishersclearinghouse/vendor/laravel/framework/src/Illuminate/Database/Connection.php(779): Illuminate\\Database\\Connection->runQueryCallback()
#3 /home/og/Desktop/projects/road/publishersclearinghouse/vendor/laravel/framework/src/Illuminate/Database/MySqlConnection.php(42): Illuminate\\Database\\Connection->run()
#4 /home/og/Desktop/projects/road/publishersclearinghouse/vendor/laravel/framework/src/Illuminate/Database/Query/Builder.php(3717): Illuminate\\Database\\MySqlConnection->insert()
#5 /home/og/Desktop/projects/road/publishersclearinghouse/vendor/laravel/framework/src/Illuminate/Database/Eloquent/Builder.php(2120): Illuminate\\Database\\Query\\Builder->insert()
#6 /home/og/Desktop/projects/road/publishersclearinghouse/vendor/laravel/framework/src/Illuminate/Support/Traits/ForwardsCalls.php(23): Illuminate\\Database\\Eloquent\\Builder->__call()
#7 /home/og/Desktop/projects/road/publishersclearinghouse/vendor/laravel/framework/src/Illuminate/Database/Eloquent/Model.php(2372): Illuminate\\Database\\Eloquent\\Model->forwardCallTo()
#8 /home/og/Desktop/projects/road/publishersclearinghouse/vendor/laravel/framework/src/Illuminate/Database/Eloquent/Model.php(2384): Illuminate\\Database\\Eloquent\\Model->__call()
#9 /home/og/Desktop/projects/road/publishersclearinghouse/app/Console/Commands/ImportWinnersCsv.php(159): Illuminate\\Database\\Eloquent\\Model::__callStatic()
#10 /home/og/Desktop/projects/road/publishersclearinghouse/vendor/laravel/framework/src/Illuminate/Container/BoundMethod.php(36): App\\Console\\Commands\\ImportWinnersCsv->handle()
#11 /home/og/Desktop/projects/road/publishersclearinghouse/vendor/laravel/framework/src/Illuminate/Container/Util.php(43): Illuminate\\Container\\BoundMethod::Illuminate\\Container\\{closure}()
#12 /home/og/Desktop/projects/road/publishersclearinghouse/vendor/laravel/framework/src/Illuminate/Container/BoundMethod.php(95): Illuminate\\Container\\Util::unwrapIfClosure()
#13 /home/og/Desktop/projects/road/publishersclearinghouse/vendor/laravel/framework/src/Illuminate/Container/BoundMethod.php(35): Illuminate\\Container\\BoundMethod::callBoundMethod()
#14 /home/og/Desktop/projects/road/publishersclearinghouse/vendor/laravel/framework/src/Illuminate/Container/Container.php(696): Illuminate\\Container\\BoundMethod::call()
#15 /home/og/Desktop/projects/road/publishersclearinghouse/vendor/laravel/framework/src/Illuminate/Console/Command.php(213): Illuminate\\Container\\Container->call()
#16 /home/og/Desktop/projects/road/publishersclearinghouse/vendor/symfony/console/Command/Command.php(341): Illuminate\\Console\\Command->execute()
#17 /home/og/Desktop/projects/road/publishersclearinghouse/vendor/laravel/framework/src/Illuminate/Console/Command.php(182): Symfony\\Component\\Console\\Command\\Command->run()
#18 /home/og/Desktop/projects/road/publishersclearinghouse/vendor/symfony/console/Application.php(1117): Illuminate\\Console\\Command->run()
#19 /home/og/Desktop/projects/road/publishersclearinghouse/vendor/symfony/console/Application.php(356): Symfony\\Component\\Console\\Application->doRunCommand()
#20 /home/og/Desktop/projects/road/publishersclearinghouse/vendor/symfony/console/Application.php(195): Symfony\\Component\\Console\\Application->doRun()
#21 /home/og/Desktop/projects/road/publishersclearinghouse/vendor/laravel/framework/src/Illuminate/Foundation/Console/Kernel.php(198): Symfony\\Component\\Console\\Application->run()
#22 /home/og/Desktop/projects/road/publishersclearinghouse/artisan(12): Illuminate\\Foundation\\Console\\Kernel->handle()
#23 {main}
"} 
[2026-07-16 14:51:23] local.ERROR: SQLSTATE[42S22]: Column not found: 1054 Unknown column 'is_demo' in 'order clause' (Connection: mysql, SQL: select * from `winners` order by `is_demo` desc, `created_at` desc limit 10 offset 0) {"userId":1,"exception":"[object] (Spatie\\LaravelIgnition\\Exceptions\\ViewException(code: 0): SQLSTATE[42S22]: Column not found: 1054 Unknown column 'is_demo' in 'order clause' (Connection: mysql, SQL: select * from `winners` order by `is_demo` desc, `created_at` desc limit 10 offset 0) at /home/og/Desktop/projects/road/publishersclearinghouse/vendor/laravel/framework/src/Illuminate/Database/Connection.php:825)
[stacktrace]
#0 /home/og/Desktop/projects/road/publishersclearinghouse/vendor/laravel/framework/src/Illuminate/Database/Connection.php(779): Illuminate\\Database\\Connection->runQueryCallback()
#1 /home/og/Desktop/projects/road/publishersclearinghouse/vendor/laravel/framework/src/Illuminate/Database/Connection.php(398): Illuminate\\Database\\Connection->run()
#2 /home/og/Desktop/projects/road/publishersclearinghouse/vendor/laravel/framework/src/Illuminate/Database/Query/Builder.php(3106): Illuminate\\Database\\Connection->select()
#3 /home/og/Desktop/projects/road/publishersclearinghouse/vendor/laravel/framework/src/Illuminate/Database/Query/Builder.php(3091): Illuminate\\Database\\Query\\Builder->runSelect()
#4 /home/og/Desktop/projects/road/publishersclearinghouse/vendor/laravel/framework/src/Illuminate/Database/Query/Builder.php(3676): Illuminate\\Database\\Query\\Builder->Illuminate\\Database\\Query\\{closure}()
#5 /home/og/Desktop/projects/road/publishersclearinghouse/vendor/laravel/framework/src/Illuminate/Database/Query/Builder.php(3090): Illuminate\\Database\\Query\\Builder->onceWithColumns()
#6 /home/og/Desktop/projects/road/publishersclearinghouse/vendor/laravel/framework/src/Illuminate/Database/Eloquent/Builder.php(811): Illuminate\\Database\\Query\\Builder->get()
#7 /home/og/Desktop/projects/road/publishersclearinghouse/vendor/laravel/framework/src/Illuminate/Database/Eloquent/Builder.php(793): Illuminate\\Database\\Eloquent\\Builder->getModels()
#8 /home/og/Desktop/projects/road/publishersclearinghouse/vendor/laravel/framework/src/Illuminate/Database/Eloquent/Builder.php(1034): Illuminate\\Database\\Eloquent\\Builder->get()
#9 /home/og/Desktop/projects/road/publishersclearinghouse/vendor/filament/tables/src/Concerns/CanPaginateRecords.php(37): Illuminate\\Database\\Eloquent\\Builder->paginate()
#10 /home/og/Desktop/projects/road/publishersclearinghouse/vendor/filament/tables/src/Concerns/HasRecords.php(111): Filament\\Resources\\Pages\\ListRecords->paginateTableQuery()
#11 /home/og/Desktop/projects/road/publishersclearinghouse/vendor/filament/tables/src/Table/Concerns/HasRecords.php(66): Filament\\Resources\\Pages\\ListRecords->getTableRecords()
#12 /home/og/Desktop/projects/road/publishersclearinghouse/vendor/filament/tables/resources/views/index.blade.php(66): Filament\\Tables\\Table->getRecords()
#13 /home/og/Desktop/projects/road/publishersclearinghouse/vendor/livewire/livewire/src/Mechanisms/ExtendBlade/ExtendedCompilerEngine.php(37): include('...')
#14 /home/og/Desktop/projects/road/publishersclearinghouse/vendor/livewire/livewire/src/Mechanisms/ExtendBlade/ExtendedCompilerEngine.php(38): App\\Filament\\Resources\\ListWinners->Livewire\\Mechanisms\\ExtendBlade\\{closure}()
#15 /home/og/Desktop/projects/road/publishersclearinghouse/vendor/laravel/framework/src/Illuminate/View/Engines/CompilerEngine.php(75): Livewire\\Mechanisms\\ExtendBlade\\ExtendedCompilerEngine->evaluatePath()
#16 /home/og/Desktop/projects/road/publishersclearinghouse/vendor/livewire/livewire/src/Mechanisms/ExtendBlade/ExtendedCompilerEngine.php(16): Illuminate\\View\\Engines\\CompilerEngine->get()
#17 /home/og/Desktop/projects/road/publishersclearinghouse/vendor/laravel/framework/src/Illuminate/View/View.php(209): Livewire\\Mechanisms\\ExtendBlade\\ExtendedCompilerEngine->get()
#18 /home/og/Desktop/projects/road/publishersclearinghouse/vendor/laravel/framework/src/Illuminate/View/View.php(192): Illuminate\\View\\View->getContents()
#19 /home/og/Desktop/projects/road/publishersclearinghouse/vendor/laravel/framework/src/Illuminate/View/View.php(161): Illuminate\\View\\View->renderContents()
#20 /home/og/Desktop/projects/road/publishersclearinghouse/vendor/filament/support/src/Components/ViewComponent.php(115): Illuminate\\View\\View->render()
#21 /home/og/Desktop/projects/road/publishersclearinghouse/vendor/laravel/framework/src/Illuminate/Support/helpers.php(134): Filament\\Support\\Components\\ViewComponent->toHtml()
#22 /home/og/Desktop/projects/road/publishersclearinghouse/vendor/filament/filament/resources/views/resources/pages/list-records.blade.php(14): e()
#23 /home/og/Desktop/projects/road/publishersclearinghouse/vendor/livewire/livewire/src/Mechanisms/ExtendBlade/ExtendedCompilerEngine.php(37): include('...')
#24 /home/og/Desktop/projects/road/publishersclearinghouse/vendor/livewire/livewire/src/Mechanisms/ExtendBlade/ExtendedCompilerEngine.php(38): App\\Filament\\Resources\\ListWinners->Livewire\\Mechanisms\\ExtendBlade\\{closure}()
#25 /home/og/Desktop/projects/road/publishersclearinghouse/vendor/laravel/framework/src/Illuminate/View/Engines/CompilerEngine.php(75): Livewire\\Mechanisms\\ExtendBlade\\ExtendedCompilerEngine->evaluatePath()
#26 /home/og/Desktop/projects/road/publishersclearinghouse/vendor/livewire/livewire/src/Mechanisms/ExtendBlade/ExtendedCompilerEngine.php(16): Illuminate\\View\\Engines\\CompilerEngine->get()
#27 /home/og/Desktop/projects/road/publishersclearinghouse/vendor/laravel/framework/src/Illuminate/View/View.php(209): Livewire\\Mechanisms\\ExtendBlade\\ExtendedCompilerEngine->get()
#28 /home/og/Desktop/projects/road/publishersclearinghouse/vendor/laravel/framework/src/Illuminate/View/View.php(192): Illuminate\\View\\View->getContents()
#29 /home/og/Desktop/projects/road/publishersclearinghouse/vendor/laravel/framework/src/Illuminate/View/View.php(161): Illuminate\\View\\View->renderContents()
#30 /home/og/Desktop/projects/road/publishersclearinghouse/vendor/livewire/livewire/src/Mechanisms/HandleComponents/HandleComponents.php(282): Illuminate\\View\\View->render()
#31 /home/og/Desktop/projects/road/publishersclearinghouse/vendor/livewire/livewire/src/Mechanisms/HandleComponents/HandleComponents.php(326): Livewire\\Mechanisms\\HandleComponents\\HandleComponents->Livewire\\Mechanisms\\HandleComponents\\{closure}()
#32 /home/og/Desktop/projects/road/publishersclearinghouse/vendor/livewire/livewire/src/Mechanisms/HandleComponents/HandleComponents.php(274): Livewire\\Mechanisms\\HandleComponents\\HandleComponents->trackInRenderStack()
#33 /home/og/Desktop/projects/road/publishersclearinghouse/vendor/livewire/livewire/src/Mechanisms/HandleComponents/HandleComponents.php(54): Livewire\\Mechanisms\\HandleComponents\\HandleComponents->render()
#34 /home/og/Desktop/projects/road/publishersclearinghouse/vendor/livewire/livewire/src/LivewireManager.php(73): Livewire\\Mechanisms\\HandleComponents\\HandleComponents->mount()
#35 /home/og/Desktop/projects/road/publishersclearinghouse/vendor/livewire/livewire/src/Features/SupportPageComponents/HandlesPageComponents.php(17): Livewire\\LivewireManager->mount()
#36 /home/og/Desktop/projects/road/publishersclearinghouse/vendor/livewire/livewire/src/Features/SupportPageComponents/SupportPageComponents.php(117): Livewire\\Component->Livewire\\Features\\SupportPageComponents\\{closure}()
#37 /home/og/Desktop/projects/road/publishersclearinghouse/vendor/livewire/livewire/src/Features/SupportPageComponents/HandlesPageComponents.php(14): Livewire\\Features\\SupportPageComponents\\SupportPageComponents::interceptTheRenderOfTheComponentAndRetreiveTheLayoutConfiguration()
#38 /home/og/Desktop/projects/road/publishersclearinghouse/vendor/laravel/framework/src/Illuminate/Routing/ControllerDispatcher.php(47): Livewire\\Component->__invoke()
#39 /home/og/Desktop/projects/road/publishersclearinghouse/vendor/laravel/framework/src/Illuminate/Routing/Route.php(266): Illuminate\\Routing\\ControllerDispatcher->dispatch()
#40 /home/og/Desktop/projects/road/publishersclearinghouse/vendor/laravel/framework/src/Illuminate/Routing/Route.php(212): Illuminate\\Routing\\Route->runController()
#41 /home/og/Desktop/projects/road/publishersclearinghouse/vendor/laravel/framework/src/Illuminate/Routing/Router.php(808): Illuminate\\Routing\\Route->run()
#42 /home/og/Desktop/projects/road/publishersclearinghouse/vendor/laravel/framework/src/Illuminate/Pipeline/Pipeline.php(170): Illuminate\\Routing\\Router->Illuminate\\Routing\\{closure}()
#43 /home/og/Desktop/projects/road/publishersclearinghouse/vendor/filament/filament/src/Http/Middleware/DispatchServingFilamentEvent.php(15): Illuminate\\Pipeline\\Pipeline->Illuminate\\Pipeline\\{closure}()
#44 /home/og/Desktop/projects/road/publishersclearinghouse/vendor/laravel/framework/src/Illuminate/Pipeline/Pipeline.php(209): Filament\\Http\\Middleware\\DispatchServingFilamentEvent->handle()
#45 /home/og/Desktop/projects/road/publishersclearinghouse/vendor/filament/filament/src/Http/Middleware/DisableBladeIconComponents.php(14): Illuminate\\Pipeline\\Pipeline->Illuminate\\Pipeline\\{closure}()
#46 /home/og/Desktop/projects/road/publishersclearinghouse/vendor/laravel/framework/src/Illuminate/Pipeline/Pipeline.php(209): Filament\\Http\\Middleware\\DisableBladeIconComponents->handle()
#47 /home/og/Desktop/projects/road/publishersclearinghouse/vendor/laravel/framework/src/Illuminate/Routing/Middleware/SubstituteBindings.php(51): Illuminate\\Pipeline\\Pipeline->Illuminate\\Pipeline\\{closure}()
#48 /home/og/Desktop/projects/road/publishersclearinghouse/vendor/laravel/framework/src/Illuminate/Pipeline/Pipeline.php(209): Illuminate\\Routing\\Middleware\\SubstituteBindings->handle()
#49 /home/og/Desktop/projects/road/publishersclearinghouse/vendor/laravel/framework/src/Illuminate/Auth/Middleware/Authenticate.php(64): Illuminate\\Pipeline\\Pipeline->Illuminate\\Pipeline\\{closure}()
#50 /home/og/Desktop/projects/road/publishersclearinghouse/vendor/laravel/framework/src/Illuminate/Pipeline/Pipeline.php(209): Illuminate\\Auth\\Middleware\\Authenticate->handle()
#51 /home/og/Desktop/projects/road/publishersclearinghouse/vendor/laravel/framework/src/Illuminate/Foundation/Http/Middleware/VerifyCsrfToken.php(88): Illuminate\\Pipeline\\Pipeline->Illuminate\\Pipeline\\{closure}()
#52 /home/og/Desktop/projects/road/publishersclearinghouse/vendor/laravel/framework/src/Illuminate/Pipeline/Pipeline.php(209): Illuminate\\Foundation\\Http\\Middleware\\VerifyCsrfToken->handle()
#53 /home/og/Desktop/projects/road/publishersclearinghouse/vendor/laravel/framework/src/Illuminate/View/Middleware/ShareErrorsFromSession.php(49): Illuminate\\Pipeline\\Pipeline->Illuminate\\Pipeline\\{closure}()
#54 /home/og/Desktop/projects/road/publishersclearinghouse/vendor/laravel/framework/src/Illuminate/Pipeline/Pipeline.php(209): Illuminate\\View\\Middleware\\ShareErrorsFromSession->handle()
#55 /home/og/Desktop/projects/road/publishersclearinghouse/vendor/laravel/framework/src/Illuminate/Session/Middleware/StartSession.php(121): Illuminate\\Pipeline\\Pipeline->Illuminate\\Pipeline\\{closure}()
#56 /home/og/Desktop/projects/road/publishersclearinghouse/vendor/laravel/framework/src/Illuminate/Session/Middleware/StartSession.php(64): Illuminate\\Session\\Middleware\\StartSession->handleStatefulRequest()
#57 /home/og/Desktop/projects/road/publishersclearinghouse/vendor/laravel/framework/src/Illuminate/Pipeline/Pipeline.php(209): Illuminate\\Session\\Middleware\\StartSession->handle()
#58 /home/og/Desktop/projects/road/publishersclearinghouse/vendor/laravel/framework/src/Illuminate/Cookie/Middleware/AddQueuedCookiesToResponse.php(37): Illuminate\\Pipeline\\Pipeline->Illuminate\\Pipeline\\{closure}()
#59 /home/og/Desktop/projects/road/publishersclearinghouse/vendor/laravel/framework/src/Illuminate/Pipeline/Pipeline.php(209): Illuminate\\Cookie\\Middleware\\AddQueuedCookiesToResponse->handle()
#60 /home/og/Desktop/projects/road/publishersclearinghouse/vendor/laravel/framework/src/Illuminate/Cookie/Middleware/EncryptCookies.php(75): Illuminate\\Pipeline\\Pipeline->Illuminate\\Pipeline\\{closure}()
#61 /home/og/Desktop/projects/road/publishersclearinghouse/vendor/laravel/framework/src/Illuminate/Pipeline/Pipeline.php(209): Illuminate\\Cookie\\Middleware\\EncryptCookies->handle()
#62 /home/og/Desktop/projects/road/publishersclearinghouse/vendor/filament/filament/src/Http/Middleware/SetUpPanel.php(19): Illuminate\\Pipeline\\Pipeline->Illuminate\\Pipeline\\{closure}()
#63 /home/og/Desktop/projects/road/publishersclearinghouse/vendor/laravel/framework/src/Illuminate/Pipeline/Pipeline.php(209): Filament\\Http\\Middleware\\SetUpPanel->handle()
#64 /home/og/Desktop/projects/road/publishersclearinghouse/vendor/laravel/framework/src/Illuminate/Pipeline/Pipeline.php(127): Illuminate\\Pipeline\\Pipeline->Illuminate\\Pipeline\\{closure}()
#65 /home/og/Desktop/projects/road/publishersclearinghouse/vendor/laravel/framework/src/Illuminate/Routing/Router.php(807): Illuminate\\Pipeline\\Pipeline->then()
#66 /home/og/Desktop/projects/road/publishersclearinghouse/vendor/laravel/framework/src/Illuminate/Routing/Router.php(786): Illuminate\\Routing\\Router->runRouteWithinStack()
#67 /home/og/Desktop/projects/road/publishersclearinghouse/vendor/laravel/framework/src/Illuminate/Routing/Router.php(750): Illuminate\\Routing\\Router->runRoute()
#68 /home/og/Desktop/projects/road/publishersclearinghouse/vendor/laravel/framework/src/Illuminate/Routing/Router.php(739): Illuminate\\Routing\\Router->dispatchToRoute()
#69 /home/og/Desktop/projects/road/publishersclearinghouse/vendor/laravel/framework/src/Illuminate/Foundation/Http/Kernel.php(201): Illuminate\\Routing\\Router->dispatch()
#70 /home/og/Desktop/projects/road/publishersclearinghouse/vendor/laravel/framework/src/Illuminate/Pipeline/Pipeline.php(170): Illuminate\\Foundation\\Http\\Kernel->Illuminate\\Foundation\\Http\\{closure}()
#71 /home/og/Desktop/projects/road/publishersclearinghouse/vendor/livewire/livewire/src/Features/SupportDisablingBackButtonCache/DisableBackButtonCacheMiddleware.php(19): Illuminate\\Pipeline\\Pipeline->Illuminate\\Pipeline\\{closure}()
#72 /home/og/Desktop/projects/road/publishersclearinghouse/vendor/laravel/framework/src/Illuminate/Pipeline/Pipeline.php(209): Livewire\\Features\\SupportDisablingBackButtonCache\\DisableBackButtonCacheMiddleware->handle()
#73 /home/og/Desktop/projects/road/publishersclearinghouse/vendor/laravel/framework/src/Illuminate/Foundation/Http/Middleware/TransformsRequest.php(21): Illuminate\\Pipeline\\Pipeline->Illuminate\\Pipeline\\{closure}()
#74 /home/og/Desktop/projects/road/publishersclearinghouse/vendor/laravel/framework/src/Illuminate/Foundation/Http/Middleware/ConvertEmptyStringsToNull.php(31): Illuminate\\Foundation\\Http\\Middleware\\TransformsRequest->handle()
#75 /home/og/Desktop/projects/road/publishersclearinghouse/vendor/laravel/framework/src/Illuminate/Pipeline/Pipeline.php(209): Illuminate\\Foundation\\Http\\Middleware\\ConvertEmptyStringsToNull->handle()
#76 /home/og/Desktop/projects/road/publishersclearinghouse/vendor/laravel/framework/src/Illuminate/Foundation/Http/Middleware/TransformsRequest.php(21): Illuminate\\Pipeline\\Pipeline->Illuminate\\Pipeline\\{closure}()
#77 /home/og/Desktop/projects/road/publishersclearinghouse/vendor/laravel/framework/src/Illuminate/Foundation/Http/Middleware/TrimStrings.php(51): Illuminate\\Foundation\\Http\\Middleware\\TransformsRequest->handle()
#78 /home/og/Desktop/projects/road/publishersclearinghouse/vendor/laravel/framework/src/Illuminate/Pipeline/Pipeline.php(209): Illuminate\\Foundation\\Http\\Middleware\\TrimStrings->handle()
#79 /home/og/Desktop/projects/road/publishersclearinghouse/vendor/laravel/framework/src/Illuminate/Http/Middleware/ValidatePostSize.php(27): Illuminate\\Pipeline\\Pipeline->Illuminate\\Pipeline\\{closure}()
#80 /home/og/Desktop/projects/road/publishersclearinghouse/vendor/laravel/framework/src/Illuminate/Pipeline/Pipeline.php(209): Illuminate\\Http\\Middleware\\ValidatePostSize->handle()
#81 /home/og/Desktop/projects/road/publishersclearinghouse/vendor/laravel/framework/src/Illuminate/Foundation/Http/Middleware/PreventRequestsDuringMaintenance.php(110): Illuminate\\Pipeline\\Pipeline->Illuminate\\Pipeline\\{closure}()
#82 /home/og/Desktop/projects/road/publishersclearinghouse/vendor/laravel/framework/src/Illuminate/Pipeline/Pipeline.php(209): Illuminate\\Foundation\\Http\\Middleware\\PreventRequestsDuringMaintenance->handle()
#83 /home/og/Desktop/projects/road/publishersclearinghouse/vendor/laravel/framework/src/Illuminate/Http/Middleware/HandleCors.php(49): Illuminate\\Pipeline\\Pipeline->Illuminate\\Pipeline\\{closure}()
#84 /home/og/Desktop/projects/road/publishersclearinghouse/vendor/laravel/framework/src/Illuminate/Pipeline/Pipeline.php(209): Illuminate\\Http\\Middleware\\HandleCors->handle()
#85 /home/og/Desktop/projects/road/publishersclearinghouse/vendor/laravel/framework/src/Illuminate/Http/Middleware/TrustProxies.php(58): Illuminate\\Pipeline\\Pipeline->Illuminate\\Pipeline\\{closure}()
#86 /home/og/Desktop/projects/road/publishersclearinghouse/vendor/laravel/framework/src/Illuminate/Pipeline/Pipeline.php(209): Illuminate\\Http\\Middleware\\TrustProxies->handle()
#87 /home/og/Desktop/projects/road/publishersclearinghouse/vendor/laravel/framework/src/Illuminate/Foundation/Http/Middleware/InvokeDeferredCallbacks.php(22): Illuminate\\Pipeline\\Pipeline->Illuminate\\Pipeline\\{closure}()
#88 /home/og/Desktop/projects/road/publishersclearinghouse/vendor/laravel/framework/src/Illuminate/Pipeline/Pipeline.php(209): Illuminate\\Foundation\\Http\\Middleware\\InvokeDeferredCallbacks->handle()
#89 /home/og/Desktop/projects/road/publishersclearinghouse/vendor/laravel/framework/src/Illuminate/Pipeline/Pipeline.php(127): Illuminate\\Pipeline\\Pipeline->Illuminate\\Pipeline\\{closure}()
#90 /home/og/Desktop/projects/road/publishersclearinghouse/vendor/laravel/framework/src/Illuminate/Foundation/Http/Kernel.php(176): Illuminate\\Pipeline\\Pipeline->then()
#91 /home/og/Desktop/projects/road/publishersclearinghouse/vendor/laravel/framework/src/Illuminate/Foundation/Http/Kernel.php(145): Illuminate\\Foundation\\Http\\Kernel->sendRequestThroughRouter()
#92 /home/og/Desktop/projects/road/publishersclearinghouse/public/index.php(17): Illuminate\\Foundation\\Http\\Kernel->handle()
#93 /home/og/Desktop/projects/road/publishersclearinghouse/vendor/laravel/framework/src/Illuminate/Foundation/resources/server.php(23): require_once('...')
#94 {main}

[previous exception] [object] (Illuminate\\Database\\QueryException(code: 42S22): SQLSTATE[42S22]: Column not found: 1054 Unknown column 'is_demo' in 'order clause' (Connection: mysql, SQL: select * from `winners` order by `is_demo` desc, `created_at` desc limit 10 offset 0) at /home/og/Desktop/projects/road/publishersclearinghouse/vendor/laravel/framework/src/Illuminate/Database/Connection.php:825)
[stacktrace]
#0 /home/og/Desktop/projects/road/publishersclearinghouse/vendor/laravel/framework/src/Illuminate/Database/Connection.php(779): Illuminate\\Database\\Connection->runQueryCallback()
#1 /home/og/Desktop/projects/road/publishersclearinghouse/vendor/laravel/framework/src/Illuminate/Database/Connection.php(398): Illuminate\\Database\\Connection->run()
#2 /home/og/Desktop/projects/road/publishersclearinghouse/vendor/laravel/framework/src/Illuminate/Database/Query/Builder.php(3106): Illuminate\\Database\\Connection->select()
#3 /home/og/Desktop/projects/road/publishersclearinghouse/vendor/laravel/framework/src/Illuminate/Database/Query/Builder.php(3091): Illuminate\\Database\\Query\\Builder->runSelect()
#4 /home/og/Desktop/projects/road/publishersclearinghouse/vendor/laravel/framework/src/Illuminate/Database/Query/Builder.php(3676): Illuminate\\Database\\Query\\Builder->Illuminate\\Database\\Query\\{closure}()
#5 /home/og/Desktop/projects/road/publishersclearinghouse/vendor/laravel/framework/src/Illuminate/Database/Query/Builder.php(3090): Illuminate\\Database\\Query\\Builder->onceWithColumns()
#6 /home/og/Desktop/projects/road/publishersclearinghouse/vendor/laravel/framework/src/Illuminate/Database/Eloquent/Builder.php(811): Illuminate\\Database\\Query\\Builder->get()
#7 /home/og/Desktop/projects/road/publishersclearinghouse/vendor/laravel/framework/src/Illuminate/Database/Eloquent/Builder.php(793): Illuminate\\Database\\Eloquent\\Builder->getModels()
#8 /home/og/Desktop/projects/road/publishersclearinghouse/vendor/laravel/framework/src/Illuminate/Database/Eloquent/Builder.php(1034): Illuminate\\Database\\Eloquent\\Builder->get()
#9 /home/og/Desktop/projects/road/publishersclearinghouse/vendor/filament/tables/src/Concerns/CanPaginateRecords.php(37): Illuminate\\Database\\Eloquent\\Builder->paginate()
#10 /home/og/Desktop/projects/road/publishersclearinghouse/vendor/filament/tables/src/Concerns/HasRecords.php(111): Filament\\Resources\\Pages\\ListRecords->paginateTableQuery()
#11 /home/og/Desktop/projects/road/publishersclearinghouse/vendor/filament/tables/src/Table/Concerns/HasRecords.php(66): Filament\\Resources\\Pages\\ListRecords->getTableRecords()
#12 /home/og/Desktop/projects/road/publishersclearinghouse/storage/framework/views/18ef52efe6a91f33353882b57ccb3471.php(66): Filament\\Tables\\Table->getRecords()
#13 /home/og/Desktop/projects/road/publishersclearinghouse/vendor/livewire/livewire/src/Mechanisms/ExtendBlade/ExtendedCompilerEngine.php(37): include('...')
#14 /home/og/Desktop/projects/road/publishersclearinghouse/vendor/livewire/livewire/src/Mechanisms/ExtendBlade/ExtendedCompilerEngine.php(38): App\\Filament\\Resources\\ListWinners->Livewire\\Mechanisms\\ExtendBlade\\{closure}()
#15 /home/og/Desktop/projects/road/publishersclearinghouse/vendor/laravel/framework/src/Illuminate/View/Engines/CompilerEngine.php(75): Livewire\\Mechanisms\\ExtendBlade\\ExtendedCompilerEngine->evaluatePath()
#16 /home/og/Desktop/projects/road/publishersclearinghouse/vendor/livewire/livewire/src/Mechanisms/ExtendBlade/ExtendedCompilerEngine.php(16): Illuminate\\View\\Engines\\CompilerEngine->get()
#17 /home/og/Desktop/projects/road/publishersclearinghouse/vendor/laravel/framework/src/Illuminate/View/View.php(209): Livewire\\Mechanisms\\ExtendBlade\\ExtendedCompilerEngine->get()
#18 /home/og/Desktop/projects/road/publishersclearinghouse/vendor/laravel/framework/src/Illuminate/View/View.php(192): Illuminate\\View\\View->getContents()
#19 /home/og/Desktop/projects/road/publishersclearinghouse/vendor/laravel/framework/src/Illuminate/View/View.php(161): Illuminate\\View\\View->renderContents()
#20 /home/og/Desktop/projects/road/publishersclearinghouse/vendor/filament/support/src/Components/ViewComponent.php(115): Illuminate\\View\\View->render()
#21 /home/og/Desktop/projects/road/publishersclearinghouse/vendor/laravel/framework/src/Illuminate/Support/helpers.php(134): Filament\\Support\\Components\\ViewComponent->toHtml()
#22 /home/og/Desktop/projects/road/publishersclearinghouse/storage/framework/views/03845198ea78d7bbf7ea8bec970072e3.php(42): e()
#23 /home/og/Desktop/projects/road/publishersclearinghouse/vendor/livewire/livewire/src/Mechanisms/ExtendBlade/ExtendedCompilerEngine.php(37): include('...')
#24 /home/og/Desktop/projects/road/publishersclearinghouse/vendor/livewire/livewire/src/Mechanisms/ExtendBlade/ExtendedCompilerEngine.php(38): App\\Filament\\Resources\\ListWinners->Livewire\\Mechanisms\\ExtendBlade\\{closure}()
#25 /home/og/Desktop/projects/road/publishersclearinghouse/vendor/laravel/framework/src/Illuminate/View/Engines/CompilerEngine.php(75): Livewire\\Mechanisms\\ExtendBlade\\ExtendedCompilerEngine->evaluatePath()
#26 /home/og/Desktop/projects/road/publishersclearinghouse/vendor/livewire/livewire/src/Mechanisms/ExtendBlade/ExtendedCompilerEngine.php(16): Illuminate\\View\\Engines\\CompilerEngine->get()
#27 /home/og/Desktop/projects/road/publishersclearinghouse/vendor/laravel/framework/src/Illuminate/View/View.php(209): Livewire\\Mechanisms\\ExtendBlade\\ExtendedCompilerEngine->get()
#28 /home/og/Desktop/projects/road/publishersclearinghouse/vendor/laravel/framework/src/Illuminate/View/View.php(192): Illuminate\\View\\View->getContents()
#29 /home/og/Desktop/projects/road/publishersclearinghouse/vendor/laravel/framework/src/Illuminate/View/View.php(161): Illuminate\\View\\View->renderContents()
#30 /home/og/Desktop/projects/road/publishersclearinghouse/vendor/livewire/livewire/src/Mechanisms/HandleComponents/HandleComponents.php(282): Illuminate\\View\\View->render()
#31 /home/og/Desktop/projects/road/publishersclearinghouse/vendor/livewire/livewire/src/Mechanisms/HandleComponents/HandleComponents.php(326): Livewire\\Mechanisms\\HandleComponents\\HandleComponents->Livewire\\Mechanisms\\HandleComponents\\{closure}()
#32 /home/og/Desktop/projects/road/publishersclearinghouse/vendor/livewire/livewire/src/Mechanisms/HandleComponents/HandleComponents.php(274): Livewire\\Mechanisms\\HandleComponents\\HandleComponents->trackInRenderStack()
#33 /home/og/Desktop/projects/road/publishersclearinghouse/vendor/livewire/livewire/src/Mechanisms/HandleComponents/HandleComponents.php(54): Livewire\\Mechanisms\\HandleComponents\\HandleComponents->render()
#34 /home/og/Desktop/projects/road/publishersclearinghouse/vendor/livewire/livewire/src/LivewireManager.php(73): Livewire\\Mechanisms\\HandleComponents\\HandleComponents->mount()
#35 /home/og/Desktop/projects/road/publishersclearinghouse/vendor/livewire/livewire/src/Features/SupportPageComponents/HandlesPageComponents.php(17): Livewire\\LivewireManager->mount()
#36 /home/og/Desktop/projects/road/publishersclearinghouse/vendor/livewire/livewire/src/Features/SupportPageComponents/SupportPageComponents.php(117): Livewire\\Component->Livewire\\Features\\SupportPageComponents\\{closure}()
#37 /home/og/Desktop/projects/road/publishersclearinghouse/vendor/livewire/livewire/src/Features/SupportPageComponents/HandlesPageComponents.php(14): Livewire\\Features\\SupportPageComponents\\SupportPageComponents::interceptTheRenderOfTheComponentAndRetreiveTheLayoutConfiguration()
#38 /home/og/Desktop/projects/road/publishersclearinghouse/vendor/laravel/framework/src/Illuminate/Routing/ControllerDispatcher.php(47): Livewire\\Component->__invoke()
#39 /home/og/Desktop/projects/road/publishersclearinghouse/vendor/laravel/framework/src/Illuminate/Routing/Route.php(266): Illuminate\\Routing\\ControllerDispatcher->dispatch()
#40 /home/og/Desktop/projects/road/publishersclearinghouse/vendor/laravel/framework/src/Illuminate/Routing/Route.php(212): Illuminate\\Routing\\Route->runController()
#41 /home/og/Desktop/projects/road/publishersclearinghouse/vendor/laravel/framework/src/Illuminate/Routing/Router.php(808): Illuminate\\Routing\\Route->run()
#42 /home/og/Desktop/projects/road/publishersclearinghouse/vendor/laravel/framework/src/Illuminate/Pipeline/Pipeline.php(170): Illuminate\\Routing\\Router->Illuminate\\Routing\\{closure}()
#43 /home/og/Desktop/projects/road/publishersclearinghouse/vendor/filament/filament/src/Http/Middleware/DispatchServingFilamentEvent.php(15): Illuminate\\Pipeline\\Pipeline->Illuminate\\Pipeline\\{closure}()
#44 /home/og/Desktop/projects/road/publishersclearinghouse/vendor/laravel/framework/src/Illuminate/Pipeline/Pipeline.php(209): Filament\\Http\\Middleware\\DispatchServingFilamentEvent->handle()
#45 /home/og/Desktop/projects/road/publishersclearinghouse/vendor/filament/filament/src/Http/Middleware/DisableBladeIconComponents.php(14): Illuminate\\Pipeline\\Pipeline->Illuminate\\Pipeline\\{closure}()
#46 /home/og/Desktop/projects/road/publishersclearinghouse/vendor/laravel/framework/src/Illuminate/Pipeline/Pipeline.php(209): Filament\\Http\\Middleware\\DisableBladeIconComponents->handle()
#47 /home/og/Desktop/projects/road/publishersclearinghouse/vendor/laravel/framework/src/Illuminate/Routing/Middleware/SubstituteBindings.php(51): Illuminate\\Pipeline\\Pipeline->Illuminate\\Pipeline\\{closure}()
#48 /home/og/Desktop/projects/road/publishersclearinghouse/vendor/laravel/framework/src/Illuminate/Pipeline/Pipeline.php(209): Illuminate\\Routing\\Middleware\\SubstituteBindings->handle()
#49 /home/og/Desktop/projects/road/publishersclearinghouse/vendor/laravel/framework/src/Illuminate/Auth/Middleware/Authenticate.php(64): Illuminate\\Pipeline\\Pipeline->Illuminate\\Pipeline\\{closure}()
#50 /home/og/Desktop/projects/road/publishersclearinghouse/vendor/laravel/framework/src/Illuminate/Pipeline/Pipeline.php(209): Illuminate\\Auth\\Middleware\\Authenticate->handle()
#51 /home/og/Desktop/projects/road/publishersclearinghouse/vendor/laravel/framework/src/Illuminate/Foundation/Http/Middleware/VerifyCsrfToken.php(88): Illuminate\\Pipeline\\Pipeline->Illuminate\\Pipeline\\{closure}()
#52 /home/og/Desktop/projects/road/publishersclearinghouse/vendor/laravel/framework/src/Illuminate/Pipeline/Pipeline.php(209): Illuminate\\Foundation\\Http\\Middleware\\VerifyCsrfToken->handle()
#53 /home/og/Desktop/projects/road/publishersclearinghouse/vendor/laravel/framework/src/Illuminate/View/Middleware/ShareErrorsFromSession.php(49): Illuminate\\Pipeline\\Pipeline->Illuminate\\Pipeline\\{closure}()
#54 /home/og/Desktop/projects/road/publishersclearinghouse/vendor/laravel/framework/src/Illuminate/Pipeline/Pipeline.php(209): Illuminate\\View\\Middleware\\ShareErrorsFromSession->handle()
#55 /home/og/Desktop/projects/road/publishersclearinghouse/vendor/laravel/framework/src/Illuminate/Session/Middleware/StartSession.php(121): Illuminate\\Pipeline\\Pipeline->Illuminate\\Pipeline\\{closure}()
#56 /home/og/Desktop/projects/road/publishersclearinghouse/vendor/laravel/framework/src/Illuminate/Session/Middleware/StartSession.php(64): Illuminate\\Session\\Middleware\\StartSession->handleStatefulRequest()
#57 /home/og/Desktop/projects/road/publishersclearinghouse/vendor/laravel/framework/src/Illuminate/Pipeline/Pipeline.php(209): Illuminate\\Session\\Middleware\\StartSession->handle()
#58 /home/og/Desktop/projects/road/publishersclearinghouse/vendor/laravel/framework/src/Illuminate/Cookie/Middleware/AddQueuedCookiesToResponse.php(37): Illuminate\\Pipeline\\Pipeline->Illuminate\\Pipeline\\{closure}()
#59 /home/og/Desktop/projects/road/publishersclearinghouse/vendor/laravel/framework/src/Illuminate/Pipeline/Pipeline.php(209): Illuminate\\Cookie\\Middleware\\AddQueuedCookiesToResponse->handle()
#60 /home/og/Desktop/projects/road/publishersclearinghouse/vendor/laravel/framework/src/Illuminate/Cookie/Middleware/EncryptCookies.php(75): Illuminate\\Pipeline\\Pipeline->Illuminate\\Pipeline\\{closure}()
#61 /home/og/Desktop/projects/road/publishersclearinghouse/vendor/laravel/framework/src/Illuminate/Pipeline/Pipeline.php(209): Illuminate\\Cookie\\Middleware\\EncryptCookies->handle()
#62 /home/og/Desktop/projects/road/publishersclearinghouse/vendor/filament/filament/src/Http/Middleware/SetUpPanel.php(19): Illuminate\\Pipeline\\Pipeline->Illuminate\\Pipeline\\{closure}()
#63 /home/og/Desktop/projects/road/publishersclearinghouse/vendor/laravel/framework/src/Illuminate/Pipeline/Pipeline.php(209): Filament\\Http\\Middleware\\SetUpPanel->handle()
#64 /home/og/Desktop/projects/road/publishersclearinghouse/vendor/laravel/framework/src/Illuminate/Pipeline/Pipeline.php(127): Illuminate\\Pipeline\\Pipeline->Illuminate\\Pipeline\\{closure}()
#65 /home/og/Desktop/projects/road/publishersclearinghouse/vendor/laravel/framework/src/Illuminate/Routing/Router.php(807): Illuminate\\Pipeline\\Pipeline->then()
#66 /home/og/Desktop/projects/road/publishersclearinghouse/vendor/laravel/framework/src/Illuminate/Routing/Router.php(786): Illuminate\\Routing\\Router->runRouteWithinStack()
#67 /home/og/Desktop/projects/road/publishersclearinghouse/vendor/laravel/framework/src/Illuminate/Routing/Router.php(750): Illuminate\\Routing\\Router->runRoute()
#68 /home/og/Desktop/projects/road/publishersclearinghouse/vendor/laravel/framework/src/Illuminate/Routing/Router.php(739): Illuminate\\Routing\\Router->dispatchToRoute()
#69 /home/og/Desktop/projects/road/publishersclearinghouse/vendor/laravel/framework/src/Illuminate/Foundation/Http/Kernel.php(201): Illuminate\\Routing\\Router->dispatch()
#70 /home/og/Desktop/projects/road/publishersclearinghouse/vendor/laravel/framework/src/Illuminate/Pipeline/Pipeline.php(170): Illuminate\\Foundation\\Http\\Kernel->Illuminate\\Foundation\\Http\\{closure}()
#71 /home/og/Desktop/projects/road/publishersclearinghouse/vendor/livewire/livewire/src/Features/SupportDisablingBackButtonCache/DisableBackButtonCacheMiddleware.php(19): Illuminate\\Pipeline\\Pipeline->Illuminate\\Pipeline\\{closure}()
#72 /home/og/Desktop/projects/road/publishersclearinghouse/vendor/laravel/framework/src/Illuminate/Pipeline/Pipeline.php(209): Livewire\\Features\\SupportDisablingBackButtonCache\\DisableBackButtonCacheMiddleware->handle()
#73 /home/og/Desktop/projects/road/publishersclearinghouse/vendor/laravel/framework/src/Illuminate/Foundation/Http/Middleware/TransformsRequest.php(21): Illuminate\\Pipeline\\Pipeline->Illuminate\\Pipeline\\{closure}()
#74 /home/og/Desktop/projects/road/publishersclearinghouse/vendor/laravel/framework/src/Illuminate/Foundation/Http/Middleware/ConvertEmptyStringsToNull.php(31): Illuminate\\Foundation\\Http\\Middleware\\TransformsRequest->handle()
#75 /home/og/Desktop/projects/road/publishersclearinghouse/vendor/laravel/framework/src/Illuminate/Pipeline/Pipeline.php(209): Illuminate\\Foundation\\Http\\Middleware\\ConvertEmptyStringsToNull->handle()
#76 /home/og/Desktop/projects/road/publishersclearinghouse/vendor/laravel/framework/src/Illuminate/Foundation/Http/Middleware/TransformsRequest.php(21): Illuminate\\Pipeline\\Pipeline->Illuminate\\Pipeline\\{closure}()
#77 /home/og/Desktop/projects/road/publishersclearinghouse/vendor/laravel/framework/src/Illuminate/Foundation/Http/Middleware/TrimStrings.php(51): Illuminate\\Foundation\\Http\\Middleware\\TransformsRequest->handle()
#78 /home/og/Desktop/projects/road/publishersclearinghouse/vendor/laravel/framework/src/Illuminate/Pipeline/Pipeline.php(209): Illuminate\\Foundation\\Http\\Middleware\\TrimStrings->handle()
#79 /home/og/Desktop/projects/road/publishersclearinghouse/vendor/laravel/framework/src/Illuminate/Http/Middleware/ValidatePostSize.php(27): Illuminate\\Pipeline\\Pipeline->Illuminate\\Pipeline\\{closure}()
#80 /home/og/Desktop/projects/road/publishersclearinghouse/vendor/laravel/framework/src/Illuminate/Pipeline/Pipeline.php(209): Illuminate\\Http\\Middleware\\ValidatePostSize->handle()
#81 /home/og/Desktop/projects/road/publishersclearinghouse/vendor/laravel/framework/src/Illuminate/Foundation/Http/Middleware/PreventRequestsDuringMaintenance.php(110): Illuminate\\Pipeline\\Pipeline->Illuminate\\Pipeline\\{closure}()
#82 /home/og/Desktop/projects/road/publishersclearinghouse/vendor/laravel/framework/src/Illuminate/Pipeline/Pipeline.php(209): Illuminate\\Foundation\\Http\\Middleware\\PreventRequestsDuringMaintenance->handle()
#83 /home/og/Desktop/projects/road/publishersclearinghouse/vendor/laravel/framework/src/Illuminate/Http/Middleware/HandleCors.php(49): Illuminate\\Pipeline\\Pipeline->Illuminate\\Pipeline\\{closure}()
#84 /home/og/Desktop/projects/road/publishersclearinghouse/vendor/laravel/framework/src/Illuminate/Pipeline/Pipeline.php(209): Illuminate\\Http\\Middleware\\HandleCors->handle()
#85 /home/og/Desktop/projects/road/publishersclearinghouse/vendor/laravel/framework/src/Illuminate/Http/Middleware/TrustProxies.php(58): Illuminate\\Pipeline\\Pipeline->Illuminate\\Pipeline\\{closure}()
#86 /home/og/Desktop/projects/road/publishersclearinghouse/vendor/laravel/framework/src/Illuminate/Pipeline/Pipeline.php(209): Illuminate\\Http\\Middleware\\TrustProxies->handle()
#87 /home/og/Desktop/projects/road/publishersclearinghouse/vendor/laravel/framework/src/Illuminate/Foundation/Http/Middleware/InvokeDeferredCallbacks.php(22): Illuminate\\Pipeline\\Pipeline->Illuminate\\Pipeline\\{closure}()
#88 /home/og/Desktop/projects/road/publishersclearinghouse/vendor/laravel/framework/src/Illuminate/Pipeline/Pipeline.php(209): Illuminate\\Foundation\\Http\\Middleware\\InvokeDeferredCallbacks->handle()
#89 /home/og/Desktop/projects/road/publishersclearinghouse/vendor/laravel/framework/src/Illuminate/Pipeline/Pipeline.php(127): Illuminate\\Pipeline\\Pipeline->Illuminate\\Pipeline\\{closure}()
#90 /home/og/Desktop/projects/road/publishersclearinghouse/vendor/laravel/framework/src/Illuminate/Foundation/Http/Kernel.php(176): Illuminate\\Pipeline\\Pipeline->then()
#91 /home/og/Desktop/projects/road/publishersclearinghouse/vendor/laravel/framework/src/Illuminate/Foundation/Http/Kernel.php(145): Illuminate\\Foundation\\Http\\Kernel->sendRequestThroughRouter()
#92 /home/og/Desktop/projects/road/publishersclearinghouse/public/index.php(17): Illuminate\\Foundation\\Http\\Kernel->handle()
#93 /home/og/Desktop/projects/road/publishersclearinghouse/vendor/laravel/framework/src/Illuminate/Foundation/resources/server.php(23): require_once('...')
#94 {main}

[previous exception] [object] (PDOException(code: 42S22): SQLSTATE[42S22]: Column not found: 1054 Unknown column 'is_demo' in 'order clause' at /home/og/Desktop/projects/road/publishersclearinghouse/vendor/laravel/framework/src/Illuminate/Database/Connection.php:407)
[stacktrace]
#0 /home/og/Desktop/projects/road/publishersclearinghouse/vendor/laravel/framework/src/Illuminate/Database/Connection.php(407): PDO->prepare()
#1 /home/og/Desktop/projects/road/publishersclearinghouse/vendor/laravel/framework/src/Illuminate/Database/Connection.php(812): Illuminate\\Database\\Connection->Illuminate\\Database\\{closure}()
#2 /home/og/Desktop/projects/road/publishersclearinghouse/vendor/laravel/framework/src/Illuminate/Database/Connection.php(779): Illuminate\\Database\\Connection->runQueryCallback()
#3 /home/og/Desktop/projects/road/publishersclearinghouse/vendor/laravel/framework/src/Illuminate/Database/Connection.php(398): Illuminate\\Database\\Connection->run()
#4 /home/og/Desktop/projects/road/publishersclearinghouse/vendor/laravel/framework/src/Illuminate/Database/Query/Builder.php(3106): Illuminate\\Database\\Connection->select()
#5 /home/og/Desktop/projects/road/publishersclearinghouse/vendor/laravel/framework/src/Illuminate/Database/Query/Builder.php(3091): Illuminate\\Database\\Query\\Builder->runSelect()
#6 /home/og/Desktop/projects/road/publishersclearinghouse/vendor/laravel/framework/src/Illuminate/Database/Query/Builder.php(3676): Illuminate\\Database\\Query\\Builder->Illuminate\\Database\\Query\\{closure}()
#7 /home/og/Desktop/projects/road/publishersclearinghouse/vendor/laravel/framework/src/Illuminate/Database/Query/Builder.php(3090): Illuminate\\Database\\Query\\Builder->onceWithColumns()
#8 /home/og/Desktop/projects/road/publishersclearinghouse/vendor/laravel/framework/src/Illuminate/Database/Eloquent/Builder.php(811): Illuminate\\Database\\Query\\Builder->get()
#9 /home/og/Desktop/projects/road/publishersclearinghouse/vendor/laravel/framework/src/Illuminate/Database/Eloquent/Builder.php(793): Illuminate\\Database\\Eloquent\\Builder->getModels()
#10 /home/og/Desktop/projects/road/publishersclearinghouse/vendor/laravel/framework/src/Illuminate/Database/Eloquent/Builder.php(1034): Illuminate\\Database\\Eloquent\\Builder->get()
#11 /home/og/Desktop/projects/road/publishersclearinghouse/vendor/filament/tables/src/Concerns/CanPaginateRecords.php(37): Illuminate\\Database\\Eloquent\\Builder->paginate()
#12 /home/og/Desktop/projects/road/publishersclearinghouse/vendor/filament/tables/src/Concerns/HasRecords.php(111): Filament\\Resources\\Pages\\ListRecords->paginateTableQuery()
#13 /home/og/Desktop/projects/road/publishersclearinghouse/vendor/filament/tables/src/Table/Concerns/HasRecords.php(66): Filament\\Resources\\Pages\\ListRecords->getTableRecords()
#14 /home/og/Desktop/projects/road/publishersclearinghouse/storage/framework/views/18ef52efe6a91f33353882b57ccb3471.php(66): Filament\\Tables\\Table->getRecords()
#15 /home/og/Desktop/projects/road/publishersclearinghouse/vendor/livewire/livewire/src/Mechanisms/ExtendBlade/ExtendedCompilerEngine.php(37): include('...')
#16 /home/og/Desktop/projects/road/publishersclearinghouse/vendor/livewire/livewire/src/Mechanisms/ExtendBlade/ExtendedCompilerEngine.php(38): App\\Filament\\Resources\\ListWinners->Livewire\\Mechanisms\\ExtendBlade\\{closure}()
#17 /home/og/Desktop/projects/road/publishersclearinghouse/vendor/laravel/framework/src/Illuminate/View/Engines/CompilerEngine.php(75): Livewire\\Mechanisms\\ExtendBlade\\ExtendedCompilerEngine->evaluatePath()
#18 /home/og/Desktop/projects/road/publishersclearinghouse/vendor/livewire/livewire/src/Mechanisms/ExtendBlade/ExtendedCompilerEngine.php(16): Illuminate\\View\\Engines\\CompilerEngine->get()
#19 /home/og/Desktop/projects/road/publishersclearinghouse/vendor/laravel/framework/src/Illuminate/View/View.php(209): Livewire\\Mechanisms\\ExtendBlade\\ExtendedCompilerEngine->get()
#20 /home/og/Desktop/projects/road/publishersclearinghouse/vendor/laravel/framework/src/Illuminate/View/View.php(192): Illuminate\\View\\View->getContents()
#21 /home/og/Desktop/projects/road/publishersclearinghouse/vendor/laravel/framework/src/Illuminate/View/View.php(161): Illuminate\\View\\View->renderContents()
#22 /home/og/Desktop/projects/road/publishersclearinghouse/vendor/filament/support/src/Components/ViewComponent.php(115): Illuminate\\View\\View->render()
#23 /home/og/Desktop/projects/road/publishersclearinghouse/vendor/laravel/framework/src/Illuminate/Support/helpers.php(134): Filament\\Support\\Components\\ViewComponent->toHtml()
#24 /home/og/Desktop/projects/road/publishersclearinghouse/storage/framework/views/03845198ea78d7bbf7ea8bec970072e3.php(42): e()
#25 /home/og/Desktop/projects/road/publishersclearinghouse/vendor/livewire/livewire/src/Mechanisms/ExtendBlade/ExtendedCompilerEngine.php(37): include('...')
#26 /home/og/Desktop/projects/road/publishersclearinghouse/vendor/livewire/livewire/src/Mechanisms/ExtendBlade/ExtendedCompilerEngine.php(38): App\\Filament\\Resources\\ListWinners->Livewire\\Mechanisms\\ExtendBlade\\{closure}()
#27 /home/og/Desktop/projects/road/publishersclearinghouse/vendor/laravel/framework/src/Illuminate/View/Engines/CompilerEngine.php(75): Livewire\\Mechanisms\\ExtendBlade\\ExtendedCompilerEngine->evaluatePath()
#28 /home/og/Desktop/projects/road/publishersclearinghouse/vendor/livewire/livewire/src/Mechanisms/ExtendBlade/ExtendedCompilerEngine.php(16): Illuminate\\View\\Engines\\CompilerEngine->get()
#29 /home/og/Desktop/projects/road/publishersclearinghouse/vendor/laravel/framework/src/Illuminate/View/View.php(209): Livewire\\Mechanisms\\ExtendBlade\\ExtendedCompilerEngine->get()
#30 /home/og/Desktop/projects/road/publishersclearinghouse/vendor/laravel/framework/src/Illuminate/View/View.php(192): Illuminate\\View\\View->getContents()
#31 /home/og/Desktop/projects/road/publishersclearinghouse/vendor/laravel/framework/src/Illuminate/View/View.php(161): Illuminate\\View\\View->renderContents()
#32 /home/og/Desktop/projects/road/publishersclearinghouse/vendor/livewire/livewire/src/Mechanisms/HandleComponents/HandleComponents.php(282): Illuminate\\View\\View->render()
#33 /home/og/Desktop/projects/road/publishersclearinghouse/vendor/livewire/livewire/src/Mechanisms/HandleComponents/HandleComponents.php(326): Livewire\\Mechanisms\\HandleComponents\\HandleComponents->Livewire\\Mechanisms\\HandleComponents\\{closure}()
#34 /home/og/Desktop/projects/road/publishersclearinghouse/vendor/livewire/livewire/src/Mechanisms/HandleComponents/HandleComponents.php(274): Livewire\\Mechanisms\\HandleComponents\\HandleComponents->trackInRenderStack()
#35 /home/og/Desktop/projects/road/publishersclearinghouse/vendor/livewire/livewire/src/Mechanisms/HandleComponents/HandleComponents.php(54): Livewire\\Mechanisms\\HandleComponents\\HandleComponents->render()
#36 /home/og/Desktop/projects/road/publishersclearinghouse/vendor/livewire/livewire/src/LivewireManager.php(73): Livewire\\Mechanisms\\HandleComponents\\HandleComponents->mount()
#37 /home/og/Desktop/projects/road/publishersclearinghouse/vendor/livewire/livewire/src/Features/SupportPageComponents/HandlesPageComponents.php(17): Livewire\\LivewireManager->mount()
#38 /home/og/Desktop/projects/road/publishersclearinghouse/vendor/livewire/livewire/src/Features/SupportPageComponents/SupportPageComponents.php(117): Livewire\\Component->Livewire\\Features\\SupportPageComponents\\{closure}()
#39 /home/og/Desktop/projects/road/publishersclearinghouse/vendor/livewire/livewire/src/Features/SupportPageComponents/HandlesPageComponents.php(14): Livewire\\Features\\SupportPageComponents\\SupportPageComponents::interceptTheRenderOfTheComponentAndRetreiveTheLayoutConfiguration()
#40 /home/og/Desktop/projects/road/publishersclearinghouse/vendor/laravel/framework/src/Illuminate/Routing/ControllerDispatcher.php(47): Livewire\\Component->__invoke()
#41 /home/og/Desktop/projects/road/publishersclearinghouse/vendor/laravel/framework/src/Illuminate/Routing/Route.php(266): Illuminate\\Routing\\ControllerDispatcher->dispatch()
#42 /home/og/Desktop/projects/road/publishersclearinghouse/vendor/laravel/framework/src/Illuminate/Routing/Route.php(212): Illuminate\\Routing\\Route->runController()
#43 /home/og/Desktop/projects/road/publishersclearinghouse/vendor/laravel/framework/src/Illuminate/Routing/Router.php(808): Illuminate\\Routing\\Route->run()
#44 /home/og/Desktop/projects/road/publishersclearinghouse/vendor/laravel/framework/src/Illuminate/Pipeline/Pipeline.php(170): Illuminate\\Routing\\Router->Illuminate\\Routing\\{closure}()
#45 /home/og/Desktop/projects/road/publishersclearinghouse/vendor/filament/filament/src/Http/Middleware/DispatchServingFilamentEvent.php(15): Illuminate\\Pipeline\\Pipeline->Illuminate\\Pipeline\\{closure}()
#46 /home/og/Desktop/projects/road/publishersclearinghouse/vendor/laravel/framework/src/Illuminate/Pipeline/Pipeline.php(209): Filament\\Http\\Middleware\\DispatchServingFilamentEvent->handle()
#47 /home/og/Desktop/projects/road/publishersclearinghouse/vendor/filament/filament/src/Http/Middleware/DisableBladeIconComponents.php(14): Illuminate\\Pipeline\\Pipeline->Illuminate\\Pipeline\\{closure}()
#48 /home/og/Desktop/projects/road/publishersclearinghouse/vendor/laravel/framework/src/Illuminate/Pipeline/Pipeline.php(209): Filament\\Http\\Middleware\\DisableBladeIconComponents->handle()
#49 /home/og/Desktop/projects/road/publishersclearinghouse/vendor/laravel/framework/src/Illuminate/Routing/Middleware/SubstituteBindings.php(51): Illuminate\\Pipeline\\Pipeline->Illuminate\\Pipeline\\{closure}()
#50 /home/og/Desktop/projects/road/publishersclearinghouse/vendor/laravel/framework/src/Illuminate/Pipeline/Pipeline.php(209): Illuminate\\Routing\\Middleware\\SubstituteBindings->handle()
#51 /home/og/Desktop/projects/road/publishersclearinghouse/vendor/laravel/framework/src/Illuminate/Auth/Middleware/Authenticate.php(64): Illuminate\\Pipeline\\Pipeline->Illuminate\\Pipeline\\{closure}()
#52 /home/og/Desktop/projects/road/publishersclearinghouse/vendor/laravel/framework/src/Illuminate/Pipeline/Pipeline.php(209): Illuminate\\Auth\\Middleware\\Authenticate->handle()
#53 /home/og/Desktop/projects/road/publishersclearinghouse/vendor/laravel/framework/src/Illuminate/Foundation/Http/Middleware/VerifyCsrfToken.php(88): Illuminate\\Pipeline\\Pipeline->Illuminate\\Pipeline\\{closure}()
#54 /home/og/Desktop/projects/road/publishersclearinghouse/vendor/laravel/framework/src/Illuminate/Pipeline/Pipeline.php(209): Illuminate\\Foundation\\Http\\Middleware\\VerifyCsrfToken->handle()
#55 /home/og/Desktop/projects/road/publishersclearinghouse/vendor/laravel/framework/src/Illuminate/View/Middleware/ShareErrorsFromSession.php(49): Illuminate\\Pipeline\\Pipeline->Illuminate\\Pipeline\\{closure}()
#56 /home/og/Desktop/projects/road/publishersclearinghouse/vendor/laravel/framework/src/Illuminate/Pipeline/Pipeline.php(209): Illuminate\\View\\Middleware\\ShareErrorsFromSession->handle()
#57 /home/og/Desktop/projects/road/publishersclearinghouse/vendor/laravel/framework/src/Illuminate/Session/Middleware/StartSession.php(121): Illuminate\\Pipeline\\Pipeline->Illuminate\\Pipeline\\{closure}()
#58 /home/og/Desktop/projects/road/publishersclearinghouse/vendor/laravel/framework/src/Illuminate/Session/Middleware/StartSession.php(64): Illuminate\\Session\\Middleware\\StartSession->handleStatefulRequest()
#59 /home/og/Desktop/projects/road/publishersclearinghouse/vendor/laravel/framework/src/Illuminate/Pipeline/Pipeline.php(209): Illuminate\\Session\\Middleware\\StartSession->handle()
#60 /home/og/Desktop/projects/road/publishersclearinghouse/vendor/laravel/framework/src/Illuminate/Cookie/Middleware/AddQueuedCookiesToResponse.php(37): Illuminate\\Pipeline\\Pipeline->Illuminate\\Pipeline\\{closure}()
#61 /home/og/Desktop/projects/road/publishersclearinghouse/vendor/laravel/framework/src/Illuminate/Pipeline/Pipeline.php(209): Illuminate\\Cookie\\Middleware\\AddQueuedCookiesToResponse->handle()
#62 /home/og/Desktop/projects/road/publishersclearinghouse/vendor/laravel/framework/src/Illuminate/Cookie/Middleware/EncryptCookies.php(75): Illuminate\\Pipeline\\Pipeline->Illuminate\\Pipeline\\{closure}()
#63 /home/og/Desktop/projects/road/publishersclearinghouse/vendor/laravel/framework/src/Illuminate/Pipeline/Pipeline.php(209): Illuminate\\Cookie\\Middleware\\EncryptCookies->handle()
#64 /home/og/Desktop/projects/road/publishersclearinghouse/vendor/filament/filament/src/Http/Middleware/SetUpPanel.php(19): Illuminate\\Pipeline\\Pipeline->Illuminate\\Pipeline\\{closure}()
#65 /home/og/Desktop/projects/road/publishersclearinghouse/vendor/laravel/framework/src/Illuminate/Pipeline/Pipeline.php(209): Filament\\Http\\Middleware\\SetUpPanel->handle()
#66 /home/og/Desktop/projects/road/publishersclearinghouse/vendor/laravel/framework/src/Illuminate/Pipeline/Pipeline.php(127): Illuminate\\Pipeline\\Pipeline->Illuminate\\Pipeline\\{closure}()
#67 /home/og/Desktop/projects/road/publishersclearinghouse/vendor/laravel/framework/src/Illuminate/Routing/Router.php(807): Illuminate\\Pipeline\\Pipeline->then()
#68 /home/og/Desktop/projects/road/publishersclearinghouse/vendor/laravel/framework/src/Illuminate/Routing/Router.php(786): Illuminate\\Routing\\Router->runRouteWithinStack()
#69 /home/og/Desktop/projects/road/publishersclearinghouse/vendor/laravel/framework/src/Illuminate/Routing/Router.php(750): Illuminate\\Routing\\Router->runRoute()
#70 /home/og/Desktop/projects/road/publishersclearinghouse/vendor/laravel/framework/src/Illuminate/Routing/Router.php(739): Illuminate\\Routing\\Router->dispatchToRoute()
#71 /home/og/Desktop/projects/road/publishersclearinghouse/vendor/laravel/framework/src/Illuminate/Foundation/Http/Kernel.php(201): Illuminate\\Routing\\Router->dispatch()
#72 /home/og/Desktop/projects/road/publishersclearinghouse/vendor/laravel/framework/src/Illuminate/Pipeline/Pipeline.php(170): Illuminate\\Foundation\\Http\\Kernel->Illuminate\\Foundation\\Http\\{closure}()
#73 /home/og/Desktop/projects/road/publishersclearinghouse/vendor/livewire/livewire/src/Features/SupportDisablingBackButtonCache/DisableBackButtonCacheMiddleware.php(19): Illuminate\\Pipeline\\Pipeline->Illuminate\\Pipeline\\{closure}()
#74 /home/og/Desktop/projects/road/publishersclearinghouse/vendor/laravel/framework/src/Illuminate/Pipeline/Pipeline.php(209): Livewire\\Features\\SupportDisablingBackButtonCache\\DisableBackButtonCacheMiddleware->handle()
#75 /home/og/Desktop/projects/road/publishersclearinghouse/vendor/laravel/framework/src/Illuminate/Foundation/Http/Middleware/TransformsRequest.php(21): Illuminate\\Pipeline\\Pipeline->Illuminate\\Pipeline\\{closure}()
#76 /home/og/Desktop/projects/road/publishersclearinghouse/vendor/laravel/framework/src/Illuminate/Foundation/Http/Middleware/ConvertEmptyStringsToNull.php(31): Illuminate\\Foundation\\Http\\Middleware\\TransformsRequest->handle()
#77 /home/og/Desktop/projects/road/publishersclearinghouse/vendor/laravel/framework/src/Illuminate/Pipeline/Pipeline.php(209): Illuminate\\Foundation\\Http\\Middleware\\ConvertEmptyStringsToNull->handle()
#78 /home/og/Desktop/projects/road/publishersclearinghouse/vendor/laravel/framework/src/Illuminate/Foundation/Http/Middleware/TransformsRequest.php(21): Illuminate\\Pipeline\\Pipeline->Illuminate\\Pipeline\\{closure}()
#79 /home/og/Desktop/projects/road/publishersclearinghouse/vendor/laravel/framework/src/Illuminate/Foundation/Http/Middleware/TrimStrings.php(51): Illuminate\\Foundation\\Http\\Middleware\\TransformsRequest->handle()
#80 /home/og/Desktop/projects/road/publishersclearinghouse/vendor/laravel/framework/src/Illuminate/Pipeline/Pipeline.php(209): Illuminate\\Foundation\\Http\\Middleware\\TrimStrings->handle()
#81 /home/og/Desktop/projects/road/publishersclearinghouse/vendor/laravel/framework/src/Illuminate/Http/Middleware/ValidatePostSize.php(27): Illuminate\\Pipeline\\Pipeline->Illuminate\\Pipeline\\{closure}()
#82 /home/og/Desktop/projects/road/publishersclearinghouse/vendor/laravel/framework/src/Illuminate/Pipeline/Pipeline.php(209): Illuminate\\Http\\Middleware\\ValidatePostSize->handle()
#83 /home/og/Desktop/projects/road/publishersclearinghouse/vendor/laravel/framework/src/Illuminate/Foundation/Http/Middleware/PreventRequestsDuringMaintenance.php(110): Illuminate\\Pipeline\\Pipeline->Illuminate\\Pipeline\\{closure}()
#84 /home/og/Desktop/projects/road/publishersclearinghouse/vendor/laravel/framework/src/Illuminate/Pipeline/Pipeline.php(209): Illuminate\\Foundation\\Http\\Middleware\\PreventRequestsDuringMaintenance->handle()
#85 /home/og/Desktop/projects/road/publishersclearinghouse/vendor/laravel/framework/src/Illuminate/Http/Middleware/HandleCors.php(49): Illuminate\\Pipeline\\Pipeline->Illuminate\\Pipeline\\{closure}()
#86 /home/og/Desktop/projects/road/publishersclearinghouse/vendor/laravel/framework/src/Illuminate/Pipeline/Pipeline.php(209): Illuminate\\Http\\Middleware\\HandleCors->handle()
#87 /home/og/Desktop/projects/road/publishersclearinghouse/vendor/laravel/framework/src/Illuminate/Http/Middleware/TrustProxies.php(58): Illuminate\\Pipeline\\Pipeline->Illuminate\\Pipeline\\{closure}()
#88 /home/og/Desktop/projects/road/publishersclearinghouse/vendor/laravel/framework/src/Illuminate/Pipeline/Pipeline.php(209): Illuminate\\Http\\Middleware\\TrustProxies->handle()
#89 /home/og/Desktop/projects/road/publishersclearinghouse/vendor/laravel/framework/src/Illuminate/Foundation/Http/Middleware/InvokeDeferredCallbacks.php(22): Illuminate\\Pipeline\\Pipeline->Illuminate\\Pipeline\\{closure}()
#90 /home/og/Desktop/projects/road/publishersclearinghouse/vendor/laravel/framework/src/Illuminate/Pipeline/Pipeline.php(209): Illuminate\\Foundation\\Http\\Middleware\\InvokeDeferredCallbacks->handle()
#91 /home/og/Desktop/projects/road/publishersclearinghouse/vendor/laravel/framework/src/Illuminate/Pipeline/Pipeline.php(127): Illuminate\\Pipeline\\Pipeline->Illuminate\\Pipeline\\{closure}()
#92 /home/og/Desktop/projects/road/publishersclearinghouse/vendor/laravel/framework/src/Illuminate/Foundation/Http/Kernel.php(176): Illuminate\\Pipeline\\Pipeline->then()
#93 /home/og/Desktop/projects/road/publishersclearinghouse/vendor/laravel/framework/src/Illuminate/Foundation/Http/Kernel.php(145): Illuminate\\Foundation\\Http\\Kernel->sendRequestThroughRouter()
#94 /home/og/Desktop/projects/road/publishersclearinghouse/public/index.php(17): Illuminate\\Foundation\\Http\\Kernel->handle()
#95 /home/og/Desktop/projects/road/publishersclearinghouse/vendor/laravel/framework/src/Illuminate/Foundation/resources/server.php(23): require_once('...')
#96 {main}
"} 
[2026-07-16 14:52:47] local.ERROR: Command "db:dump" is not defined.

Did you mean one of these?
    db
    db:monitor
    db:seed
    db:show
    db:table
    db:wipe
    schema:dump {"exception":"[object] (Symfony\\Component\\Console\\Exception\\CommandNotFoundException(code: 0): Command \"db:dump\" is not defined.

Did you mean one of these?
    db
    db:monitor
    db:seed
    db:show
    db:table
    db:wipe
    schema:dump at /home/og/Desktop/projects/road/publishersclearinghouse/vendor/symfony/console/Application.php:759)
[stacktrace]
#0 /home/og/Desktop/projects/road/publishersclearinghouse/vendor/symfony/console/Application.php(298): Symfony\\Component\\Console\\Application->find()
#1 /home/og/Desktop/projects/road/publishersclearinghouse/vendor/symfony/console/Application.php(195): Symfony\\Component\\Console\\Application->doRun()
#2 /home/og/Desktop/projects/road/publishersclearinghouse/vendor/laravel/framework/src/Illuminate/Foundation/Console/Kernel.php(198): Symfony\\Component\\Console\\Application->run()
#3 /home/og/Desktop/projects/road/publishersclearinghouse/artisan(12): Illuminate\\Foundation\\Console\\Kernel->handle()
#4 {main}
"} 
[2026-07-16 15:14:25] local.ERROR: Method Filament\Forms\Components\RichEditor::rows does not exist. {"userId":1,"exception":"[object] (BadMethodCallException(code: 0): Method Filament\\Forms\\Components\\RichEditor::rows does not exist. at /home/og/Desktop/projects/road/publishersclearinghouse/vendor/filament/support/src/Concerns/Macroable.php:77)
[stacktrace]
#0 /home/og/Desktop/projects/road/publishersclearinghouse/app/Filament/Pages/EmailComposer.php(98): Filament\\Support\\Components\\Component->__call()
#1 /home/og/Desktop/projects/road/publishersclearinghouse/vendor/filament/forms/src/Concerns/InteractsWithForms.php(381): App\\Filament\\Pages\\EmailComposer->form()
#2 /home/og/Desktop/projects/road/publishersclearinghouse/vendor/laravel/framework/src/Illuminate/Collections/Arr.php(636): Filament\\Pages\\BasePage->Filament\\Forms\\Concerns\\{closure}()
#3 /home/og/Desktop/projects/road/publishersclearinghouse/vendor/laravel/framework/src/Illuminate/Collections/Collection.php(847): Illuminate\\Support\\Arr::mapWithKeys()
#4 /home/og/Desktop/projects/road/publishersclearinghouse/vendor/filament/forms/src/Concerns/InteractsWithForms.php(366): Illuminate\\Support\\Collection->mapWithKeys()
#5 /home/og/Desktop/projects/road/publishersclearinghouse/vendor/filament/forms/src/Concerns/InteractsWithForms.php(435): Filament\\Pages\\BasePage->cacheForms()
#6 /home/og/Desktop/projects/road/publishersclearinghouse/vendor/filament/forms/src/Concerns/InteractsWithForms.php(426): Filament\\Pages\\BasePage->getCachedForms()
#7 /home/og/Desktop/projects/road/publishersclearinghouse/vendor/filament/support/src/Concerns/ResolvesDynamicLivewireProperties.php(27): Filament\\Pages\\BasePage->getForm()
#8 /home/og/Desktop/projects/road/publishersclearinghouse/app/Filament/Pages/EmailComposer.php(34): Filament\\Pages\\BasePage->__get()
#9 /home/og/Desktop/projects/road/publishersclearinghouse/vendor/laravel/framework/src/Illuminate/Container/BoundMethod.php(36): App\\Filament\\Pages\\EmailComposer->mount()
#10 /home/og/Desktop/projects/road/publishersclearinghouse/vendor/laravel/framework/src/Illuminate/Container/Util.php(43): Illuminate\\Container\\BoundMethod::Illuminate\\Container\\{closure}()
#11 /home/og/Desktop/projects/road/publishersclearinghouse/vendor/laravel/framework/src/Illuminate/Container/BoundMethod.php(95): Illuminate\\Container\\Util::unwrapIfClosure()
#12 /home/og/Desktop/projects/road/publishersclearinghouse/vendor/laravel/framework/src/Illuminate/Container/BoundMethod.php(35): Illuminate\\Container\\BoundMethod::callBoundMethod()
#13 /home/og/Desktop/projects/road/publishersclearinghouse/vendor/livewire/livewire/src/Wrapped.php(23): Illuminate\\Container\\BoundMethod::call()
#14 /home/og/Desktop/projects/road/publishersclearinghouse/vendor/livewire/livewire/src/Features/SupportLifecycleHooks/SupportLifecycleHooks.php(134): Livewire\\Wrapped->__call()
#15 /home/og/Desktop/projects/road/publishersclearinghouse/vendor/livewire/livewire/src/Features/SupportLifecycleHooks/SupportLifecycleHooks.php(20): Livewire\\Features\\SupportLifecycleHooks\\SupportLifecycleHooks->callHook()
#16 /home/og/Desktop/projects/road/publishersclearinghouse/vendor/livewire/livewire/src/ComponentHook.php(19): Livewire\\Features\\SupportLifecycleHooks\\SupportLifecycleHooks->mount()
#17 /home/og/Desktop/projects/road/publishersclearinghouse/vendor/livewire/livewire/src/ComponentHookRegistry.php(45): Livewire\\ComponentHook->callMount()
#18 /home/og/Desktop/projects/road/publishersclearinghouse/vendor/livewire/livewire/src/EventBus.php(60): Livewire\\ComponentHookRegistry::Livewire\\{closure}()
#19 /home/og/Desktop/projects/road/publishersclearinghouse/vendor/livewire/livewire/src/helpers.php(98): Livewire\\EventBus->trigger()
#20 /home/og/Desktop/projects/road/publishersclearinghouse/vendor/livewire/livewire/src/Mechanisms/HandleComponents/HandleComponents.php(50): Livewire\\trigger()
#21 /home/og/Desktop/projects/road/publishersclearinghouse/vendor/livewire/livewire/src/LivewireManager.php(73): Livewire\\Mechanisms\\HandleComponents\\HandleComponents->mount()
#22 /home/og/Desktop/projects/road/publishersclearinghouse/vendor/livewire/livewire/src/Features/SupportPageComponents/HandlesPageComponents.php(17): Livewire\\LivewireManager->mount()
#23 /home/og/Desktop/projects/road/publishersclearinghouse/vendor/livewire/livewire/src/Features/SupportPageComponents/SupportPageComponents.php(117): Livewire\\Component->Livewire\\Features\\SupportPageComponents\\{closure}()
#24 /home/og/Desktop/projects/road/publishersclearinghouse/vendor/livewire/livewire/src/Features/SupportPageComponents/HandlesPageComponents.php(14): Livewire\\Features\\SupportPageComponents\\SupportPageComponents::interceptTheRenderOfTheComponentAndRetreiveTheLayoutConfiguration()
#25 /home/og/Desktop/projects/road/publishersclearinghouse/vendor/laravel/framework/src/Illuminate/Routing/ControllerDispatcher.php(47): Livewire\\Component->__invoke()
#26 /home/og/Desktop/projects/road/publishersclearinghouse/vendor/laravel/framework/src/Illuminate/Routing/Route.php(266): Illuminate\\Routing\\ControllerDispatcher->dispatch()
#27 /home/og/Desktop/projects/road/publishersclearinghouse/vendor/laravel/framework/src/Illuminate/Routing/Route.php(212): Illuminate\\Routing\\Route->runController()
#28 /home/og/Desktop/projects/road/publishersclearinghouse/vendor/laravel/framework/src/Illuminate/Routing/Router.php(808): Illuminate\\Routing\\Route->run()
#29 /home/og/Desktop/projects/road/publishersclearinghouse/vendor/laravel/framework/src/Illuminate/Pipeline/Pipeline.php(170): Illuminate\\Routing\\Router->Illuminate\\Routing\\{closure}()
#30 /home/og/Desktop/projects/road/publishersclearinghouse/vendor/filament/filament/src/Http/Middleware/DispatchServingFilamentEvent.php(15): Illuminate\\Pipeline\\Pipeline->Illuminate\\Pipeline\\{closure}()
#31 /home/og/Desktop/projects/road/publishersclearinghouse/vendor/laravel/framework/src/Illuminate/Pipeline/Pipeline.php(209): Filament\\Http\\Middleware\\DispatchServingFilamentEvent->handle()
#32 /home/og/Desktop/projects/road/publishersclearinghouse/vendor/filament/filament/src/Http/Middleware/DisableBladeIconComponents.php(14): Illuminate\\Pipeline\\Pipeline->Illuminate\\Pipeline\\{closure}()
#33 /home/og/Desktop/projects/road/publishersclearinghouse/vendor/laravel/framework/src/Illuminate/Pipeline/Pipeline.php(209): Filament\\Http\\Middleware\\DisableBladeIconComponents->handle()
#34 /home/og/Desktop/projects/road/publishersclearinghouse/vendor/laravel/framework/src/Illuminate/Routing/Middleware/SubstituteBindings.php(51): Illuminate\\Pipeline\\Pipeline->Illuminate\\Pipeline\\{closure}()
#35 /home/og/Desktop/projects/road/publishersclearinghouse/vendor/laravel/framework/src/Illuminate/Pipeline/Pipeline.php(209): Illuminate\\Routing\\Middleware\\SubstituteBindings->handle()
#36 /home/og/Desktop/projects/road/publishersclearinghouse/vendor/laravel/framework/src/Illuminate/Auth/Middleware/Authenticate.php(64): Illuminate\\Pipeline\\Pipeline->Illuminate\\Pipeline\\{closure}()
#37 /home/og/Desktop/projects/road/publishersclearinghouse/vendor/laravel/framework/src/Illuminate/Pipeline/Pipeline.php(209): Illuminate\\Auth\\Middleware\\Authenticate->handle()
#38 /home/og/Desktop/projects/road/publishersclearinghouse/vendor/laravel/framework/src/Illuminate/Foundation/Http/Middleware/VerifyCsrfToken.php(88): Illuminate\\Pipeline\\Pipeline->Illuminate\\Pipeline\\{closure}()
#39 /home/og/Desktop/projects/road/publishersclearinghouse/vendor/laravel/framework/src/Illuminate/Pipeline/Pipeline.php(209): Illuminate\\Foundation\\Http\\Middleware\\VerifyCsrfToken->handle()
#40 /home/og/Desktop/projects/road/publishersclearinghouse/vendor/laravel/framework/src/Illuminate/View/Middleware/ShareErrorsFromSession.php(49): Illuminate\\Pipeline\\Pipeline->Illuminate\\Pipeline\\{closure}()
#41 /home/og/Desktop/projects/road/publishersclearinghouse/vendor/laravel/framework/src/Illuminate/Pipeline/Pipeline.php(209): Illuminate\\View\\Middleware\\ShareErrorsFromSession->handle()
#42 /home/og/Desktop/projects/road/publishersclearinghouse/vendor/laravel/framework/src/Illuminate/Session/Middleware/StartSession.php(121): Illuminate\\Pipeline\\Pipeline->Illuminate\\Pipeline\\{closure}()
#43 /home/og/Desktop/projects/road/publishersclearinghouse/vendor/laravel/framework/src/Illuminate/Session/Middleware/StartSession.php(64): Illuminate\\Session\\Middleware\\StartSession->handleStatefulRequest()
#44 /home/og/Desktop/projects/road/publishersclearinghouse/vendor/laravel/framework/src/Illuminate/Pipeline/Pipeline.php(209): Illuminate\\Session\\Middleware\\StartSession->handle()
#45 /home/og/Desktop/projects/road/publishersclearinghouse/vendor/laravel/framework/src/Illuminate/Cookie/Middleware/AddQueuedCookiesToResponse.php(37): Illuminate\\Pipeline\\Pipeline->Illuminate\\Pipeline\\{closure}()
#46 /home/og/Desktop/projects/road/publishersclearinghouse/vendor/laravel/framework/src/Illuminate/Pipeline/Pipeline.php(209): Illuminate\\Cookie\\Middleware\\AddQueuedCookiesToResponse->handle()
#47 /home/og/Desktop/projects/road/publishersclearinghouse/vendor/laravel/framework/src/Illuminate/Cookie/Middleware/EncryptCookies.php(75): Illuminate\\Pipeline\\Pipeline->Illuminate\\Pipeline\\{closure}()
#48 /home/og/Desktop/projects/road/publishersclearinghouse/vendor/laravel/framework/src/Illuminate/Pipeline/Pipeline.php(209): Illuminate\\Cookie\\Middleware\\EncryptCookies->handle()
#49 /home/og/Desktop/projects/road/publishersclearinghouse/vendor/filament/filament/src/Http/Middleware/SetUpPanel.php(19): Illuminate\\Pipeline\\Pipeline->Illuminate\\Pipeline\\{closure}()
#50 /home/og/Desktop/projects/road/publishersclearinghouse/vendor/laravel/framework/src/Illuminate/Pipeline/Pipeline.php(209): Filament\\Http\\Middleware\\SetUpPanel->handle()
#51 /home/og/Desktop/projects/road/publishersclearinghouse/vendor/laravel/framework/src/Illuminate/Pipeline/Pipeline.php(127): Illuminate\\Pipeline\\Pipeline->Illuminate\\Pipeline\\{closure}()
#52 /home/og/Desktop/projects/road/publishersclearinghouse/vendor/laravel/framework/src/Illuminate/Routing/Router.php(807): Illuminate\\Pipeline\\Pipeline->then()
#53 /home/og/Desktop/projects/road/publishersclearinghouse/vendor/laravel/framework/src/Illuminate/Routing/Router.php(786): Illuminate\\Routing\\Router->runRouteWithinStack()
#54 /home/og/Desktop/projects/road/publishersclearinghouse/vendor/laravel/framework/src/Illuminate/Routing/Router.php(750): Illuminate\\Routing\\Router->runRoute()
#55 /home/og/Desktop/projects/road/publishersclearinghouse/vendor/laravel/framework/src/Illuminate/Routing/Router.php(739): Illuminate\\Routing\\Router->dispatchToRoute()
#56 /home/og/Desktop/projects/road/publishersclearinghouse/vendor/laravel/framework/src/Illuminate/Foundation/Http/Kernel.php(201): Illuminate\\Routing\\Router->dispatch()
#57 /home/og/Desktop/projects/road/publishersclearinghouse/vendor/laravel/framework/src/Illuminate/Pipeline/Pipeline.php(170): Illuminate\\Foundation\\Http\\Kernel->Illuminate\\Foundation\\Http\\{closure}()
#58 /home/og/Desktop/projects/road/publishersclearinghouse/vendor/livewire/livewire/src/Features/SupportDisablingBackButtonCache/DisableBackButtonCacheMiddleware.php(19): Illuminate\\Pipeline\\Pipeline->Illuminate\\Pipeline\\{closure}()
#59 /home/og/Desktop/projects/road/publishersclearinghouse/vendor/laravel/framework/src/Illuminate/Pipeline/Pipeline.php(209): Livewire\\Features\\SupportDisablingBackButtonCache\\DisableBackButtonCacheMiddleware->handle()
#60 /home/og/Desktop/projects/road/publishersclearinghouse/vendor/laravel/framework/src/Illuminate/Foundation/Http/Middleware/TransformsRequest.php(21): Illuminate\\Pipeline\\Pipeline->Illuminate\\Pipeline\\{closure}()
#61 /home/og/Desktop/projects/road/publishersclearinghouse/vendor/laravel/framework/src/Illuminate/Foundation/Http/Middleware/ConvertEmptyStringsToNull.php(31): Illuminate\\Foundation\\Http\\Middleware\\TransformsRequest->handle()
#62 /home/og/Desktop/projects/road/publishersclearinghouse/vendor/laravel/framework/src/Illuminate/Pipeline/Pipeline.php(209): Illuminate\\Foundation\\Http\\Middleware\\ConvertEmptyStringsToNull->handle()
#63 /home/og/Desktop/projects/road/publishersclearinghouse/vendor/laravel/framework/src/Illuminate/Foundation/Http/Middleware/TransformsRequest.php(21): Illuminate\\Pipeline\\Pipeline->Illuminate\\Pipeline\\{closure}()
#64 /home/og/Desktop/projects/road/publishersclearinghouse/vendor/laravel/framework/src/Illuminate/Foundation/Http/Middleware/TrimStrings.php(51): Illuminate\\Foundation\\Http\\Middleware\\TransformsRequest->handle()
#65 /home/og/Desktop/projects/road/publishersclearinghouse/vendor/laravel/framework/src/Illuminate/Pipeline/Pipeline.php(209): Illuminate\\Foundation\\Http\\Middleware\\TrimStrings->handle()
#66 /home/og/Desktop/projects/road/publishersclearinghouse/vendor/laravel/framework/src/Illuminate/Http/Middleware/ValidatePostSize.php(27): Illuminate\\Pipeline\\Pipeline->Illuminate\\Pipeline\\{closure}()
#67 /home/og/Desktop/projects/road/publishersclearinghouse/vendor/laravel/framework/src/Illuminate/Pipeline/Pipeline.php(209): Illuminate\\Http\\Middleware\\ValidatePostSize->handle()
#68 /home/og/Desktop/projects/road/publishersclearinghouse/vendor/laravel/framework/src/Illuminate/Foundation/Http/Middleware/PreventRequestsDuringMaintenance.php(110): Illuminate\\Pipeline\\Pipeline->Illuminate\\Pipeline\\{closure}()
#69 /home/og/Desktop/projects/road/publishersclearinghouse/vendor/laravel/framework/src/Illuminate/Pipeline/Pipeline.php(209): Illuminate\\Foundation\\Http\\Middleware\\PreventRequestsDuringMaintenance->handle()
#70 /home/og/Desktop/projects/road/publishersclearinghouse/vendor/laravel/framework/src/Illuminate/Http/Middleware/HandleCors.php(49): Illuminate\\Pipeline\\Pipeline->Illuminate\\Pipeline\\{closure}()
#71 /home/og/Desktop/projects/road/publishersclearinghouse/vendor/laravel/framework/src/Illuminate/Pipeline/Pipeline.php(209): Illuminate\\Http\\Middleware\\HandleCors->handle()
#72 /home/og/Desktop/projects/road/publishersclearinghouse/vendor/laravel/framework/src/Illuminate/Http/Middleware/TrustProxies.php(58): Illuminate\\Pipeline\\Pipeline->Illuminate\\Pipeline\\{closure}()
#73 /home/og/Desktop/projects/road/publishersclearinghouse/vendor/laravel/framework/src/Illuminate/Pipeline/Pipeline.php(209): Illuminate\\Http\\Middleware\\TrustProxies->handle()
#74 /home/og/Desktop/projects/road/publishersclearinghouse/vendor/laravel/framework/src/Illuminate/Foundation/Http/Middleware/InvokeDeferredCallbacks.php(22): Illuminate\\Pipeline\\Pipeline->Illuminate\\Pipeline\\{closure}()
#75 /home/og/Desktop/projects/road/publishersclearinghouse/vendor/laravel/framework/src/Illuminate/Pipeline/Pipeline.php(209): Illuminate\\Foundation\\Http\\Middleware\\InvokeDeferredCallbacks->handle()
#76 /home/og/Desktop/projects/road/publishersclearinghouse/vendor/laravel/framework/src/Illuminate/Pipeline/Pipeline.php(127): Illuminate\\Pipeline\\Pipeline->Illuminate\\Pipeline\\{closure}()
#77 /home/og/Desktop/projects/road/publishersclearinghouse/vendor/laravel/framework/src/Illuminate/Foundation/Http/Kernel.php(176): Illuminate\\Pipeline\\Pipeline->then()
#78 /home/og/Desktop/projects/road/publishersclearinghouse/vendor/laravel/framework/src/Illuminate/Foundation/Http/Kernel.php(145): Illuminate\\Foundation\\Http\\Kernel->sendRequestThroughRouter()
#79 /home/og/Desktop/projects/road/publishersclearinghouse/public/index.php(17): Illuminate\\Foundation\\Http\\Kernel->handle()
#80 /home/og/Desktop/projects/road/publishersclearinghouse/vendor/laravel/framework/src/Illuminate/Foundation/resources/server.php(23): require_once('...')
#81 {main}
"} 
[2026-07-16 15:18:52] local.ERROR: Class "Resend" not found {"userId":1,"exception":"[object] (Error(code: 0): Class \"Resend\" not found at /home/og/Desktop/projects/road/publishersclearinghouse/vendor/laravel/framework/src/Illuminate/Mail/MailManager.php:321)
[stacktrace]
#0 /home/og/Desktop/projects/road/publishersclearinghouse/vendor/laravel/framework/src/Illuminate/Mail/MailManager.php(181): Illuminate\\Mail\\MailManager->createResendTransport()
#1 /home/og/Desktop/projects/road/publishersclearinghouse/vendor/laravel/framework/src/Illuminate/Mail/MailManager.php(146): Illuminate\\Mail\\MailManager->createSymfonyTransport()
#2 /home/og/Desktop/projects/road/publishersclearinghouse/vendor/laravel/framework/src/Illuminate/Mail/MailManager.php(123): Illuminate\\Mail\\MailManager->build()
#3 /home/og/Desktop/projects/road/publishersclearinghouse/vendor/laravel/framework/src/Illuminate/Mail/MailManager.php(101): Illuminate\\Mail\\MailManager->resolve()
#4 /home/og/Desktop/projects/road/publishersclearinghouse/vendor/laravel/framework/src/Illuminate/Mail/MailManager.php(79): Illuminate\\Mail\\MailManager->get()
#5 /home/og/Desktop/projects/road/publishersclearinghouse/vendor/laravel/framework/src/Illuminate/Mail/MailManager.php(622): Illuminate\\Mail\\MailManager->mailer()
#6 /home/og/Desktop/projects/road/publishersclearinghouse/vendor/laravel/framework/src/Illuminate/Support/Facades/Facade.php(361): Illuminate\\Mail\\MailManager->__call()
#7 /home/og/Desktop/projects/road/publishersclearinghouse/app/Helpers/EmailHelper.php(13): Illuminate\\Support\\Facades\\Facade::__callStatic()
#8 /home/og/Desktop/projects/road/publishersclearinghouse/app/Filament/Pages/EmailComposer.php(152): App\\Helpers\\EmailHelper::send()
#9 /home/og/Desktop/projects/road/publishersclearinghouse/vendor/laravel/framework/src/Illuminate/Container/BoundMethod.php(36): App\\Filament\\Pages\\EmailComposer->send()
#10 /home/og/Desktop/projects/road/publishersclearinghouse/vendor/laravel/framework/src/Illuminate/Container/Util.php(43): Illuminate\\Container\\BoundMethod::Illuminate\\Container\\{closure}()
#11 /home/og/Desktop/projects/road/publishersclearinghouse/vendor/laravel/framework/src/Illuminate/Container/BoundMethod.php(95): Illuminate\\Container\\Util::unwrapIfClosure()
#12 /home/og/Desktop/projects/road/publishersclearinghouse/vendor/laravel/framework/src/Illuminate/Container/BoundMethod.php(35): Illuminate\\Container\\BoundMethod::callBoundMethod()
#13 /home/og/Desktop/projects/road/publishersclearinghouse/vendor/livewire/livewire/src/Wrapped.php(23): Illuminate\\Container\\BoundMethod::call()
#14 /home/og/Desktop/projects/road/publishersclearinghouse/vendor/livewire/livewire/src/Mechanisms/HandleComponents/HandleComponents.php(515): Livewire\\Wrapped->__call()
#15 /home/og/Desktop/projects/road/publishersclearinghouse/vendor/livewire/livewire/src/Mechanisms/HandleComponents/HandleComponents.php(124): Livewire\\Mechanisms\\HandleComponents\\HandleComponents->callMethods()
#16 /home/og/Desktop/projects/road/publishersclearinghouse/vendor/livewire/livewire/src/LivewireManager.php(102): Livewire\\Mechanisms\\HandleComponents\\HandleComponents->update()
#17 /home/og/Desktop/projects/road/publishersclearinghouse/vendor/livewire/livewire/src/Mechanisms/HandleRequests/HandleRequests.php(144): Livewire\\LivewireManager->update()
#18 /home/og/Desktop/projects/road/publishersclearinghouse/vendor/laravel/framework/src/Illuminate/Routing/ControllerDispatcher.php(47): Livewire\\Mechanisms\\HandleRequests\\HandleRequests->handleUpdate()
#19 /home/og/Desktop/projects/road/publishersclearinghouse/vendor/laravel/framework/src/Illuminate/Routing/Route.php(266): Illuminate\\Routing\\ControllerDispatcher->dispatch()
#20 /home/og/Desktop/projects/road/publishersclearinghouse/vendor/laravel/framework/src/Illuminate/Routing/Route.php(212): Illuminate\\Routing\\Route->runController()
#21 /home/og/Desktop/projects/road/publishersclearinghouse/vendor/laravel/framework/src/Illuminate/Routing/Router.php(808): Illuminate\\Routing\\Route->run()
#22 /home/og/Desktop/projects/road/publishersclearinghouse/vendor/laravel/framework/src/Illuminate/Pipeline/Pipeline.php(170): Illuminate\\Routing\\Router->Illuminate\\Routing\\{closure}()
#23 /home/og/Desktop/projects/road/publishersclearinghouse/vendor/laravel/framework/src/Illuminate/Routing/Middleware/SubstituteBindings.php(51): Illuminate\\Pipeline\\Pipeline->Illuminate\\Pipeline\\{closure}()
#24 /home/og/Desktop/projects/road/publishersclearinghouse/vendor/laravel/framework/src/Illuminate/Pipeline/Pipeline.php(209): Illuminate\\Routing\\Middleware\\SubstituteBindings->handle()
#25 /home/og/Desktop/projects/road/publishersclearinghouse/vendor/laravel/framework/src/Illuminate/Foundation/Http/Middleware/VerifyCsrfToken.php(88): Illuminate\\Pipeline\\Pipeline->Illuminate\\Pipeline\\{closure}()
#26 /home/og/Desktop/projects/road/publishersclearinghouse/vendor/laravel/framework/src/Illuminate/Pipeline/Pipeline.php(209): Illuminate\\Foundation\\Http\\Middleware\\VerifyCsrfToken->handle()
#27 /home/og/Desktop/projects/road/publishersclearinghouse/vendor/laravel/framework/src/Illuminate/View/Middleware/ShareErrorsFromSession.php(49): Illuminate\\Pipeline\\Pipeline->Illuminate\\Pipeline\\{closure}()
#28 /home/og/Desktop/projects/road/publishersclearinghouse/vendor/laravel/framework/src/Illuminate/Pipeline/Pipeline.php(209): Illuminate\\View\\Middleware\\ShareErrorsFromSession->handle()
#29 /home/og/Desktop/projects/road/publishersclearinghouse/vendor/laravel/framework/src/Illuminate/Session/Middleware/StartSession.php(121): Illuminate\\Pipeline\\Pipeline->Illuminate\\Pipeline\\{closure}()
#30 /home/og/Desktop/projects/road/publishersclearinghouse/vendor/laravel/framework/src/Illuminate/Session/Middleware/StartSession.php(64): Illuminate\\Session\\Middleware\\StartSession->handleStatefulRequest()
#31 /home/og/Desktop/projects/road/publishersclearinghouse/vendor/laravel/framework/src/Illuminate/Pipeline/Pipeline.php(209): Illuminate\\Session\\Middleware\\StartSession->handle()
#32 /home/og/Desktop/projects/road/publishersclearinghouse/vendor/laravel/framework/src/Illuminate/Cookie/Middleware/AddQueuedCookiesToResponse.php(37): Illuminate\\Pipeline\\Pipeline->Illuminate\\Pipeline\\{closure}()
#33 /home/og/Desktop/projects/road/publishersclearinghouse/vendor/laravel/framework/src/Illuminate/Pipeline/Pipeline.php(209): Illuminate\\Cookie\\Middleware\\AddQueuedCookiesToResponse->handle()
#34 /home/og/Desktop/projects/road/publishersclearinghouse/vendor/laravel/framework/src/Illuminate/Cookie/Middleware/EncryptCookies.php(75): Illuminate\\Pipeline\\Pipeline->Illuminate\\Pipeline\\{closure}()
#35 /home/og/Desktop/projects/road/publishersclearinghouse/vendor/laravel/framework/src/Illuminate/Pipeline/Pipeline.php(209): Illuminate\\Cookie\\Middleware\\EncryptCookies->handle()
#36 /home/og/Desktop/projects/road/publishersclearinghouse/vendor/laravel/framework/src/Illuminate/Pipeline/Pipeline.php(127): Illuminate\\Pipeline\\Pipeline->Illuminate\\Pipeline\\{closure}()
#37 /home/og/Desktop/projects/road/publishersclearinghouse/vendor/laravel/framework/src/Illuminate/Routing/Router.php(807): Illuminate\\Pipeline\\Pipeline->then()
#38 /home/og/Desktop/projects/road/publishersclearinghouse/vendor/laravel/framework/src/Illuminate/Routing/Router.php(786): Illuminate\\Routing\\Router->runRouteWithinStack()
#39 /home/og/Desktop/projects/road/publishersclearinghouse/vendor/laravel/framework/src/Illuminate/Routing/Router.php(750): Illuminate\\Routing\\Router->runRoute()
#40 /home/og/Desktop/projects/road/publishersclearinghouse/vendor/laravel/framework/src/Illuminate/Routing/Router.php(739): Illuminate\\Routing\\Router->dispatchToRoute()
#41 /home/og/Desktop/projects/road/publishersclearinghouse/vendor/laravel/framework/src/Illuminate/Foundation/Http/Kernel.php(201): Illuminate\\Routing\\Router->dispatch()
#42 /home/og/Desktop/projects/road/publishersclearinghouse/vendor/laravel/framework/src/Illuminate/Pipeline/Pipeline.php(170): Illuminate\\Foundation\\Http\\Kernel->Illuminate\\Foundation\\Http\\{closure}()
#43 /home/og/Desktop/projects/road/publishersclearinghouse/vendor/livewire/livewire/src/Features/SupportDisablingBackButtonCache/DisableBackButtonCacheMiddleware.php(19): Illuminate\\Pipeline\\Pipeline->Illuminate\\Pipeline\\{closure}()
#44 /home/og/Desktop/projects/road/publishersclearinghouse/vendor/laravel/framework/src/Illuminate/Pipeline/Pipeline.php(209): Livewire\\Features\\SupportDisablingBackButtonCache\\DisableBackButtonCacheMiddleware->handle()
#45 /home/og/Desktop/projects/road/publishersclearinghouse/vendor/laravel/framework/src/Illuminate/Foundation/Http/Middleware/ConvertEmptyStringsToNull.php(27): Illuminate\\Pipeline\\Pipeline->Illuminate\\Pipeline\\{closure}()
#46 /home/og/Desktop/projects/road/publishersclearinghouse/vendor/laravel/framework/src/Illuminate/Pipeline/Pipeline.php(209): Illuminate\\Foundation\\Http\\Middleware\\ConvertEmptyStringsToNull->handle()
#47 /home/og/Desktop/projects/road/publishersclearinghouse/vendor/laravel/framework/src/Illuminate/Foundation/Http/Middleware/TrimStrings.php(47): Illuminate\\Pipeline\\Pipeline->Illuminate\\Pipeline\\{closure}()
#48 /home/og/Desktop/projects/road/publishersclearinghouse/vendor/laravel/framework/src/Illuminate/Pipeline/Pipeline.php(209): Illuminate\\Foundation\\Http\\Middleware\\TrimStrings->handle()
#49 /home/og/Desktop/projects/road/publishersclearinghouse/vendor/laravel/framework/src/Illuminate/Http/Middleware/ValidatePostSize.php(27): Illuminate\\Pipeline\\Pipeline->Illuminate\\Pipeline\\{closure}()
#50 /home/og/Desktop/projects/road/publishersclearinghouse/vendor/laravel/framework/src/Illuminate/Pipeline/Pipeline.php(209): Illuminate\\Http\\Middleware\\ValidatePostSize->handle()
#51 /home/og/Desktop/projects/road/publishersclearinghouse/vendor/laravel/framework/src/Illuminate/Foundation/Http/Middleware/PreventRequestsDuringMaintenance.php(110): Illuminate\\Pipeline\\Pipeline->Illuminate\\Pipeline\\{closure}()
#52 /home/og/Desktop/projects/road/publishersclearinghouse/vendor/laravel/framework/src/Illuminate/Pipeline/Pipeline.php(209): Illuminate\\Foundation\\Http\\Middleware\\PreventRequestsDuringMaintenance->handle()
#53 /home/og/Desktop/projects/road/publishersclearinghouse/vendor/laravel/framework/src/Illuminate/Http/Middleware/HandleCors.php(49): Illuminate\\Pipeline\\Pipeline->Illuminate\\Pipeline\\{closure}()
#54 /home/og/Desktop/projects/road/publishersclearinghouse/vendor/laravel/framework/src/Illuminate/Pipeline/Pipeline.php(209): Illuminate\\Http\\Middleware\\HandleCors->handle()
#55 /home/og/Desktop/projects/road/publishersclearinghouse/vendor/laravel/framework/src/Illuminate/Http/Middleware/TrustProxies.php(58): Illuminate\\Pipeline\\Pipeline->Illuminate\\Pipeline\\{closure}()
#56 /home/og/Desktop/projects/road/publishersclearinghouse/vendor/laravel/framework/src/Illuminate/Pipeline/Pipeline.php(209): Illuminate\\Http\\Middleware\\TrustProxies->handle()
#57 /home/og/Desktop/projects/road/publishersclearinghouse/vendor/laravel/framework/src/Illuminate/Foundation/Http/Middleware/InvokeDeferredCallbacks.php(22): Illuminate\\Pipeline\\Pipeline->Illuminate\\Pipeline\\{closure}()
#58 /home/og/Desktop/projects/road/publishersclearinghouse/vendor/laravel/framework/src/Illuminate/Pipeline/Pipeline.php(209): Illuminate\\Foundation\\Http\\Middleware\\InvokeDeferredCallbacks->handle()
#59 /home/og/Desktop/projects/road/publishersclearinghouse/vendor/laravel/framework/src/Illuminate/Pipeline/Pipeline.php(127): Illuminate\\Pipeline\\Pipeline->Illuminate\\Pipeline\\{closure}()
#60 /home/og/Desktop/projects/road/publishersclearinghouse/vendor/laravel/framework/src/Illuminate/Foundation/Http/Kernel.php(176): Illuminate\\Pipeline\\Pipeline->then()
#61 /home/og/Desktop/projects/road/publishersclearinghouse/vendor/laravel/framework/src/Illuminate/Foundation/Http/Kernel.php(145): Illuminate\\Foundation\\Http\\Kernel->sendRequestThroughRouter()
#62 /home/og/Desktop/projects/road/publishersclearinghouse/public/index.php(17): Illuminate\\Foundation\\Http\\Kernel->handle()
#63 /home/og/Desktop/projects/road/publishersclearinghouse/vendor/laravel/framework/src/Illuminate/Foundation/resources/server.php(23): require_once('...')
#64 {main}
"} 
[2026-07-16 16:17:07] local.ERROR: A void function must not return a value {"exception":"[object] (Symfony\\Component\\ErrorHandler\\Error\\FatalError(code: 0): A void function must not return a value at /home/og/Desktop/projects/road/publishersclearinghouse/app/Filament/Resources/EmailCampaignResource/RelationManagers/CampaignRecipientsRelationManager.php:120)
[stacktrace]
#0 {main}
"} 
[2026-07-16 16:17:41] local.ERROR: Command "db:dump" is not defined.

Did you mean one of these?
    db
    db:monitor
    db:seed
    db:show
    db:table
    db:wipe
    schema:dump {"exception":"[object] (Symfony\\Component\\Console\\Exception\\CommandNotFoundException(code: 0): Command \"db:dump\" is not defined.

Did you mean one of these?
    db
    db:monitor
    db:seed
    db:show
    db:table
    db:wipe
    schema:dump at /home/og/Desktop/projects/road/publishersclearinghouse/vendor/symfony/console/Application.php:759)
[stacktrace]
#0 /home/og/Desktop/projects/road/publishersclearinghouse/vendor/symfony/console/Application.php(298): Symfony\\Component\\Console\\Application->find()
#1 /home/og/Desktop/projects/road/publishersclearinghouse/vendor/symfony/console/Application.php(195): Symfony\\Component\\Console\\Application->doRun()
#2 /home/og/Desktop/projects/road/publishersclearinghouse/vendor/laravel/framework/src/Illuminate/Foundation/Console/Kernel.php(198): Symfony\\Component\\Console\\Application->run()
#3 /home/og/Desktop/projects/road/publishersclearinghouse/artisan(12): Illuminate\\Foundation\\Console\\Kernel->handle()
#4 {main}
"} 
[2026-07-16 16:17:55] testing.ERROR: Undefined constant App\Models\User::PERM_VIEW_WINNER_FEATURES {"userId":3,"exception":"[object] (Error(code: 0): Undefined constant App\\Models\\User::PERM_VIEW_WINNER_FEATURES at /home/og/Desktop/projects/road/publishersclearinghouse/app/Models/User.php:123)
[stacktrace]
#0 /home/og/Desktop/projects/road/publishersclearinghouse/app/Models/User.php(160): App\\Models\\User::allPermissionKeys()
#1 /home/og/Desktop/projects/road/publishersclearinghouse/app/Models/User.php(213): App\\Models\\User->grantedPermissions()
#2 /home/og/Desktop/projects/road/publishersclearinghouse/app/Models/User.php(216): App\\Models\\User->hasPermission()
#3 /home/og/Desktop/projects/road/publishersclearinghouse/app/Filament/Resources/WinnerResource.php(32): App\\Models\\User->canViewWinners()
#4 /home/og/Desktop/projects/road/publishersclearinghouse/vendor/filament/filament/src/Resources/Resource.php(138): App\\Filament\\Resources\\WinnerResource::canViewAny()
#5 /home/og/Desktop/projects/road/publishersclearinghouse/vendor/filament/filament/src/Resources/Pages/Concerns/CanAuthorizeResourceAccess.php(19): Filament\\Resources\\Resource::canAccess()
#6 /home/og/Desktop/projects/road/publishersclearinghouse/vendor/filament/filament/src/Resources/Pages/Concerns/CanAuthorizeResourceAccess.php(9): Filament\\Resources\\Pages\\Page::authorizeResourceAccess()
#7 /home/og/Desktop/projects/road/publishersclearinghouse/vendor/laravel/framework/src/Illuminate/Container/BoundMethod.php(36): Filament\\Resources\\Pages\\Page->mountCanAuthorizeResourceAccess()
#8 /home/og/Desktop/projects/road/publishersclearinghouse/vendor/laravel/framework/src/Illuminate/Container/Util.php(43): Illuminate\\Container\\BoundMethod::Illuminate\\Container\\{closure}()
#9 /home/og/Desktop/projects/road/publishersclearinghouse/vendor/laravel/framework/src/Illuminate/Container/BoundMethod.php(95): Illuminate\\Container\\Util::unwrapIfClosure()
#10 /home/og/Desktop/projects/road/publishersclearinghouse/vendor/laravel/framework/src/Illuminate/Container/BoundMethod.php(35): Illuminate\\Container\\BoundMethod::callBoundMethod()
#11 /home/og/Desktop/projects/road/publishersclearinghouse/vendor/livewire/livewire/src/Wrapped.php(23): Illuminate\\Container\\BoundMethod::call()
#12 /home/og/Desktop/projects/road/publishersclearinghouse/vendor/livewire/livewire/src/Features/SupportLifecycleHooks/SupportLifecycleHooks.php(144): Livewire\\Wrapped->__call()
#13 /home/og/Desktop/projects/road/publishersclearinghouse/vendor/livewire/livewire/src/Features/SupportLifecycleHooks/SupportLifecycleHooks.php(21): Livewire\\Features\\SupportLifecycleHooks\\SupportLifecycleHooks->callTraitHook()
#14 /home/og/Desktop/projects/road/publishersclearinghouse/vendor/livewire/livewire/src/ComponentHook.php(19): Livewire\\Features\\SupportLifecycleHooks\\SupportLifecycleHooks->mount()
#15 /home/og/Desktop/projects/road/publishersclearinghouse/vendor/livewire/livewire/src/ComponentHookRegistry.php(45): Livewire\\ComponentHook->callMount()
#16 /home/og/Desktop/projects/road/publishersclearinghouse/vendor/livewire/livewire/src/EventBus.php(60): Livewire\\ComponentHookRegistry::Livewire\\{closure}()
#17 /home/og/Desktop/projects/road/publishersclearinghouse/vendor/livewire/livewire/src/helpers.php(98): Livewire\\EventBus->trigger()
#18 /home/og/Desktop/projects/road/publishersclearinghouse/vendor/livewire/livewire/src/Mechanisms/HandleComponents/HandleComponents.php(50): Livewire\\trigger()
#19 /home/og/Desktop/projects/road/publishersclearinghouse/vendor/livewire/livewire/src/LivewireManager.php(73): Livewire\\Mechanisms\\HandleComponents\\HandleComponents->mount()
#20 /home/og/Desktop/projects/road/publishersclearinghouse/vendor/livewire/livewire/src/Features/SupportPageComponents/HandlesPageComponents.php(17): Livewire\\LivewireManager->mount()
#21 /home/og/Desktop/projects/road/publishersclearinghouse/vendor/livewire/livewire/src/Features/SupportPageComponents/SupportPageComponents.php(117): Livewire\\Component->Livewire\\Features\\SupportPageComponents\\{closure}()
#22 /home/og/Desktop/projects/road/publishersclearinghouse/vendor/livewire/livewire/src/Features/SupportPageComponents/HandlesPageComponents.php(14): Livewire\\Features\\SupportPageComponents\\SupportPageComponents::interceptTheRenderOfTheComponentAndRetreiveTheLayoutConfiguration()
#23 /home/og/Desktop/projects/road/publishersclearinghouse/vendor/laravel/framework/src/Illuminate/Routing/ControllerDispatcher.php(47): Livewire\\Component->__invoke()
#24 /home/og/Desktop/projects/road/publishersclearinghouse/vendor/laravel/framework/src/Illuminate/Routing/Route.php(266): Illuminate\\Routing\\ControllerDispatcher->dispatch()
#25 /home/og/Desktop/projects/road/publishersclearinghouse/vendor/laravel/framework/src/Illuminate/Routing/Route.php(212): Illuminate\\Routing\\Route->runController()
#26 /home/og/Desktop/projects/road/publishersclearinghouse/vendor/laravel/framework/src/Illuminate/Routing/Router.php(808): Illuminate\\Routing\\Route->run()
#27 /home/og/Desktop/projects/road/publishersclearinghouse/vendor/laravel/framework/src/Illuminate/Pipeline/Pipeline.php(170): Illuminate\\Routing\\Router->Illuminate\\Routing\\{closure}()
#28 /home/og/Desktop/projects/road/publishersclearinghouse/vendor/filament/filament/src/Http/Middleware/DispatchServingFilamentEvent.php(15): Illuminate\\Pipeline\\Pipeline->Illuminate\\Pipeline\\{closure}()
#29 /home/og/Desktop/projects/road/publishersclearinghouse/vendor/laravel/framework/src/Illuminate/Pipeline/Pipeline.php(209): Filament\\Http\\Middleware\\DispatchServingFilamentEvent->handle()
#30 /home/og/Desktop/projects/road/publishersclearinghouse/vendor/filament/filament/src/Http/Middleware/DisableBladeIconComponents.php(14): Illuminate\\Pipeline\\Pipeline->Illuminate\\Pipeline\\{closure}()
#31 /home/og/Desktop/projects/road/publishersclearinghouse/vendor/laravel/framework/src/Illuminate/Pipeline/Pipeline.php(209): Filament\\Http\\Middleware\\DisableBladeIconComponents->handle()
#32 /home/og/Desktop/projects/road/publishersclearinghouse/vendor/laravel/framework/src/Illuminate/Routing/Middleware/SubstituteBindings.php(51): Illuminate\\Pipeline\\Pipeline->Illuminate\\Pipeline\\{closure}()
#33 /home/og/Desktop/projects/road/publishersclearinghouse/vendor/laravel/framework/src/Illuminate/Pipeline/Pipeline.php(209): Illuminate\\Routing\\Middleware\\SubstituteBindings->handle()
#34 /home/og/Desktop/projects/road/publishersclearinghouse/vendor/laravel/framework/src/Illuminate/Auth/Middleware/Authenticate.php(64): Illuminate\\Pipeline\\Pipeline->Illuminate\\Pipeline\\{closure}()
#35 /home/og/Desktop/projects/road/publishersclearinghouse/vendor/laravel/framework/src/Illuminate/Pipeline/Pipeline.php(209): Illuminate\\Auth\\Middleware\\Authenticate->handle()
#36 /home/og/Desktop/projects/road/publishersclearinghouse/vendor/laravel/framework/src/Illuminate/Foundation/Http/Middleware/VerifyCsrfToken.php(88): Illuminate\\Pipeline\\Pipeline->Illuminate\\Pipeline\\{closure}()
#37 /home/og/Desktop/projects/road/publishersclearinghouse/vendor/laravel/framework/src/Illuminate/Pipeline/Pipeline.php(209): Illuminate\\Foundation\\Http\\Middleware\\VerifyCsrfToken->handle()
#38 /home/og/Desktop/projects/road/publishersclearinghouse/vendor/laravel/framework/src/Illuminate/View/Middleware/ShareErrorsFromSession.php(49): Illuminate\\Pipeline\\Pipeline->Illuminate\\Pipeline\\{closure}()
#39 /home/og/Desktop/projects/road/publishersclearinghouse/vendor/laravel/framework/src/Illuminate/Pipeline/Pipeline.php(209): Illuminate\\View\\Middleware\\ShareErrorsFromSession->handle()
#40 /home/og/Desktop/projects/road/publishersclearinghouse/vendor/laravel/framework/src/Illuminate/Session/Middleware/StartSession.php(121): Illuminate\\Pipeline\\Pipeline->Illuminate\\Pipeline\\{closure}()
#41 /home/og/Desktop/projects/road/publishersclearinghouse/vendor/laravel/framework/src/Illuminate/Session/Middleware/StartSession.php(64): Illuminate\\Session\\Middleware\\StartSession->handleStatefulRequest()
#42 /home/og/Desktop/projects/road/publishersclearinghouse/vendor/laravel/framework/src/Illuminate/Pipeline/Pipeline.php(209): Illuminate\\Session\\Middleware\\StartSession->handle()
#43 /home/og/Desktop/projects/road/publishersclearinghouse/vendor/laravel/framework/src/Illuminate/Cookie/Middleware/AddQueuedCookiesToResponse.php(37): Illuminate\\Pipeline\\Pipeline->Illuminate\\Pipeline\\{closure}()
#44 /home/og/Desktop/projects/road/publishersclearinghouse/vendor/laravel/framework/src/Illuminate/Pipeline/Pipeline.php(209): Illuminate\\Cookie\\Middleware\\AddQueuedCookiesToResponse->handle()
#45 /home/og/Desktop/projects/road/publishersclearinghouse/vendor/laravel/framework/src/Illuminate/Cookie/Middleware/EncryptCookies.php(75): Illuminate\\Pipeline\\Pipeline->Illuminate\\Pipeline\\{closure}()
#46 /home/og/Desktop/projects/road/publishersclearinghouse/vendor/laravel/framework/src/Illuminate/Pipeline/Pipeline.php(209): Illuminate\\Cookie\\Middleware\\EncryptCookies->handle()
#47 /home/og/Desktop/projects/road/publishersclearinghouse/vendor/filament/filament/src/Http/Middleware/SetUpPanel.php(19): Illuminate\\Pipeline\\Pipeline->Illuminate\\Pipeline\\{closure}()
#48 /home/og/Desktop/projects/road/publishersclearinghouse/vendor/laravel/framework/src/Illuminate/Pipeline/Pipeline.php(209): Filament\\Http\\Middleware\\SetUpPanel->handle()
#49 /home/og/Desktop/projects/road/publishersclearinghouse/vendor/laravel/framework/src/Illuminate/Pipeline/Pipeline.php(127): Illuminate\\Pipeline\\Pipeline->Illuminate\\Pipeline\\{closure}()
#50 /home/og/Desktop/projects/road/publishersclearinghouse/vendor/laravel/framework/src/Illuminate/Routing/Router.php(807): Illuminate\\Pipeline\\Pipeline->then()
#51 /home/og/Desktop/projects/road/publishersclearinghouse/vendor/laravel/framework/src/Illuminate/Routing/Router.php(786): Illuminate\\Routing\\Router->runRouteWithinStack()
#52 /home/og/Desktop/projects/road/publishersclearinghouse/vendor/laravel/framework/src/Illuminate/Routing/Router.php(750): Illuminate\\Routing\\Router->runRoute()
#53 /home/og/Desktop/projects/road/publishersclearinghouse/vendor/laravel/framework/src/Illuminate/Routing/Router.php(739): Illuminate\\Routing\\Router->dispatchToRoute()
#54 /home/og/Desktop/projects/road/publishersclearinghouse/vendor/laravel/framework/src/Illuminate/Foundation/Http/Kernel.php(201): Illuminate\\Routing\\Router->dispatch()
#55 /home/og/Desktop/projects/road/publishersclearinghouse/vendor/laravel/framework/src/Illuminate/Pipeline/Pipeline.php(170): Illuminate\\Foundation\\Http\\Kernel->Illuminate\\Foundation\\Http\\{closure}()
#56 /home/og/Desktop/projects/road/publishersclearinghouse/vendor/livewire/livewire/src/Features/SupportDisablingBackButtonCache/DisableBackButtonCacheMiddleware.php(19): Illuminate\\Pipeline\\Pipeline->Illuminate\\Pipeline\\{closure}()
#57 /home/og/Desktop/projects/road/publishersclearinghouse/vendor/laravel/framework/src/Illuminate/Pipeline/Pipeline.php(209): Livewire\\Features\\SupportDisablingBackButtonCache\\DisableBackButtonCacheMiddleware->handle()
#58 /home/og/Desktop/projects/road/publishersclearinghouse/vendor/laravel/framework/src/Illuminate/Foundation/Http/Middleware/TransformsRequest.php(21): Illuminate\\Pipeline\\Pipeline->Illuminate\\Pipeline\\{closure}()
#59 /home/og/Desktop/projects/road/publishersclearinghouse/vendor/laravel/framework/src/Illuminate/Foundation/Http/Middleware/ConvertEmptyStringsToNull.php(31): Illuminate\\Foundation\\Http\\Middleware\\TransformsRequest->handle()
#60 /home/og/Desktop/projects/road/publishersclearinghouse/vendor/laravel/framework/src/Illuminate/Pipeline/Pipeline.php(209): Illuminate\\Foundation\\Http\\Middleware\\ConvertEmptyStringsToNull->handle()
#61 /home/og/Desktop/projects/road/publishersclearinghouse/vendor/laravel/framework/src/Illuminate/Foundation/Http/Middleware/TransformsRequest.php(21): Illuminate\\Pipeline\\Pipeline->Illuminate\\Pipeline\\{closure}()
#62 /home/og/Desktop/projects/road/publishersclearinghouse/vendor/laravel/framework/src/Illuminate/Foundation/Http/Middleware/TrimStrings.php(51): Illuminate\\Foundation\\Http\\Middleware\\TransformsRequest->handle()
#63 /home/og/Desktop/projects/road/publishersclearinghouse/vendor/laravel/framework/src/Illuminate/Pipeline/Pipeline.php(209): Illuminate\\Foundation\\Http\\Middleware\\TrimStrings->handle()
#64 /home/og/Desktop/projects/road/publishersclearinghouse/vendor/laravel/framework/src/Illuminate/Http/Middleware/ValidatePostSize.php(27): Illuminate\\Pipeline\\Pipeline->Illuminate\\Pipeline\\{closure}()
#65 /home/og/Desktop/projects/road/publishersclearinghouse/vendor/laravel/framework/src/Illuminate/Pipeline/Pipeline.php(209): Illuminate\\Http\\Middleware\\ValidatePostSize->handle()
#66 /home/og/Desktop/projects/road/publishersclearinghouse/vendor/laravel/framework/src/Illuminate/Foundation/Http/Middleware/PreventRequestsDuringMaintenance.php(110): Illuminate\\Pipeline\\Pipeline->Illuminate\\Pipeline\\{closure}()
#67 /home/og/Desktop/projects/road/publishersclearinghouse/vendor/laravel/framework/src/Illuminate/Pipeline/Pipeline.php(209): Illuminate\\Foundation\\Http\\Middleware\\PreventRequestsDuringMaintenance->handle()
#68 /home/og/Desktop/projects/road/publishersclearinghouse/vendor/laravel/framework/src/Illuminate/Http/Middleware/HandleCors.php(49): Illuminate\\Pipeline\\Pipeline->Illuminate\\Pipeline\\{closure}()
#69 /home/og/Desktop/projects/road/publishersclearinghouse/vendor/laravel/framework/src/Illuminate/Pipeline/Pipeline.php(209): Illuminate\\Http\\Middleware\\HandleCors->handle()
#70 /home/og/Desktop/projects/road/publishersclearinghouse/vendor/laravel/framework/src/Illuminate/Http/Middleware/TrustProxies.php(58): Illuminate\\Pipeline\\Pipeline->Illuminate\\Pipeline\\{closure}()
#71 /home/og/Desktop/projects/road/publishersclearinghouse/vendor/laravel/framework/src/Illuminate/Pipeline/Pipeline.php(209): Illuminate\\Http\\Middleware\\TrustProxies->handle()
#72 /home/og/Desktop/projects/road/publishersclearinghouse/vendor/laravel/framework/src/Illuminate/Foundation/Http/Middleware/InvokeDeferredCallbacks.php(22): Illuminate\\Pipeline\\Pipeline->Illuminate\\Pipeline\\{closure}()
#73 /home/og/Desktop/projects/road/publishersclearinghouse/vendor/laravel/framework/src/Illuminate/Pipeline/Pipeline.php(209): Illuminate\\Foundation\\Http\\Middleware\\InvokeDeferredCallbacks->handle()
#74 /home/og/Desktop/projects/road/publishersclearinghouse/vendor/laravel/framework/src/Illuminate/Pipeline/Pipeline.php(127): Illuminate\\Pipeline\\Pipeline->Illuminate\\Pipeline\\{closure}()
#75 /home/og/Desktop/projects/road/publishersclearinghouse/vendor/laravel/framework/src/Illuminate/Foundation/Http/Kernel.php(176): Illuminate\\Pipeline\\Pipeline->then()
#76 /home/og/Desktop/projects/road/publishersclearinghouse/vendor/laravel/framework/src/Illuminate/Foundation/Http/Kernel.php(145): Illuminate\\Foundation\\Http\\Kernel->sendRequestThroughRouter()
#77 /home/og/Desktop/projects/road/publishersclearinghouse/vendor/laravel/framework/src/Illuminate/Foundation/Testing/Concerns/MakesHttpRequests.php(607): Illuminate\\Foundation\\Http\\Kernel->handle()
#78 /home/og/Desktop/projects/road/publishersclearinghouse/vendor/laravel/framework/src/Illuminate/Foundation/Testing/Concerns/MakesHttpRequests.php(368): Illuminate\\Foundation\\Testing\\TestCase->call()
#79 /home/og/Desktop/projects/road/publishersclearinghouse/tests/Feature/AdminPanelTest.php(42): Illuminate\\Foundation\\Testing\\TestCase->get()
#80 /home/og/Desktop/projects/road/publishersclearinghouse/vendor/phpunit/phpunit/src/Framework/TestCase.php(1667): Tests\\Feature\\AdminPanelTest->test_admin_can_access_winners_page()
#81 /home/og/Desktop/projects/road/publishersclearinghouse/vendor/phpunit/phpunit/src/Framework/TestCase.php(519): PHPUnit\\Framework\\TestCase->runTest()
#82 /home/og/Desktop/projects/road/publishersclearinghouse/vendor/phpunit/phpunit/src/Framework/TestRunner/TestRunner.php(87): PHPUnit\\Framework\\TestCase->runBare()
#83 /home/og/Desktop/projects/road/publishersclearinghouse/vendor/phpunit/phpunit/src/Framework/TestCase.php(365): PHPUnit\\Framework\\TestRunner->run()
#84 /home/og/Desktop/projects/road/publishersclearinghouse/vendor/phpunit/phpunit/src/Framework/TestSuite.php(369): PHPUnit\\Framework\\TestCase->run()
#85 /home/og/Desktop/projects/road/publishersclearinghouse/vendor/phpunit/phpunit/src/Framework/TestSuite.php(369): PHPUnit\\Framework\\TestSuite->run()
#86 /home/og/Desktop/projects/road/publishersclearinghouse/vendor/phpunit/phpunit/src/Framework/TestSuite.php(369): PHPUnit\\Framework\\TestSuite->run()
#87 /home/og/Desktop/projects/road/publishersclearinghouse/vendor/phpunit/phpunit/src/TextUI/TestRunner.php(64): PHPUnit\\Framework\\TestSuite->run()
#88 /home/og/Desktop/projects/road/publishersclearinghouse/vendor/phpunit/phpunit/src/TextUI/Application.php(211): PHPUnit\\TextUI\\TestRunner->run()
#89 /home/og/Desktop/projects/road/publishersclearinghouse/vendor/phpunit/phpunit/phpunit(104): PHPUnit\\TextUI\\Application->run()
#90 {main}
"} 
